,date,variant,ticker,previous_weight,target_weight,delta_weight,requested_delta_weight,execution_fill_fraction,execution_model,price,reason
0,2026-01-30,A0_LEGACY,000880,0.0,0.3207474201377242,0.3207474201377242,0.3207474201377242,1.0,STABILIZED_POSTERIOR_MEAN,113370.40625,ENTRY
1,2026-01-30,A0_LEGACY,078930,0.0,0.2017454272804404,0.2017454272804404,0.2017454272804404,1.0,STABILIZED_POSTERIOR_MEAN,65888.265625,ENTRY
2,2026-01-30,A0_LEGACY,161390,0.0,0.15014857638957402,0.15014857638957402,0.15014857638957402,1.0,STABILIZED_POSTERIOR_MEAN,61857.757813,ENTRY
3,2026-01-30,X_CAP15_ONLY,086280,0.0,0.15,0.15,0.15,1.0,STABILIZED_POSTERIOR_MEAN,235936.9375,ENTRY
4,2026-01-30,X_CAP15_ONLY,161390,0.0,0.15,0.15,0.15,1.0,STABILIZED_POSTERIOR_MEAN,61857.757813,ENTRY
5,2026-01-30,A_CURRENT,000880,0.0,0.15,0.15,0.15,1.0,STABILIZED_POSTERIOR_MEAN,113370.40625,ENTRY
6,2026-01-30,A_CURRENT,012330,0.0,0.15,0.15,0.15,1.0,STABILIZED_POSTERIOR_MEAN,443779.0625,ENTRY
7,2026-01-30,A_CURRENT,078930,0.0,0.15,0.15,0.15,1.0,STABILIZED_POSTERIOR_MEAN,65888.265625,ENTRY
8,2026-01-30,X_COOLDOWN5,000880,0.0,0.15,0.15,0.15,1.0,STABILIZED_POSTERIOR_MEAN,113370.40625,ENTRY
9,2026-01-30,X_COOLDOWN5,012330,0.0,0.15,0.15,0.15,1.0,STABILIZED_POSTERIOR_MEAN,443779.0625,ENTRY
10,2026-01-30,X_COOLDOWN5,078930,0.0,0.15,0.15,0.15,1.0,STABILIZED_POSTERIOR_MEAN,65888.265625,ENTRY
11,2026-01-30,X_COOLDOWN5,086280,0.0,0.15,0.15,0.15,1.0,STABILIZED_POSTERIOR_MEAN,235936.9375,ENTRY
12,2026-01-30,X_COOLDOWN5,161390,0.0,0.15,0.15,0.15,1.0,STABILIZED_POSTERIOR_MEAN,61857.757813,ENTRY
13,2026-01-30,R_EXIT_RECOVERY,012330,0.0,0.15,0.15,0.15,1.0,STABILIZED_POSTERIOR_MEAN,443779.0625,ENTRY
14,2026-01-30,R_EXIT_RECOVERY,086280,0.0,0.15,0.15,0.15,1.0,STABILIZED_POSTERIOR_MEAN,235936.9375,ENTRY
15,2026-01-30,R_EXIT_RECOVERY,161390,0.0,0.15,0.15,0.15,1.0,STABILIZED_POSTERIOR_MEAN,61857.757813,ENTRY
16,2026-01-30,R_TREND_REARM,000880,0.0,0.15,0.15,0.15,1.0,STABILIZED_POSTERIOR_MEAN,113370.40625,ENTRY
17,2026-01-30,R_TREND_REARM,012330,0.0,0.15,0.15,0.15,1.0,STABILIZED_POSTERIOR_MEAN,443779.0625,ENTRY
18,2026-01-30,R_TREND_REARM,086280,0.0,0.15,0.15,0.15,1.0,STABILIZED_POSTERIOR_MEAN,235936.9375,ENTRY
19,2026-01-30,B_EQUAL,000880,0.0,0.15,0.15,0.15,1.0,STABILIZED_POSTERIOR_MEAN,113370.40625,ENTRY
20,2026-01-30,B_EQUAL,012330,0.0,0.15,0.15,0.15,1.0,STABILIZED_POSTERIOR_MEAN,443779.0625,ENTRY
21,2026-01-30,B_EQUAL,086280,0.0,0.15,0.15,0.15,1.0,STABILIZED_POSTERIOR_MEAN,235936.9375,ENTRY
22,2026-01-30,C_CAP10,012330,0.0,0.1,0.1,0.1,1.0,STABILIZED_POSTERIOR_MEAN,443779.0625,ENTRY
23,2026-01-30,C_CAP10,161390,0.0,0.1,0.1,0.1,1.0,STABILIZED_POSTERIOR_MEAN,61857.757813,ENTRY
24,2026-01-30,C_CAP08,078930,0.0,0.08,0.08,0.08,1.0,STABILIZED_POSTERIOR_MEAN,65888.265625,ENTRY
25,2026-01-30,C_CAP08,086280,0.0,0.08,0.08,0.08,1.0,STABILIZED_POSTERIOR_MEAN,235936.9375,ENTRY
26,2026-01-30,D_BAND20,012330,0.0,0.15,0.15,0.15,1.0,STABILIZED_POSTERIOR_MEAN,443779.0625,ENTRY
27,2026-01-30,D_BAND20,078930,0.0,0.15,0.15,0.15,1.0,STABILIZED_POSTERIOR_MEAN,65888.265625,ENTRY
28,2026-01-30,D_BAND20,086280,0.0,0.15,0.15,0.15,1.0,STABILIZED_POSTERIOR_MEAN,235936.9375,ENTRY
29,2026-01-30,D_BAND20,161390,0.0,0.15,0.15,0.15,1.0,STABILIZED_POSTERIOR_MEAN,61857.757813,ENTRY
30,2026-01-30,E_VOL_RISK,012330,0.0,0.1,0.1,0.1,1.0,STABILIZED_POSTERIOR_MEAN,443779.0625,ENTRY
31,2026-01-30,E_VOL_RISK,161390,0.0,0.1,0.1,0.1,1.0,STABILIZED_POSTERIOR_MEAN,61857.757813,ENTRY
32,2026-02-02,A0_LEGACY,000880,0.3140306367772979,0.23242227712579783,-0.0816083596515001,-0.0816083596515001,1.0,STABILIZED_POSTERIOR_MEAN,107330.585938,REBALANCE
33,2026-02-02,A0_LEGACY,012330,0.0,0.09713643538535446,0.09713643538535446,0.09713643538535446,1.0,STABILIZED_POSTERIOR_MEAN,430930.21875,ENTRY
34,2026-02-02,A0_LEGACY,078930,0.19557704241696394,0.1461902065747032,-0.04938683584226075,-0.04938683584226075,1.0,STABILIZED_POSTERIOR_MEAN,61764.253906,REBALANCE
35,2026-02-02,A0_LEGACY,086280,0.0,0.06761375334568662,0.06761375334568662,0.06761375334568662,1.0,STABILIZED_POSTERIOR_MEAN,239836.71875,ENTRY
36,2026-02-02,A0_LEGACY,161390,0.15185326884779957,0.10880172946263125,-0.043051539385168314,-0.043051539385168314,1.0,STABILIZED_POSTERIOR_MEAN,60493.964844,REBALANCE
37,2026-02-02,A0_LEGACY,278470,0.0,0.2478355981058267,0.2478355981058267,0.2478355981058267,1.0,STABILIZED_POSTERIOR_MEAN,272743.125,ENTRY
38,2026-02-02,X_CAP15_ONLY,000880,0.0,0.15,0.15,0.15,1.0,STABILIZED_POSTERIOR_MEAN,107330.585938,ENTRY
39,2026-02-02,A_CURRENT,161390,0.0,0.15,0.15,0.15,1.0,STABILIZED_POSTERIOR_MEAN,60493.964844,ENTRY
40,2026-02-02,A_CURRENT,278470,0.0,0.15,0.15,0.15,1.0,STABILIZED_POSTERIOR_MEAN,272743.125,ENTRY
41,2026-02-02,X_COOLDOWN5,278470,0.0,0.15,0.15,0.15,1.0,STABILIZED_POSTERIOR_MEAN,272743.125,ENTRY
42,2026-02-02,R_EXIT_RECOVERY,000880,0.0,0.15,0.15,0.15,1.0,STABILIZED_POSTERIOR_MEAN,107330.585938,ENTRY
43,2026-02-02,R_TREND_REARM,078930,0.0,0.15,0.15,0.15,1.0,STABILIZED_POSTERIOR_MEAN,61764.253906,ENTRY
44,2026-02-02,R_TREND_REARM,278470,0.0,0.15,0.15,0.15,1.0,STABILIZED_POSTERIOR_MEAN,272743.125,ENTRY
45,2026-02-02,B_EQUAL,078930,0.0,0.15,0.15,0.15,1.0,STABILIZED_POSTERIOR_MEAN,61764.253906,ENTRY
46,2026-02-02,B_EQUAL,278470,0.0,0.15,0.15,0.15,1.0,STABILIZED_POSTERIOR_MEAN,272743.125,ENTRY
47,2026-02-02,C_CAP10,000880,0.0,0.1,0.1,0.1,1.0,STABILIZED_POSTERIOR_MEAN,107330.585938,ENTRY
48,2026-02-02,C_CAP10,086280,0.0,0.1,0.1,0.1,1.0,STABILIZED_POSTERIOR_MEAN,239836.71875,ENTRY
49,2026-02-02,C_CAP10,278470,0.0,0.1,0.1,0.1,1.0,STABILIZED_POSTERIOR_MEAN,272743.125,ENTRY
50,2026-02-02,C_CAP08,012330,0.0,0.08,0.08,0.08,1.0,STABILIZED_POSTERIOR_MEAN,430930.21875,ENTRY
51,2026-02-02,C_CAP08,161390,0.0,0.08,0.08,0.08,1.0,STABILIZED_POSTERIOR_MEAN,60493.964844,ENTRY
52,2026-02-02,D_BAND20,000880,0.0,0.15,0.15,0.15,1.0,STABILIZED_POSTERIOR_MEAN,107330.585938,ENTRY
53,2026-02-02,D_BAND20,278470,0.0,0.15,0.15,0.15,1.0,STABILIZED_POSTERIOR_MEAN,272743.125,ENTRY
54,2026-02-02,E_VOL_RISK,000880,0.0,0.1,0.1,0.1,1.0,STABILIZED_POSTERIOR_MEAN,107330.585938,ENTRY
55,2026-02-02,E_VOL_RISK,078930,0.0,0.1,0.1,0.1,1.0,STABILIZED_POSTERIOR_MEAN,61764.253906,ENTRY
56,2026-02-02,E_VOL_RISK,278470,0.0,0.1,0.1,0.1,1.0,STABILIZED_POSTERIOR_MEAN,272743.125,ENTRY
57,2026-02-03,A0_LEGACY,000880,0.24427039678106802,0.21983458109745543,-0.024435815683612583,-0.024435815683612583,1.0,STABILIZED_POSTERIOR_MEAN,116340.804688,REBALANCE
58,2026-02-03,A0_LEGACY,011200,0.0,0.048742859615717476,0.048742859615717476,0.048742859615717476,1.0,STABILIZED_POSTERIOR_MEAN,19500.0,ENTRY
59,2026-02-03,X_CAP15_ONLY,012330,0.0,0.1347345290697213,0.1347345290697213,0.1347345290697213,1.0,STABILIZED_POSTERIOR_MEAN,439331.40625,ENTRY
60,2026-02-03,X_CAP15_ONLY,078930,0.0,0.15,0.15,0.15,1.0,STABILIZED_POSTERIOR_MEAN,65312.824219,ENTRY
61,2026-02-03,X_CAP15_ONLY,086280,0.15232283815018186,0.09378465639105496,-0.058538181759126895,-0.058538181759126895,1.0,STABILIZED_POSTERIOR_MEAN,243736.5,REBALANCE
62,2026-02-03,A_CURRENT,011200,0.0,0.07148081453922366,0.07148081453922366,0.07148081453922366,1.0,STABILIZED_POSTERIOR_MEAN,19500.0,ENTRY
63,2026-02-03,A_CURRENT,086280,0.0,0.09378465639105496,0.09378465639105496,0.09378465639105496,1.0,STABILIZED_POSTERIOR_MEAN,243736.5,ENTRY
64,2026-02-03,X_COOLDOWN5,086280,0.1542231847090076,0.09378465639105496,-0.06043852831795263,-0.06043852831795263,1.0,STABILIZED_POSTERIOR_MEAN,243736.5,REBALANCE
65,2026-02-03,R_EXIT_RECOVERY,078930,0.0,0.15,0.15,0.15,1.0,STABILIZED_POSTERIOR_MEAN,65312.824219,ENTRY
66,2026-02-03,R_EXIT_RECOVERY,086280,0.15255648156448637,0.09378465639105496,-0.05877182517343141,-0.05877182517343141,1.0,STABILIZED_POSTERIOR_MEAN,243736.5,REBALANCE
67,2026-02-03,R_EXIT_RECOVERY,278470,0.0,0.15,0.15,0.15,1.0,STABILIZED_POSTERIOR_MEAN,270752.28125,ENTRY
68,2026-02-03,R_TREND_REARM,086280,0.15269355031326579,0.09378465639105496,-0.058908893922210825,-0.058908893922210825,1.0,STABILIZED_POSTERIOR_MEAN,243736.5,REBALANCE
69,2026-02-03,B_EQUAL,000880,0.15168003526955104,0.12857142857142856,-0.02310860669812248,-0.02310860669812248,1.0,STABILIZED_POSTERIOR_MEAN,116340.804688,REBALANCE
70,2026-02-03,B_EQUAL,011200,0.0,0.12857142857142856,0.12857142857142856,0.12857142857142856,1.0,STABILIZED_POSTERIOR_MEAN,19500.0,ENTRY
71,2026-02-03,B_EQUAL,012330,0.1463260006510188,0.12857142857142856,-0.017754572079590247,-0.017754572079590247,1.0,STABILIZED_POSTERIOR_MEAN,439331.40625,REBALANCE
72,2026-02-03,B_EQUAL,078930,0.1547590875169995,0.12857142857142856,-0.02618765894557093,-0.02618765894557093,1.0,STABILIZED_POSTERIOR_MEAN,65312.824219,REBALANCE
73,2026-02-03,B_EQUAL,086280,0.15269355031326579,0.12857142857142856,-0.024122121741837227,-0.024122121741837227,1.0,STABILIZED_POSTERIOR_MEAN,243736.5,REBALANCE
74,2026-02-03,B_EQUAL,161390,0.0,0.12857142857142856,0.12857142857142856,0.12857142857142856,1.0,STABILIZED_POSTERIOR_MEAN,61760.34375,ENTRY
75,2026-02-03,B_EQUAL,278470,0.14528246793422936,0.12857142857142856,-0.0167110393628008,-0.0167110393628008,1.0,STABILIZED_POSTERIOR_MEAN,270752.28125,REBALANCE
76,2026-02-03,C_CAP10,078930,0.0,0.1,0.1,0.1,1.0,STABILIZED_POSTERIOR_MEAN,65312.824219,ENTRY
77,2026-02-03,C_CAP08,000880,0.0,0.08,0.08,0.08,1.0,STABILIZED_POSTERIOR_MEAN,116340.804688,ENTRY
78,2026-02-03,C_CAP08,011200,0.0,0.08,0.08,0.08,1.0,STABILIZED_POSTERIOR_MEAN,19500.0,ENTRY
79,2026-02-03,C_CAP08,278470,0.0,0.08,0.08,0.08,1.0,STABILIZED_POSTERIOR_MEAN,270752.28125,ENTRY
80,2026-02-03,D_BAND20,086280,0.15293397696435587,0.09378465639105496,-0.05914932057330091,-0.05914932057330091,1.0,STABILIZED_POSTERIOR_MEAN,243736.5,REBALANCE
81,2026-02-04,A0_LEGACY,078930,0.15238758998334903,0.13827273022329928,-0.014114859760049753,-0.014114859760049753,1.0,STABILIZED_POSTERIOR_MEAN,67230.96875,REBALANCE
82,2026-02-04,X_CAP15_ONLY,011200,0.0,0.07148081453922366,0.07148081453922366,0.07148081453922366,1.0,STABILIZED_POSTERIOR_MEAN,19888.060547,ENTRY
83,2026-02-04,X_COOLDOWN5,011200,0.0,0.07148081453922366,0.07148081453922366,0.07148081453922366,1.0,STABILIZED_POSTERIOR_MEAN,19888.060547,ENTRY
84,2026-02-04,R_TREND_REARM,011200,0.0,0.07148081453922366,0.07148081453922366,0.07148081453922366,1.0,STABILIZED_POSTERIOR_MEAN,19888.060547,ENTRY
85,2026-02-04,R_TREND_REARM,161390,0.0,0.15,0.15,0.15,1.0,STABILIZED_POSTERIOR_MEAN,63416.378906,ENTRY
86,2026-02-04,C_CAP10,000880,0.1109051990919205,0.1,-0.01090519909192049,-0.01090519909192049,1.0,STABILIZED_POSTERIOR_MEAN,121687.53125,REBALANCE
87,2026-02-04,C_CAP10,011200,0.0,0.1,0.1,0.1,1.0,STABILIZED_POSTERIOR_MEAN,19888.060547,ENTRY
88,2026-02-04,D_BAND20,011200,0.0,0.07148081453922366,0.07148081453922366,0.07148081453922366,1.0,STABILIZED_POSTERIOR_MEAN,19888.060547,ENTRY
89,2026-02-04,E_VOL_RISK,011200,0.0,0.1,0.1,0.1,1.0,STABILIZED_POSTERIOR_MEAN,19888.060547,ENTRY
90,2026-02-05,E_VOL_RISK,086280,0.0,0.1,0.1,0.1,1.0,STABILIZED_POSTERIOR_MEAN,234961.984375,ENTRY
91,2026-02-06,A0_LEGACY,161390,0.11679958542152627,0.10290916565691535,-0.013890419764610917,-0.013890419764610917,1.0,STABILIZED_POSTERIOR_MEAN,65462.066406,REBALANCE
92,2026-02-06,R_EXIT_RECOVERY,011200,0.0,0.07148081453922366,0.07148081453922366,0.07148081453922366,1.0,STABILIZED_POSTERIOR_MEAN,19500.0,ENTRY
93,2026-02-06,E_VOL_RISK,000880,0.1038119057353944,0.0,-0.1038119057353944,-0.1038119057353944,1.0,STABILIZED_POSTERIOR_MEAN,112083.226563,TRAILING_STOP
94,2026-02-09,X_CAP15_ONLY,278470,0.0,0.15,0.15,0.15,1.0,STABILIZED_POSTERIOR_MEAN,264779.8125,ENTRY
95,2026-02-09,C_CAP08,161390,0.08842615564316503,0.08,-0.008426155643165026,-0.008426155643165026,1.0,STABILIZED_POSTERIOR_MEAN,67994.828125,REBALANCE
96,2026-02-10,X_CAP15_ONLY,161390,0.16659401975673407,0.15,-0.01659401975673408,-0.01659401975673408,1.0,STABILIZED_POSTERIOR_MEAN,71793.960938,REBALANCE
97,2026-02-10,A_CURRENT,161390,0.16932286366173196,0.15,-0.01932286366173197,-0.01932286366173197,1.0,STABILIZED_POSTERIOR_MEAN,71793.960938,REBALANCE
98,2026-02-10,R_EXIT_RECOVERY,161390,0.16722441905917004,0.15,-0.01722441905917005,-0.01722441905917005,1.0,STABILIZED_POSTERIOR_MEAN,71793.960938,REBALANCE
99,2026-02-10,B_EQUAL,161390,0.14590344013772444,0.12857142857142856,-0.01733201156629588,-0.01733201156629588,1.0,STABILIZED_POSTERIOR_MEAN,71793.960938,REBALANCE
100,2026-02-10,C_CAP10,161390,0.11316967797488038,0.1,-0.013169677974880376,-0.013169677974880376,1.0,STABILIZED_POSTERIOR_MEAN,71793.960938,REBALANCE
101,2026-02-10,E_VOL_RISK,278470,0.09697652988057015,0.0,-0.09697652988057015,-0.09697652988057015,1.0,STABILIZED_POSTERIOR_MEAN,274236.21875,REBALANCE
102,2026-02-11,X_COOLDOWN5,161390,0.1656734951707473,0.15,-0.015673495170747315,-0.015673495170747315,1.0,STABILIZED_POSTERIOR_MEAN,70819.828125,REBALANCE
103,2026-02-19,A0_LEGACY,011200,0.05229758945744282,0.04408141700286021,-0.008216172454582608,-0.008216172454582608,1.0,STABILIZED_POSTERIOR_MEAN,22022.388672,REBALANCE
104,2026-02-19,A0_LEGACY,086280,0.06645912575897257,0.057835946239469825,-0.008623179519502748,-0.008623179519502748,1.0,STABILIZED_POSTERIOR_MEAN,255923.328125,REBALANCE
105,2026-02-19,A0_LEGACY,096770,0.0,0.08607000870787523,0.08607000870787523,0.08607000870787523,1.0,STABILIZED_POSTERIOR_MEAN,118600.0,ENTRY
106,2026-02-19,A0_LEGACY,161390,0.10565039701154601,0.09306761811890327,-0.01258277889264274,-0.01258277889264274,1.0,STABILIZED_POSTERIOR_MEAN,72378.445313,REBALANCE
107,2026-02-19,A0_LEGACY,278470,0.23787270860436158,0.21199542428877535,-0.025877284315586224,-0.025877284315586224,1.0,STABILIZED_POSTERIOR_MEAN,284190.375,REBALANCE
108,2026-02-19,X_CAP15_ONLY,011200,0.0758188780022394,0.054474667397498754,-0.021344210604740642,-0.021344210604740642,1.0,STABILIZED_POSTERIOR_MEAN,22022.388672,REBALANCE
109,2026-02-19,X_CAP15_ONLY,012330,0.1257270246922184,0.10267956101709261,-0.02304746367512578,-0.02304746367512578,1.0,STABILIZED_POSTERIOR_MEAN,435377.90625,REBALANCE
110,2026-02-19,X_CAP15_ONLY,086280,0.092724967429311,0.07147215650554772,-0.02125281092376327,-0.02125281092376327,1.0,STABILIZED_POSTERIOR_MEAN,255923.328125,REBALANCE
111,2026-02-19,X_CAP15_ONLY,161390,0.14627257674210678,0.11501053929767571,-0.03126203744443107,-0.03126203744443107,1.0,STABILIZED_POSTERIOR_MEAN,72378.445313,REBALANCE
112,2026-02-19,A_CURRENT,011200,0.07619856500284308,0.054474667397498754,-0.02172389760534433,-0.02172389760534433,1.0,STABILIZED_POSTERIOR_MEAN,22022.388672,REBALANCE
113,2026-02-19,A_CURRENT,012330,0.13847344932734135,0.10267956101709261,-0.03579388831024874,-0.03579388831024874,1.0,STABILIZED_POSTERIOR_MEAN,435377.90625,REBALANCE
114,2026-02-19,A_CURRENT,086280,0.09294982661671763,0.07147215650554772,-0.02147767011116991,-0.02147767011116991,1.0,STABILIZED_POSTERIOR_MEAN,255923.328125,REBALANCE
115,2026-02-19,A_CURRENT,161390,0.14635301519370886,0.11501053929767571,-0.031342475896033145,-0.031342475896033145,1.0,STABILIZED_POSTERIOR_MEAN,72378.445313,REBALANCE
116,2026-02-19,X_COOLDOWN5,011200,0.07579615395937825,0.054474667397498754,-0.021321486561879495,-0.021321486561879495,1.0,STABILIZED_POSTERIOR_MEAN,22022.388672,REBALANCE
117,2026-02-19,X_COOLDOWN5,012330,0.1384760207127782,0.10267956101709261,-0.035796459695685595,-0.035796459695685595,1.0,STABILIZED_POSTERIOR_MEAN,435377.90625,REBALANCE
118,2026-02-19,X_COOLDOWN5,086280,0.0931045827956816,0.07147215650554772,-0.02163242629013387,-0.02163242629013387,1.0,STABILIZED_POSTERIOR_MEAN,255923.328125,REBALANCE
119,2026-02-19,X_COOLDOWN5,096770,0.0,0.10636307578218514,0.10636307578218514,0.10636307578218514,1.0,STABILIZED_POSTERIOR_MEAN,118600.0,ENTRY
120,2026-02-19,R_EXIT_RECOVERY,011200,0.0749146245171943,0.054474667397498754,-0.020439957119695547,-0.020439957119695547,1.0,STABILIZED_POSTERIOR_MEAN,22022.388672,REBALANCE
121,2026-02-19,R_EXIT_RECOVERY,012330,0.13674736925808154,0.10267956101709261,-0.03406780824098893,-0.03406780824098893,1.0,STABILIZED_POSTERIOR_MEAN,435377.90625,REBALANCE
122,2026-02-19,R_EXIT_RECOVERY,086280,0.09294680518695482,0.07147215650554772,-0.021474648681407096,-0.021474648681407096,1.0,STABILIZED_POSTERIOR_MEAN,255923.328125,REBALANCE
123,2026-02-19,R_EXIT_RECOVERY,161390,0.14629384063640025,0.11501053929767571,-0.031283301338724534,-0.031283301338724534,1.0,STABILIZED_POSTERIOR_MEAN,72378.445313,REBALANCE
124,2026-02-19,R_TREND_REARM,011200,0.07574831958056064,0.054474667397498754,-0.021273652183061882,-0.021273652183061882,1.0,STABILIZED_POSTERIOR_MEAN,22022.388672,REBALANCE
125,2026-02-19,R_TREND_REARM,012330,0.1375447645987384,0.10267956101709261,-0.0348652035816458,-0.0348652035816458,1.0,STABILIZED_POSTERIOR_MEAN,435377.90625,REBALANCE
126,2026-02-19,R_TREND_REARM,086280,0.09340487028810715,0.07147215650554772,-0.021932713782559426,-0.021932713782559426,1.0,STABILIZED_POSTERIOR_MEAN,255923.328125,REBALANCE
127,2026-02-19,R_TREND_REARM,161390,0.16383647278873048,0.11501053929767571,-0.04882593349105477,-0.04882593349105477,1.0,STABILIZED_POSTERIOR_MEAN,72378.445313,REBALANCE
128,2026-02-19,B_EQUAL,011200,0.1366754568224402,0.1125,-0.024175456822440197,-0.024175456822440197,1.0,STABILIZED_POSTERIOR_MEAN,22022.388672,REBALANCE
129,2026-02-19,B_EQUAL,078930,0.13008424363558793,0.1125,-0.01758424363558793,-0.01758424363558793,1.0,STABILIZED_POSTERIOR_MEAN,70204.09375,REBALANCE
130,2026-02-19,B_EQUAL,086280,0.12707204719205767,0.1125,-0.014572047192057666,-0.014572047192057666,1.0,STABILIZED_POSTERIOR_MEAN,255923.328125,REBALANCE
131,2026-02-19,B_EQUAL,161390,0.1249796216263894,0.1125,-0.012479621626389395,-0.012479621626389395,1.0,STABILIZED_POSTERIOR_MEAN,72378.445313,REBALANCE
132,2026-02-19,B_EQUAL,278470,0.12702756199924758,0.1125,-0.014527561999247582,-0.014527561999247582,1.0,STABILIZED_POSTERIOR_MEAN,284190.375,REBALANCE
133,2026-02-19,C_CAP10,096770,0.0,0.1,0.1,0.1,1.0,STABILIZED_POSTERIOR_MEAN,118600.0,ENTRY
134,2026-02-19,C_CAP08,096770,0.0,0.08,0.08,0.08,1.0,STABILIZED_POSTERIOR_MEAN,118600.0,ENTRY
135,2026-02-19,D_BAND20,011200,0.07579596780883648,0.054474667397498754,-0.021321300411337722,-0.021321300411337722,1.0,STABILIZED_POSTERIOR_MEAN,22022.388672,REBALANCE
136,2026-02-19,D_BAND20,086280,0.09309085439367089,0.07147215650554772,-0.021618697888123165,-0.021618697888123165,1.0,STABILIZED_POSTERIOR_MEAN,255923.328125,REBALANCE
137,2026-02-19,D_BAND20,096770,0.0,0.10636307578218514,0.10636307578218514,0.10636307578218514,1.0,STABILIZED_POSTERIOR_MEAN,118600.0,ENTRY
138,2026-02-19,E_VOL_RISK,096770,0.0,0.1,0.1,0.1,1.0,STABILIZED_POSTERIOR_MEAN,118600.0,ENTRY
139,2026-02-20,A0_LEGACY,078930,0.13936229265067834,0.1250492467850981,-0.014313045865580243,-0.014313045865580243,1.0,STABILIZED_POSTERIOR_MEAN,72601.773438,REBALANCE
140,2026-02-20,R_EXIT_RECOVERY,096770,0.0,0.10636307578218514,0.10636307578218514,0.10636307578218514,1.0,STABILIZED_POSTERIOR_MEAN,127600.0,ENTRY
141,2026-02-20,B_EQUAL,000880,0.12799779720810764,0.1125,-0.015497797208107636,-0.015497797208107636,1.0,STABILIZED_POSTERIOR_MEAN,125549.0625,REBALANCE
142,2026-02-20,B_EQUAL,096770,0.0,0.1125,0.1125,0.1125,1.0,STABILIZED_POSTERIOR_MEAN,127600.0,ENTRY
143,2026-02-20,D_BAND20,012330,0.1340107400115924,0.10267956101709261,-0.0313311789944998,-0.0313311789944998,1.0,STABILIZED_POSTERIOR_MEAN,437848.84375,REBALANCE
144,2026-02-20,E_VOL_RISK,000880,0.0,0.1,0.1,0.1,1.0,STABILIZED_POSTERIOR_MEAN,125549.0625,ENTRY
145,2026-02-20,E_VOL_RISK,278470,0.0,0.1,0.1,0.1,1.0,STABILIZED_POSTERIOR_MEAN,287176.59375,ENTRY
146,2026-02-23,X_CAP15_ONLY,096770,0.0,0.10636307578218514,0.10636307578218514,0.10636307578218514,1.0,STABILIZED_POSTERIOR_MEAN,128400.0,ENTRY
147,2026-02-23,X_COOLDOWN5,161390,0.1450057624079597,0.11501053929767571,-0.02999522311028399,-0.02999522311028399,1.0,STABILIZED_POSTERIOR_MEAN,71793.960938,REBALANCE
148,2026-02-23,R_TREND_REARM,096770,0.0,0.10636307578218514,0.10636307578218514,0.10636307578218514,1.0,STABILIZED_POSTERIOR_MEAN,128400.0,ENTRY
149,2026-02-23,D_BAND20,161390,0.15874763120806493,0.11501053929767571,-0.043737091910389214,-0.043737091910389214,1.0,STABILIZED_POSTERIOR_MEAN,71793.960938,REBALANCE
150,2026-02-24,A0_LEGACY,096770,0.09532308620173323,0.08607000870787523,-0.009253077493857995,-0.009253077493857995,1.0,STABILIZED_POSTERIOR_MEAN,137700.0,REBALANCE
151,2026-02-24,A_CURRENT,096770,0.0,0.10636307578218514,0.10636307578218514,0.10636307578218514,1.0,STABILIZED_POSTERIOR_MEAN,137700.0,ENTRY
152,2026-02-24,X_COOLDOWN5,096770,0.11840249144176959,0.10636307578218514,-0.012039415659584454,-0.012039415659584454,1.0,STABILIZED_POSTERIOR_MEAN,137700.0,REBALANCE
153,2026-02-24,C_CAP10,096770,0.11204673869913523,0.1,-0.012046738699135223,-0.012046738699135223,1.0,STABILIZED_POSTERIOR_MEAN,137700.0,REBALANCE
154,2026-02-25,A0_LEGACY,000880,0.23146092693902534,0.19881106519817757,-0.032649861740847774,-0.032649861740847774,1.0,STABILIZED_POSTERIOR_MEAN,137727.71875,REBALANCE
155,2026-02-25,X_CAP15_ONLY,000880,0.16959591858433656,0.15,-0.01959591858433657,-0.01959591858433657,1.0,STABILIZED_POSTERIOR_MEAN,137727.71875,REBALANCE
156,2026-02-25,R_EXIT_RECOVERY,000880,0.1694618928405425,0.15,-0.019461892840542505,-0.019461892840542505,1.0,STABILIZED_POSTERIOR_MEAN,137727.71875,REBALANCE
157,2026-02-26,A0_LEGACY,012330,0.09923065513355088,0.08308927365884045,-0.016141381474710434,-0.016141381474710434,1.0,STABILIZED_POSTERIOR_MEAN,522848.84375,REBALANCE
158,2026-02-26,X_CAP15_ONLY,012330,0.11475019446620725,0.10267956101709261,-0.012070633449114646,-0.012070633449114646,1.0,STABILIZED_POSTERIOR_MEAN,522848.84375,REBALANCE
159,2026-02-26,R_EXIT_RECOVERY,012330,0.11474325487740739,0.10267956101709261,-0.012063693860314778,-0.012063693860314778,1.0,STABILIZED_POSTERIOR_MEAN,522848.84375,REBALANCE
160,2026-02-26,R_TREND_REARM,012330,0.11497695896732332,0.10267956101709261,-0.012297397950230715,-0.012297397950230715,1.0,STABILIZED_POSTERIOR_MEAN,522848.84375,REBALANCE
161,2026-02-27,A0_LEGACY,000880,0.1940711689933218,0.0,-0.1940711689933218,-0.1940711689933218,1.0,STABILIZED_POSTERIOR_MEAN,135252.375,REBALANCE
162,2026-02-27,A0_LEGACY,004020,0.0,0.0655137339193552,0.0655137339193552,0.0655137339193552,1.0,STABILIZED_POSTERIOR_MEAN,45835.714844,ENTRY
163,2026-02-27,A0_LEGACY,011200,0.039768339566618696,0.05983975526097046,0.020071415694351766,0.020071415694351766,1.0,STABILIZED_POSTERIOR_MEAN,21350.0,REBALANCE
164,2026-02-27,A0_LEGACY,012330,0.08267213817432534,0.11279224078105754,0.030120102606732202,0.030120102606732202,1.0,STABILIZED_POSTERIOR_MEAN,510988.375,REBALANCE
165,2026-02-27,A0_LEGACY,078930,0.11348393500268748,0.0,-0.11348393500268748,-0.11348393500268748,1.0,STABILIZED_POSTERIOR_MEAN,68700.0,REBALANCE
166,2026-02-27,A0_LEGACY,096770,0.07786822284375805,0.11683853665717386,0.03897031381341581,0.03897031381341581,1.0,STABILIZED_POSTERIOR_MEAN,127700.0,REBALANCE
167,2026-02-27,A0_LEGACY,278470,0.21593290157419784,0.2877800934816319,0.07184719190743408,0.07184719190743408,1.0,STABILIZED_POSTERIOR_MEAN,311066.5,REBALANCE
168,2026-02-27,X_CAP15_ONLY,000880,0.14665761300622793,0.0,-0.14665761300622793,-0.14665761300622793,1.0,STABILIZED_POSTERIOR_MEAN,135252.375,REBALANCE
169,2026-02-27,X_CAP15_ONLY,004020,0.0,0.08090075609716092,0.08090075609716092,0.08090075609716092,1.0,STABILIZED_POSTERIOR_MEAN,45835.714844,ENTRY
170,2026-02-27,X_CAP15_ONLY,034730,0.0,0.06469059060865003,0.06469059060865003,0.06469059060865003,1.0,STABILIZED_POSTERIOR_MEAN,392967.65625,ENTRY
171,2026-02-27,X_CAP15_ONLY,078930,0.14092113346268234,0.0,-0.14092113346268234,-0.14092113346268234,1.0,STABILIZED_POSTERIOR_MEAN,68700.0,REBALANCE
172,2026-02-27,X_CAP15_ONLY,161390,0.10703538623830311,0.15,0.042964613761696885,0.042964613761696885,1.0,STABILIZED_POSTERIOR_MEAN,71014.65625,REBALANCE
173,2026-02-27,A_CURRENT,000880,0.1612110620230081,0.0,-0.1612110620230081,-0.1612110620230081,1.0,STABILIZED_POSTERIOR_MEAN,135252.375,REBALANCE
174,2026-02-27,A_CURRENT,004020,0.0,0.08090075609716092,0.08090075609716092,0.08090075609716092,1.0,STABILIZED_POSTERIOR_MEAN,45835.714844,ENTRY
175,2026-02-27,A_CURRENT,011200,0.05056042932790958,0.07389414639746762,0.023333717069558044,0.023333717069558044,1.0,STABILIZED_POSTERIOR_MEAN,21350.0,REBALANCE
176,2026-02-27,A_CURRENT,012330,0.11537490234352715,0.13928342982729494,0.02390852748376779,0.02390852748376779,1.0,STABILIZED_POSTERIOR_MEAN,510988.375,REBALANCE
177,2026-02-27,A_CURRENT,034730,0.0,0.06469059060865003,0.06469059060865003,0.06469059060865003,1.0,STABILIZED_POSTERIOR_MEAN,392967.65625,ENTRY
178,2026-02-27,A_CURRENT,078930,0.14089588303115436,0.0,-0.14089588303115436,-0.14089588303115436,1.0,STABILIZED_POSTERIOR_MEAN,68700.0,REBALANCE
179,2026-02-27,A_CURRENT,096770,0.09689670902558188,0.14428006757310852,0.047383358547526636,0.047383358547526636,1.0,STABILIZED_POSTERIOR_MEAN,127700.0,REBALANCE
180,2026-02-27,X_COOLDOWN5,000880,0.15868153526813353,0.0,-0.15868153526813353,-0.15868153526813353,1.0,STABILIZED_POSTERIOR_MEAN,135252.375,REBALANCE
181,2026-02-27,X_COOLDOWN5,011200,0.049766172794100394,0.07389414639746762,0.024127973603367228,0.024127973603367228,1.0,STABILIZED_POSTERIOR_MEAN,21350.0,REBALANCE
182,2026-02-27,X_COOLDOWN5,034730,0.0,0.06469059060865003,0.06469059060865003,0.06469059060865003,1.0,STABILIZED_POSTERIOR_MEAN,392967.65625,ENTRY
183,2026-02-27,X_COOLDOWN5,078930,0.13868511721082785,0.0,-0.13868511721082785,-0.13868511721082785,1.0,STABILIZED_POSTERIOR_MEAN,68700.0,REBALANCE
184,2026-02-27,X_COOLDOWN5,086280,0.0742783680088642,0.09695100949631792,0.022672641487453724,0.022672641487453724,1.0,STABILIZED_POSTERIOR_MEAN,282246.875,REBALANCE
185,2026-02-27,X_COOLDOWN5,096770,0.0969467695886653,0.14428006757310852,0.04733329798444322,0.04733329798444322,1.0,STABILIZED_POSTERIOR_MEAN,127700.0,REBALANCE
186,2026-02-27,X_COOLDOWN5,161390,0.10965428697594194,0.15,0.04034571302405805,0.04034571302405805,1.0,STABILIZED_POSTERIOR_MEAN,71014.65625,REBALANCE
187,2026-02-27,R_EXIT_RECOVERY,000880,0.14669316898382384,0.0,-0.14669316898382384,-0.14669316898382384,1.0,STABILIZED_POSTERIOR_MEAN,135252.375,REBALANCE
188,2026-02-27,R_EXIT_RECOVERY,004020,0.0,0.08090075609716092,0.08090075609716092,0.08090075609716092,1.0,STABILIZED_POSTERIOR_MEAN,45835.714844,ENTRY
189,2026-02-27,R_EXIT_RECOVERY,011200,0.05008750217858198,0.07389414639746762,0.02380664421888564,0.02380664421888564,1.0,STABILIZED_POSTERIOR_MEAN,21350.0,REBALANCE
190,2026-02-27,R_EXIT_RECOVERY,034730,0.0,0.06469059060865003,0.06469059060865003,0.06469059060865003,1.0,STABILIZED_POSTERIOR_MEAN,392967.65625,ENTRY
191,2026-02-27,R_EXIT_RECOVERY,078930,0.14124212208226403,0.0,-0.14124212208226403,-0.14124212208226403,1.0,STABILIZED_POSTERIOR_MEAN,68700.0,REBALANCE
192,2026-02-27,R_EXIT_RECOVERY,161390,0.10702314516215793,0.15,0.04297685483784207,0.04297685483784207,1.0,STABILIZED_POSTERIOR_MEAN,71014.65625,REBALANCE
193,2026-02-27,R_TREND_REARM,000880,0.1590015931228603,0.0,-0.1590015931228603,-0.1590015931228603,1.0,STABILIZED_POSTERIOR_MEAN,135252.375,REBALANCE
194,2026-02-27,R_TREND_REARM,004020,0.0,0.08090075609716092,0.08090075609716092,0.08090075609716092,1.0,STABILIZED_POSTERIOR_MEAN,45835.714844,ENTRY
195,2026-02-27,R_TREND_REARM,078930,0.1467826255987311,0.0,-0.1467826255987311,-0.1467826255987311,1.0,STABILIZED_POSTERIOR_MEAN,68700.0,REBALANCE
196,2026-02-27,R_TREND_REARM,096770,0.10200240590083468,0.14428006757310852,0.04227766167227384,0.04227766167227384,1.0,STABILIZED_POSTERIOR_MEAN,127700.0,REBALANCE
197,2026-02-27,B_EQUAL,000880,0.11763040247261346,0.0,-0.11763040247261346,-0.11763040247261346,1.0,STABILIZED_POSTERIOR_MEAN,135252.375,REBALANCE
198,2026-02-27,B_EQUAL,012330,0.13389843130818796,0.1125,-0.021398431308187957,-0.021398431308187957,1.0,STABILIZED_POSTERIOR_MEAN,510988.375,REBALANCE
199,2026-02-27,B_EQUAL,078930,0.10472317947978053,0.0,-0.10472317947978053,-0.10472317947978053,1.0,STABILIZED_POSTERIOR_MEAN,68700.0,REBALANCE
200,2026-02-27,C_CAP08,000880,0.08604320769389652,0.0,-0.08604320769389652,-0.08604320769389652,1.0,STABILIZED_POSTERIOR_MEAN,135252.375,REBALANCE
201,2026-02-27,C_CAP08,004020,0.0,0.08,0.08,0.08,1.0,STABILIZED_POSTERIOR_MEAN,45835.714844,ENTRY
202,2026-02-27,C_CAP08,034730,0.0,0.08,0.08,0.08,1.0,STABILIZED_POSTERIOR_MEAN,392967.65625,ENTRY
203,2026-02-27,C_CAP08,078930,0.07677389966812442,0.0,-0.07677389966812442,-0.07677389966812442,1.0,STABILIZED_POSTERIOR_MEAN,68700.0,REBALANCE
204,2026-02-27,C_CAP08,086280,0.08808422625614763,0.08,-0.00808422625614763,-0.00808422625614763,1.0,STABILIZED_POSTERIOR_MEAN,282246.875,REBALANCE
205,2026-02-27,D_BAND20,000880,0.1637229468831321,0.0,-0.1637229468831321,-0.1637229468831321,1.0,STABILIZED_POSTERIOR_MEAN,135252.375,REBALANCE
206,2026-02-27,D_BAND20,011200,0.04975313698267637,0.07389414639746762,0.024141009414791255,0.024141009414791255,1.0,STABILIZED_POSTERIOR_MEAN,21350.0,REBALANCE
207,2026-02-27,D_BAND20,078930,0.1374695010942103,0.0,-0.1374695010942103,-0.1374695010942103,1.0,STABILIZED_POSTERIOR_MEAN,68700.0,REBALANCE
208,2026-02-27,D_BAND20,086280,0.07425891144341254,0.09695100949631792,0.022692098052905382,0.022692098052905382,1.0,STABILIZED_POSTERIOR_MEAN,282246.875,REBALANCE
209,2026-02-27,D_BAND20,096770,0.10789206890983256,0.14428006757310852,0.03638799866327595,0.03638799866327595,1.0,STABILIZED_POSTERIOR_MEAN,127700.0,REBALANCE
210,2026-02-27,D_BAND20,161390,0.1096583979685075,0.15,0.04034160203149249,0.04034160203149249,1.0,STABILIZED_POSTERIOR_MEAN,71014.65625,REBALANCE
211,2026-02-27,E_VOL_RISK,000880,0.10519943129411896,0.0,-0.10519943129411896,-0.10519943129411896,1.0,STABILIZED_POSTERIOR_MEAN,135252.375,REBALANCE
212,2026-02-27,E_VOL_RISK,011200,0.09968584512440161,0.0,-0.09968584512440161,-0.09968584512440161,1.0,STABILIZED_POSTERIOR_MEAN,21350.0,TRAILING_STOP
213,2026-02-27,E_VOL_RISK,034730,0.0,0.1,0.1,0.1,1.0,STABILIZED_POSTERIOR_MEAN,392967.65625,ENTRY
214,2026-02-27,E_VOL_RISK,096770,0.10319849523009304,0.0,-0.10319849523009304,-0.10319849523009304,1.0,STABILIZED_POSTERIOR_MEAN,127700.0,TRAILING_STOP
215,2026-03-03,A0_LEGACY,011200,0.07183921053020727,0.05983975526097046,-0.011999455269236806,-0.011999455269236806,1.0,STABILIZED_POSTERIOR_MEAN,24500.0,REBALANCE
216,2026-03-03,A0_LEGACY,034730,0.0,0.052386681468478455,0.052386681468478455,0.052386681468478455,1.0,STABILIZED_POSTERIOR_MEAN,371898.3125,ENTRY
217,2026-03-03,A0_LEGACY,161390,0.08145884248088221,0.12633766946727867,0.04487882698639646,0.04487882698639646,1.0,STABILIZED_POSTERIOR_MEAN,65072.410156,REBALANCE
218,2026-03-03,X_CAP15_ONLY,012330,0.09717172972457645,0.13928342982729494,0.04211170010271849,0.04211170010271849,1.0,STABILIZED_POSTERIOR_MEAN,463052.3125,REBALANCE
219,2026-03-03,X_CAP15_ONLY,086280,0.07025975706947243,0.09695100949631792,0.026691252426845488,0.026691252426845488,1.0,STABILIZED_POSTERIOR_MEAN,252998.5,REBALANCE
220,2026-03-03,X_CAP15_ONLY,096770,0.1094496322775638,0.14428006757310852,0.03483043529554472,0.03483043529554472,1.0,STABILIZED_POSTERIOR_MEAN,130900.0,REBALANCE
221,2026-03-03,A_CURRENT,004020,0.07508963219194766,0.0,-0.07508963219194766,-0.07508963219194766,1.0,STABILIZED_POSTERIOR_MEAN,40808.570313,HARD_STOP
222,2026-03-03,A_CURRENT,011200,0.08840122172556039,0.15,0.0615987782744396,0.0615987782744396,1.0,STABILIZED_POSTERIOR_MEAN,24500.0,REBALANCE
223,2026-03-03,A_CURRENT,012330,0.13158261573089985,0.0,-0.13158261573089985,-0.13158261573089985,1.0,STABILIZED_POSTERIOR_MEAN,463052.3125,TRAILING_STOP
224,2026-03-03,A_CURRENT,034730,0.06382466481237661,0.15,0.08617533518762338,0.08617533518762338,1.0,STABILIZED_POSTERIOR_MEAN,371898.3125,REBALANCE
225,2026-03-03,A_CURRENT,086280,0.07051925127851398,0.0,-0.07051925127851398,-0.07051925127851398,1.0,STABILIZED_POSTERIOR_MEAN,252998.5,TRAILING_STOP
226,2026-03-03,A_CURRENT,161390,0.10320197704879817,0.0,-0.10320197704879817,-0.10320197704879817,1.0,STABILIZED_POSTERIOR_MEAN,65072.410156,TRAILING_STOP
227,2026-03-03,A_CURRENT,278470,0.1435975755128502,0.0,-0.1435975755128502,-0.1435975755128502,1.0,STABILIZED_POSTERIOR_MEAN,284190.375,TRAILING_STOP
228,2026-03-03,X_COOLDOWN5,011200,0.08787329078401349,0.15,0.06212670921598651,0.06212670921598651,1.0,STABILIZED_POSTERIOR_MEAN,24500.0,REBALANCE
229,2026-03-03,X_COOLDOWN5,012330,0.10664304152854993,0.0,-0.10664304152854993,-0.10664304152854993,1.0,STABILIZED_POSTERIOR_MEAN,463052.3125,TRAILING_STOP
230,2026-03-03,X_COOLDOWN5,086280,0.09005747965463555,0.0,-0.09005747965463555,-0.09005747965463555,1.0,STABILIZED_POSTERIOR_MEAN,252998.5,TRAILING_STOP
231,2026-03-03,X_COOLDOWN5,161390,0.14243568593316022,0.0,-0.14243568593316022,-0.14243568593316022,1.0,STABILIZED_POSTERIOR_MEAN,65072.410156,TRAILING_STOP
232,2026-03-03,X_COOLDOWN5,278470,0.14038142953697058,0.0,-0.14038142953697058,-0.14038142953697058,1.0,STABILIZED_POSTERIOR_MEAN,284190.375,TRAILING_STOP
233,2026-03-03,R_EXIT_RECOVERY,012330,0.09675543721252522,0.0,-0.09675543721252522,-0.09675543721252522,1.0,STABILIZED_POSTERIOR_MEAN,463052.3125,TRAILING_STOP
234,2026-03-03,R_EXIT_RECOVERY,034730,0.06391135920479779,0.15,0.0860886407952022,0.0860886407952022,1.0,STABILIZED_POSTERIOR_MEAN,371898.3125,REBALANCE
235,2026-03-03,R_EXIT_RECOVERY,086280,0.06995452709248658,0.0,-0.06995452709248658,-0.06995452709248658,1.0,STABILIZED_POSTERIOR_MEAN,252998.5,TRAILING_STOP
236,2026-03-03,R_EXIT_RECOVERY,096770,0.11034674994619421,0.15,0.03965325005380578,0.03965325005380578,1.0,STABILIZED_POSTERIOR_MEAN,130900.0,REBALANCE
237,2026-03-03,R_EXIT_RECOVERY,161390,0.14348605619210514,0.0,-0.14348605619210514,-0.14348605619210514,1.0,STABILIZED_POSTERIOR_MEAN,65072.410156,TRAILING_STOP
238,2026-03-03,R_EXIT_RECOVERY,278470,0.1471338969422969,0.0,-0.1471338969422969,-0.1471338969422969,1.0,STABILIZED_POSTERIOR_MEAN,284190.375,TRAILING_STOP
239,2026-03-03,R_TREND_REARM,004020,0.0748101720958967,0.0,-0.0748101720958967,-0.0748101720958967,1.0,STABILIZED_POSTERIOR_MEAN,40808.570313,HARD_STOP
240,2026-03-03,R_TREND_REARM,011200,0.05983685279179961,0.15,0.09016314720820039,0.09016314720820039,1.0,STABILIZED_POSTERIOR_MEAN,24500.0,REBALANCE
241,2026-03-03,R_TREND_REARM,012330,0.09629269780083745,0.0,-0.09629269780083745,-0.09629269780083745,1.0,STABILIZED_POSTERIOR_MEAN,463052.3125,TRAILING_STOP
242,2026-03-03,R_TREND_REARM,086280,0.06976176377101105,0.0,-0.06976176377101105,-0.06976176377101105,1.0,STABILIZED_POSTERIOR_MEAN,252998.5,TRAILING_STOP
243,2026-03-03,R_TREND_REARM,161390,0.10209342573909526,0.0,-0.10209342573909526,-0.10209342573909526,1.0,STABILIZED_POSTERIOR_MEAN,65072.410156,TRAILING_STOP
244,2026-03-03,B_EQUAL,012330,0.1044152335167393,0.0,-0.1044152335167393,-0.1044152335167393,1.0,STABILIZED_POSTERIOR_MEAN,463052.3125,TRAILING_STOP
245,2026-03-03,B_EQUAL,086280,0.1083549847672859,0.0,-0.1083549847672859,-0.1083549847672859,1.0,STABILIZED_POSTERIOR_MEAN,252998.5,TRAILING_STOP
246,2026-03-03,B_EQUAL,096770,0.1147280028318244,0.15,0.0352719971681756,0.0352719971681756,1.0,STABILIZED_POSTERIOR_MEAN,130900.0,REBALANCE
247,2026-03-03,B_EQUAL,161390,0.09854360959429556,0.0,-0.09854360959429556,-0.09854360959429556,1.0,STABILIZED_POSTERIOR_MEAN,65072.410156,TRAILING_STOP
248,2026-03-03,B_EQUAL,278470,0.10960763925706074,0.0,-0.10960763925706074,-0.10960763925706074,1.0,STABILIZED_POSTERIOR_MEAN,284190.375,TRAILING_STOP
249,2026-03-03,C_CAP10,000880,0.10516822089126027,0.0,-0.10516822089126027,-0.10516822089126027,1.0,STABILIZED_POSTERIOR_MEAN,137133.640625,REBALANCE
250,2026-03-03,C_CAP10,011200,0.11496357290514962,0.1,-0.014963572905149616,-0.014963572905149616,1.0,STABILIZED_POSTERIOR_MEAN,24500.0,REBALANCE
251,2026-03-03,C_CAP10,012330,0.09574139846493378,0.0,-0.09574139846493378,-0.09574139846493378,1.0,STABILIZED_POSTERIOR_MEAN,463052.3125,TRAILING_STOP
252,2026-03-03,C_CAP10,086280,0.0962982067342418,0.0,-0.0962982067342418,-0.0962982067342418,1.0,STABILIZED_POSTERIOR_MEAN,252998.5,TRAILING_STOP
253,2026-03-03,C_CAP10,161390,0.08529216849931089,0.0,-0.08529216849931089,-0.08529216849931089,1.0,STABILIZED_POSTERIOR_MEAN,65072.410156,TRAILING_STOP
254,2026-03-03,C_CAP10,278470,0.09511992085351506,0.0,-0.09511992085351506,-0.09511992085351506,1.0,STABILIZED_POSTERIOR_MEAN,284190.375,TRAILING_STOP
255,2026-03-03,C_CAP08,011200,0.09580161644847814,0.08,-0.015801616448478134,-0.015801616448478134,1.0,STABILIZED_POSTERIOR_MEAN,24500.0,REBALANCE
256,2026-03-03,C_CAP08,012330,0.08121239884372093,0.0,-0.08121239884372093,-0.08121239884372093,1.0,STABILIZED_POSTERIOR_MEAN,463052.3125,TRAILING_STOP
257,2026-03-03,C_CAP08,086280,0.0738782159193465,0.0,-0.0738782159193465,-0.0738782159193465,1.0,STABILIZED_POSTERIOR_MEAN,252998.5,TRAILING_STOP
258,2026-03-03,C_CAP08,161390,0.07355180190718158,0.0,-0.07355180190718158,-0.07355180190718158,1.0,STABILIZED_POSTERIOR_MEAN,65072.410156,TRAILING_STOP
259,2026-03-03,C_CAP08,278470,0.08003475217933746,0.0,-0.08003475217933746,-0.08003475217933746,1.0,STABILIZED_POSTERIOR_MEAN,284190.375,TRAILING_STOP
260,2026-03-03,D_BAND20,012330,0.10886742109818792,0.0,-0.10886742109818792,-0.10886742109818792,1.0,STABILIZED_POSTERIOR_MEAN,463052.3125,TRAILING_STOP
261,2026-03-03,D_BAND20,034730,0.0,0.15,0.15,0.15,1.0,STABILIZED_POSTERIOR_MEAN,371898.3125,ENTRY
262,2026-03-03,D_BAND20,086280,0.08975811691553265,0.0,-0.08975811691553265,-0.08975811691553265,1.0,STABILIZED_POSTERIOR_MEAN,252998.5,TRAILING_STOP
263,2026-03-03,D_BAND20,161390,0.1419622112451002,0.0,-0.1419622112451002,-0.1419622112451002,1.0,STABILIZED_POSTERIOR_MEAN,65072.410156,TRAILING_STOP
264,2026-03-03,D_BAND20,278470,0.13982225413027313,0.0,-0.13982225413027313,-0.13982225413027313,1.0,STABILIZED_POSTERIOR_MEAN,284190.375,TRAILING_STOP
265,2026-03-03,E_VOL_RISK,004020,0.0,0.1,0.1,0.1,1.0,STABILIZED_POSTERIOR_MEAN,40808.570313,ENTRY
266,2026-03-03,E_VOL_RISK,012330,0.09906693352050894,0.0,-0.09906693352050894,-0.09906693352050894,1.0,STABILIZED_POSTERIOR_MEAN,463052.3125,TRAILING_STOP
267,2026-03-03,E_VOL_RISK,078930,0.10781937204836638,0.0,-0.10781937204836638,-0.10781937204836638,1.0,STABILIZED_POSTERIOR_MEAN,70500.0,REBALANCE
268,2026-03-03,E_VOL_RISK,086280,0.10414613869180153,0.0,-0.10414613869180153,-0.10414613869180153,1.0,STABILIZED_POSTERIOR_MEAN,252998.5,TRAILING_STOP
269,2026-03-03,E_VOL_RISK,161390,0.09987762110502738,0.0,-0.09987762110502738,-0.09987762110502738,1.0,STABILIZED_POSTERIOR_MEAN,65072.410156,TRAILING_STOP
270,2026-03-04,X_CAP15_ONLY,004020,0.06961434055876525,0.08090075609716092,0.01128641553839567,0.01128641553839567,1.0,STABILIZED_POSTERIOR_MEAN,33267.855469,REBALANCE
271,2026-03-04,X_CAP15_ONLY,011200,0.05702435250539616,0.07389414639746762,0.01686979389207146,0.01686979389207146,1.0,STABILIZED_POSTERIOR_MEAN,20500.0,REBALANCE
272,2026-03-04,A_CURRENT,004020,0.0,0.15,0.15,0.15,1.0,STABILIZED_POSTERIOR_MEAN,33267.855469,ENTRY
273,2026-03-04,A_CURRENT,011200,0.13493548131977848,0.0,-0.13493548131977848,-0.13493548131977848,1.0,STABILIZED_POSTERIOR_MEAN,20500.0,TRAILING_STOP
274,2026-03-04,A_CURRENT,034730,0.14022987748811472,0.0,-0.14022987748811472,-0.14022987748811472,1.0,STABILIZED_POSTERIOR_MEAN,323389.84375,HARD_STOP
275,2026-03-04,A_CURRENT,096770,0.13802860219866284,0.0,-0.13802860219866284,-0.13802860219866284,1.0,STABILIZED_POSTERIOR_MEAN,109000.0,HARD_STOP
276,2026-03-04,X_COOLDOWN5,004020,0.0,0.15,0.15,0.15,1.0,STABILIZED_POSTERIOR_MEAN,33267.855469,ENTRY
277,2026-03-04,X_COOLDOWN5,011200,0.13329549064563934,0.0,-0.13329549064563934,-0.13329549064563934,1.0,STABILIZED_POSTERIOR_MEAN,20500.0,TRAILING_STOP
278,2026-03-04,X_COOLDOWN5,034730,0.05859030474268319,0.0,-0.05859030474268319,-0.05859030474268319,1.0,STABILIZED_POSTERIOR_MEAN,323389.84375,HARD_STOP
279,2026-03-04,X_COOLDOWN5,096770,0.13553673158189242,0.0,-0.13553673158189242,-0.13553673158189242,1.0,STABILIZED_POSTERIOR_MEAN,109000.0,TRAILING_STOP
280,2026-03-04,R_EXIT_RECOVERY,004020,0.06612513725279792,0.0,-0.06612513725279792,-0.06612513725279792,1.0,STABILIZED_POSTERIOR_MEAN,33267.855469,HARD_STOP
281,2026-03-04,R_EXIT_RECOVERY,011200,0.07990229014641184,0.0,-0.07990229014641184,-0.07990229014641184,1.0,STABILIZED_POSTERIOR_MEAN,20500.0,TRAILING_STOP
282,2026-03-04,R_EXIT_RECOVERY,034730,0.1407074524558474,0.0,-0.1407074524558474,-0.1407074524558474,1.0,STABILIZED_POSTERIOR_MEAN,323389.84375,HARD_STOP
283,2026-03-04,R_TREND_REARM,011200,0.1334424508063284,0.0,-0.1334424508063284,-0.1334424508063284,1.0,STABILIZED_POSTERIOR_MEAN,20500.0,TRAILING_STOP
284,2026-03-04,B_EQUAL,011200,0.1068387162992251,0.0,-0.1068387162992251,-0.1068387162992251,1.0,STABILIZED_POSTERIOR_MEAN,20500.0,TRAILING_STOP
285,2026-03-04,B_EQUAL,096770,0.13079059329403295,0.0,-0.13079059329403295,-0.13079059329403295,1.0,STABILIZED_POSTERIOR_MEAN,109000.0,HARD_STOP
286,2026-03-04,C_CAP10,004020,0.0,0.1,0.1,0.1,1.0,STABILIZED_POSTERIOR_MEAN,33267.855469,ENTRY
287,2026-03-04,C_CAP10,011200,0.08763165263918078,0.0,-0.08763165263918078,-0.08763165263918078,1.0,STABILIZED_POSTERIOR_MEAN,20500.0,TRAILING_STOP
288,2026-03-04,C_CAP10,078930,0.09107020114653645,0.0,-0.09107020114653645,-0.09107020114653645,1.0,STABILIZED_POSTERIOR_MEAN,61400.0,TRAILING_STOP
289,2026-03-04,C_CAP10,096770,0.08316293249449115,0.0,-0.08316293249449115,-0.08316293249449115,1.0,STABILIZED_POSTERIOR_MEAN,109000.0,TRAILING_STOP
290,2026-03-04,C_CAP08,004020,0.06306277785551855,0.0,-0.06306277785551855,-0.06306277785551855,1.0,STABILIZED_POSTERIOR_MEAN,33267.855469,HARD_STOP
291,2026-03-04,C_CAP08,011200,0.07056713224258993,0.0,-0.07056713224258993,-0.07056713224258993,1.0,STABILIZED_POSTERIOR_MEAN,20500.0,TRAILING_STOP
292,2026-03-04,C_CAP08,034730,0.07150260589258857,0.0,-0.07150260589258857,-0.07150260589258857,1.0,STABILIZED_POSTERIOR_MEAN,323389.84375,HARD_STOP
293,2026-03-04,C_CAP08,086280,0.0,0.08,0.08,0.08,1.0,STABILIZED_POSTERIOR_MEAN,226187.484375,ENTRY
294,2026-03-04,C_CAP08,096770,0.07672451570630445,0.0,-0.07672451570630445,-0.07672451570630445,1.0,STABILIZED_POSTERIOR_MEAN,109000.0,TRAILING_STOP
295,2026-03-04,D_BAND20,011200,0.07791174595110639,0.0,-0.07791174595110639,-0.07791174595110639,1.0,STABILIZED_POSTERIOR_MEAN,20500.0,TRAILING_STOP
296,2026-03-04,D_BAND20,096770,0.13523180851264824,0.0,-0.13523180851264824,-0.13523180851264824,1.0,STABILIZED_POSTERIOR_MEAN,109000.0,TRAILING_STOP
297,2026-03-04,D_BAND20,278470,0.0,0.15,0.15,0.15,1.0,STABILIZED_POSTERIOR_MEAN,265775.21875,ENTRY
298,2026-03-04,E_VOL_RISK,034730,0.08928241514646716,0.0,-0.08928241514646716,-0.08928241514646716,1.0,STABILIZED_POSTERIOR_MEAN,323389.84375,HARD_STOP
299,2026-03-04,E_VOL_RISK,278470,0.09804913583280955,0.0,-0.09804913583280955,-0.09804913583280955,1.0,STABILIZED_POSTERIOR_MEAN,265775.21875,TRAILING_STOP
300,2026-03-05,A0_LEGACY,086280,0.055442510401295164,0.07851128896405395,0.023068778562758782,0.023068778562758782,1.0,STABILIZED_POSTERIOR_MEAN,240324.1875,REBALANCE
301,2026-03-05,A_CURRENT,004020,0.1576745235144468,0.11504785302784105,-0.04262667048660575,-0.04262667048660575,1.0,STABILIZED_POSTERIOR_MEAN,35288.570313,REBALANCE
302,2026-03-05,A_CURRENT,012330,0.0,0.15,0.15,0.15,1.0,STABILIZED_POSTERIOR_MEAN,426976.75,ENTRY
303,2026-03-05,A_CURRENT,086280,0.0,0.13787269772902203,0.13787269772902203,0.13787269772902203,1.0,STABILIZED_POSTERIOR_MEAN,240324.1875,ENTRY
304,2026-03-05,A_CURRENT,096770,0.0,0.15,0.15,0.15,1.0,STABILIZED_POSTERIOR_MEAN,126500.0,ENTRY
305,2026-03-05,R_TREND_REARM,034730,0.0,0.15,0.15,0.15,1.0,STABILIZED_POSTERIOR_MEAN,352298.9375,ENTRY
306,2026-03-05,R_TREND_REARM,096770,0.15317917311664292,0.0,-0.15317917311664292,-0.15317917311664292,1.0,STABILIZED_POSTERIOR_MEAN,126500.0,TRAILING_STOP
307,2026-03-05,R_TREND_REARM,278470,0.14607797751400478,0.0,-0.14607797751400478,-0.14607797751400478,1.0,STABILIZED_POSTERIOR_MEAN,281701.84375,TRAILING_STOP
308,2026-03-05,B_EQUAL,011200,0.0,0.12857142857142856,0.12857142857142856,0.12857142857142856,1.0,STABILIZED_POSTERIOR_MEAN,21250.0,ENTRY
309,2026-03-05,B_EQUAL,034730,0.0,0.12857142857142856,0.12857142857142856,0.12857142857142856,1.0,STABILIZED_POSTERIOR_MEAN,352298.9375,ENTRY
310,2026-03-05,B_EQUAL,086280,0.0,0.12857142857142856,0.12857142857142856,0.12857142857142856,1.0,STABILIZED_POSTERIOR_MEAN,240324.1875,ENTRY
311,2026-03-05,B_EQUAL,096770,0.0,0.12857142857142856,0.12857142857142856,0.12857142857142856,1.0,STABILIZED_POSTERIOR_MEAN,126500.0,ENTRY
312,2026-03-05,C_CAP10,086280,0.0,0.1,0.1,0.1,1.0,STABILIZED_POSTERIOR_MEAN,240324.1875,ENTRY
313,2026-03-05,C_CAP10,278470,0.0,0.1,0.1,0.1,1.0,STABILIZED_POSTERIOR_MEAN,281701.84375,ENTRY
314,2026-03-05,C_CAP08,011200,0.0,0.08,0.08,0.08,1.0,STABILIZED_POSTERIOR_MEAN,21250.0,ENTRY
315,2026-03-05,C_CAP08,012330,0.0,0.08,0.08,0.08,1.0,STABILIZED_POSTERIOR_MEAN,426976.75,ENTRY
316,2026-03-05,C_CAP08,034730,0.0,0.08,0.08,0.08,1.0,STABILIZED_POSTERIOR_MEAN,352298.9375,ENTRY
317,2026-03-05,C_CAP08,096770,0.0,0.08,0.08,0.08,1.0,STABILIZED_POSTERIOR_MEAN,126500.0,ENTRY
318,2026-03-05,C_CAP08,278470,0.0,0.08,0.08,0.08,1.0,STABILIZED_POSTERIOR_MEAN,281701.84375,ENTRY
319,2026-03-05,D_BAND20,011200,0.0,0.10508384970028685,0.10508384970028685,0.10508384970028685,1.0,STABILIZED_POSTERIOR_MEAN,21250.0,ENTRY
320,2026-03-05,D_BAND20,012330,0.0,0.15,0.15,0.15,1.0,STABILIZED_POSTERIOR_MEAN,426976.75,ENTRY
321,2026-03-05,D_BAND20,034730,0.14790846677620934,0.09199559954285005,-0.05591286723335928,-0.05591286723335928,1.0,STABILIZED_POSTERIOR_MEAN,352298.9375,REBALANCE
322,2026-03-05,D_BAND20,086280,0.0,0.13787269772902203,0.13787269772902203,0.13787269772902203,1.0,STABILIZED_POSTERIOR_MEAN,240324.1875,ENTRY
323,2026-03-05,D_BAND20,096770,0.0,0.15,0.15,0.15,1.0,STABILIZED_POSTERIOR_MEAN,126500.0,ENTRY
324,2026-03-05,E_VOL_RISK,004020,0.0894195875801357,0.0,-0.0894195875801357,-0.0894195875801357,1.0,STABILIZED_POSTERIOR_MEAN,35288.570313,HARD_STOP
325,2026-03-06,A0_LEGACY,011200,0.05287272513486825,0.05983975526097046,0.006967030126102211,0.006967030126102211,1.0,STABILIZED_POSTERIOR_MEAN,21150.0,REBALANCE
326,2026-03-06,X_CAP15_ONLY,161390,0.13291395306411508,0.15,0.01708604693588492,0.01708604693588492,1.0,STABILIZED_POSTERIOR_MEAN,57766.378906,REBALANCE
327,2026-03-06,X_CAP15_ONLY,278470,0.1708208946923446,0.15,-0.020820894692344605,-0.020820894692344605,1.0,STABILIZED_POSTERIOR_MEAN,304596.3125,REBALANCE
328,2026-03-06,A_CURRENT,011200,0.0,0.10508384970028685,0.10508384970028685,0.10508384970028685,1.0,STABILIZED_POSTERIOR_MEAN,21150.0,ENTRY
329,2026-03-06,A_CURRENT,278470,0.0,0.15,0.15,0.15,1.0,STABILIZED_POSTERIOR_MEAN,304596.3125,ENTRY
330,2026-03-06,X_COOLDOWN5,004020,0.1720779211299708,0.15,-0.022077921129970812,-0.022077921129970812,1.0,STABILIZED_POSTERIOR_MEAN,39182.140625,REBALANCE
331,2026-03-06,R_EXIT_RECOVERY,034730,0.0,0.15,0.15,0.15,1.0,STABILIZED_POSTERIOR_MEAN,351318.96875,CONFIRMED_REENTRY
332,2026-03-06,R_EXIT_RECOVERY,096770,0.15142043248576512,0.0,-0.15142043248576512,-0.15142043248576512,1.0,STABILIZED_POSTERIOR_MEAN,124900.0,TRAILING_STOP
333,2026-03-06,B_EQUAL,004020,0.0,0.12857142857142856,0.12857142857142856,0.12857142857142856,1.0,STABILIZED_POSTERIOR_MEAN,39182.140625,ENTRY
334,2026-03-06,C_CAP10,004020,0.11493543358542463,0.1,-0.014935433585424623,-0.014935433585424623,1.0,STABILIZED_POSTERIOR_MEAN,39182.140625,REBALANCE
335,2026-03-06,C_CAP10,011200,0.0,0.1,0.1,0.1,1.0,STABILIZED_POSTERIOR_MEAN,21150.0,ENTRY
336,2026-03-06,C_CAP10,012330,0.0,0.1,0.1,0.1,1.0,STABILIZED_POSTERIOR_MEAN,438837.21875,ENTRY
337,2026-03-06,C_CAP10,096770,0.0,0.1,0.1,0.1,1.0,STABILIZED_POSTERIOR_MEAN,124900.0,ENTRY
338,2026-03-06,C_CAP08,004020,0.0,0.08,0.08,0.08,1.0,STABILIZED_POSTERIOR_MEAN,39182.140625,ENTRY
339,2026-03-09,B_EQUAL,034730,0.12289711269726637,0.15,0.027102887302733622,0.027102887302733622,1.0,STABILIZED_POSTERIOR_MEAN,322409.875,REBALANCE
340,2026-03-09,B_EQUAL,086280,0.12339455256620942,0.15,0.026605447433790577,0.026605447433790577,1.0,STABILIZED_POSTERIOR_MEAN,220825.28125,REBALANCE
341,2026-03-09,B_EQUAL,096770,0.12547916760646344,0.15,0.024520832393536557,0.024520832393536557,1.0,STABILIZED_POSTERIOR_MEAN,118200.0,REBALANCE
342,2026-03-09,C_CAP10,034730,0.0,0.1,0.1,0.1,1.0,STABILIZED_POSTERIOR_MEAN,322409.875,ENTRY
343,2026-03-09,D_BAND20,034730,0.08700629349231155,0.0,-0.08700629349231155,-0.08700629349231155,1.0,STABILIZED_POSTERIOR_MEAN,322409.875,HARD_STOP
344,2026-03-10,A0_LEGACY,004020,0.056721697251966983,0.0655137339193552,0.00879203666738821,0.00879203666738821,1.0,STABILIZED_POSTERIOR_MEAN,36175.714844,REBALANCE
345,2026-03-10,A0_LEGACY,012330,0.10123549483125532,0.11279224078105754,0.011556745949802216,0.011556745949802216,1.0,STABILIZED_POSTERIOR_MEAN,418081.40625,REBALANCE
346,2026-03-10,R_EXIT_RECOVERY,278470,0.0,0.15,0.15,0.15,1.0,STABILIZED_POSTERIOR_MEAN,300116.96875,CONFIRMED_REENTRY
347,2026-03-10,B_EQUAL,034730,0.15715972921920515,0.12857142857142856,-0.028588300647776593,-0.028588300647776593,1.0,STABILIZED_POSTERIOR_MEAN,343969.1875,REBALANCE
348,2026-03-10,B_EQUAL,086280,0.15251223867217756,0.12857142857142856,-0.023940810100749,-0.023940810100749,1.0,STABILIZED_POSTERIOR_MEAN,228624.84375,REBALANCE
349,2026-03-10,B_EQUAL,096770,0.1493033003974377,0.12857142857142856,-0.020731871826009135,-0.020731871826009135,1.0,STABILIZED_POSTERIOR_MEAN,119800.0,REBALANCE
350,2026-03-10,B_EQUAL,278470,0.0,0.12857142857142856,0.12857142857142856,0.12857142857142856,1.0,STABILIZED_POSTERIOR_MEAN,300116.96875,ENTRY
351,2026-03-10,D_BAND20,004020,0.0,0.11504785302784105,0.11504785302784105,0.11504785302784105,1.0,STABILIZED_POSTERIOR_MEAN,36175.714844,ENTRY
352,2026-03-10,D_BAND20,034730,0.0,0.09199559954285005,0.09199559954285005,0.09199559954285005,1.0,STABILIZED_POSTERIOR_MEAN,343969.1875,ENTRY
353,2026-03-10,E_VOL_RISK,096770,0.0,0.1,0.1,0.1,1.0,STABILIZED_POSTERIOR_MEAN,119800.0,ENTRY
354,2026-03-11,X_COOLDOWN5,012330,0.0,0.15,0.15,0.15,1.0,STABILIZED_POSTERIOR_MEAN,418081.40625,ENTRY
355,2026-03-11,C_CAP10,278470,0.11122329221805335,0.1,-0.011223292218053349,-0.011223292218053349,1.0,STABILIZED_POSTERIOR_MEAN,317536.6875,REBALANCE
356,2026-03-11,C_CAP08,278470,0.09063414800573961,0.08,-0.010634148005739613,-0.010634148005739613,1.0,STABILIZED_POSTERIOR_MEAN,317536.6875,REBALANCE
357,2026-03-11,E_VOL_RISK,011200,0.0,0.1,0.1,0.1,1.0,STABILIZED_POSTERIOR_MEAN,21000.0,ENTRY
358,2026-03-11,E_VOL_RISK,086280,0.0,0.1,0.1,0.1,1.0,STABILIZED_POSTERIOR_MEAN,230574.734375,ENTRY
359,2026-03-12,A0_LEGACY,278470,0.31977628141414427,0.2877800934816319,-0.031996187932512354,-0.031996187932512354,1.0,STABILIZED_POSTERIOR_MEAN,321020.625,REBALANCE
360,2026-03-12,X_COOLDOWN5,034730,0.0,0.15,0.15,0.15,1.0,STABILIZED_POSTERIOR_MEAN,329269.65625,ENTRY
361,2026-03-12,X_COOLDOWN5,278470,0.0,0.15,0.15,0.15,1.0,STABILIZED_POSTERIOR_MEAN,321020.625,ENTRY
362,2026-03-12,R_EXIT_RECOVERY,004020,0.0,0.15,0.15,0.15,1.0,STABILIZED_POSTERIOR_MEAN,37309.285156,CONFIRMED_REENTRY
363,2026-03-12,R_TREND_REARM,278470,0.0,0.15,0.15,0.15,1.0,STABILIZED_POSTERIOR_MEAN,321020.625,CONFIRMED_REENTRY
364,2026-03-12,B_EQUAL,096770,0.1290573271077484,0.15,0.0209426728922516,0.0209426728922516,1.0,STABILIZED_POSTERIOR_MEAN,121700.0,REBALANCE
365,2026-03-12,E_VOL_RISK,034730,0.0,0.1,0.1,0.1,1.0,STABILIZED_POSTERIOR_MEAN,329269.65625,ENTRY
366,2026-03-12,E_VOL_RISK,278470,0.0,0.1,0.1,0.1,1.0,STABILIZED_POSTERIOR_MEAN,321020.625,ENTRY
367,2026-03-13,A0_LEGACY,161390,0.10815632247883789,0.12633766946727867,0.01818134698844079,0.01818134698844079,1.0,STABILIZED_POSTERIOR_MEAN,53869.824219,REBALANCE
368,2026-03-13,X_CAP15_ONLY,278470,0.17449646940278862,0.15,-0.02449646940278863,-0.02449646940278863,1.0,STABILIZED_POSTERIOR_MEAN,340928.90625,REBALANCE
369,2026-03-13,A_CURRENT,011200,0.1079042558998431,0.15,0.0420957441001569,0.0420957441001569,1.0,STABILIZED_POSTERIOR_MEAN,21050.0,REBALANCE
370,2026-03-13,A_CURRENT,012330,0.14282952301594992,0.0,-0.14282952301594992,-0.14282952301594992,1.0,STABILIZED_POSTERIOR_MEAN,399302.3125,TRAILING_STOP
371,2026-03-13,A_CURRENT,086280,0.12699755670878246,0.15,0.023002443291217534,0.023002443291217534,1.0,STABILIZED_POSTERIOR_MEAN,217412.96875,REBALANCE
372,2026-03-13,R_EXIT_RECOVERY,278470,0.16894158356236363,0.15,-0.01894158356236364,-0.01894158356236364,1.0,STABILIZED_POSTERIOR_MEAN,340928.90625,REBALANCE
373,2026-03-13,B_EQUAL,034730,0.12167579949946214,0.15,0.028324200500537855,0.028324200500537855,1.0,STABILIZED_POSTERIOR_MEAN,324369.8125,REBALANCE
374,2026-03-13,B_EQUAL,086280,0.12270022072465155,0.15,0.02729977927534845,0.02729977927534845,1.0,STABILIZED_POSTERIOR_MEAN,217412.96875,REBALANCE
375,2026-03-13,C_CAP08,012330,0.07623754346906643,0.0,-0.07623754346906643,-0.07623754346906643,1.0,STABILIZED_POSTERIOR_MEAN,399302.3125,TRAILING_STOP
376,2026-03-13,C_CAP08,086280,0.07796902657498786,0.0,-0.07796902657498786,-0.07796902657498786,1.0,STABILIZED_POSTERIOR_MEAN,217412.96875,TRAILING_STOP
377,2026-03-13,C_CAP08,096770,0.07256365683992923,0.0,-0.07256365683992923,-0.07256365683992923,1.0,STABILIZED_POSTERIOR_MEAN,112600.0,HARD_STOP
378,2026-03-13,D_BAND20,011200,0.10618053829549987,0.15,0.04381946170450013,0.04381946170450013,1.0,STABILIZED_POSTERIOR_MEAN,21050.0,REBALANCE
379,2026-03-13,D_BAND20,012330,0.14308846987631316,0.0,-0.14308846987631316,-0.14308846987631316,1.0,STABILIZED_POSTERIOR_MEAN,399302.3125,TRAILING_STOP
380,2026-03-13,D_BAND20,034730,0.0869750504925706,0.15,0.0630249495074294,0.0630249495074294,1.0,STABILIZED_POSTERIOR_MEAN,324369.8125,REBALANCE
381,2026-03-13,D_BAND20,096770,0.13619303762152668,0.0,-0.13619303762152668,-0.13619303762152668,1.0,STABILIZED_POSTERIOR_MEAN,112600.0,HARD_STOP
382,2026-03-13,D_BAND20,278470,0.19216164485312326,0.15,-0.042161644853123265,-0.042161644853123265,1.0,STABILIZED_POSTERIOR_MEAN,340928.90625,REBALANCE
383,2026-03-13,E_VOL_RISK,096770,0.09462913005870945,0.0,-0.09462913005870945,-0.09462913005870945,1.0,STABILIZED_POSTERIOR_MEAN,112600.0,TRAILING_STOP
384,2026-03-16,A_CURRENT,004020,0.11668575305822956,0.0,-0.11668575305822956,-0.11668575305822956,1.0,STABILIZED_POSTERIOR_MEAN,34401.425781,TRAILING_STOP
385,2026-03-16,A_CURRENT,034730,0.0,0.15,0.15,0.15,1.0,STABILIZED_POSTERIOR_MEAN,323879.8125,ENTRY
386,2026-03-16,A_CURRENT,086280,0.15052141505991679,0.0,-0.15052141505991679,-0.15052141505991679,1.0,STABILIZED_POSTERIOR_MEAN,213513.171875,HARD_STOP
387,2026-03-16,A_CURRENT,096770,0.1348397167585607,0.0,-0.1348397167585607,-0.1348397167585607,1.0,STABILIZED_POSTERIOR_MEAN,109300.0,HARD_STOP
388,2026-03-16,X_COOLDOWN5,004020,0.13517233467300308,0.0,-0.13517233467300308,-0.13517233467300308,1.0,STABILIZED_POSTERIOR_MEAN,34401.425781,TRAILING_STOP
389,2026-03-16,R_EXIT_RECOVERY,034730,0.139575432730968,0.0,-0.139575432730968,-0.139575432730968,1.0,STABILIZED_POSTERIOR_MEAN,323879.8125,TRAILING_STOP
390,2026-03-16,B_EQUAL,004020,0.11815553663363552,0.0,-0.11815553663363552,-0.11815553663363552,1.0,STABILIZED_POSTERIOR_MEAN,34401.425781,HARD_STOP
391,2026-03-16,B_EQUAL,011200,0.1332289318791498,0.15,0.01677106812085019,0.01677106812085019,1.0,STABILIZED_POSTERIOR_MEAN,20950.0,REBALANCE
392,2026-03-16,B_EQUAL,086280,0.15041169411279878,0.0,-0.15041169411279878,-0.15041169411279878,1.0,STABILIZED_POSTERIOR_MEAN,213513.171875,HARD_STOP
393,2026-03-16,B_EQUAL,096770,0.139703206356981,0.0,-0.139703206356981,-0.139703206356981,1.0,STABILIZED_POSTERIOR_MEAN,109300.0,HARD_STOP
394,2026-03-16,C_CAP10,034730,0.10090641126025736,0.0,-0.10090641126025736,-0.10090641126025736,1.0,STABILIZED_POSTERIOR_MEAN,323879.8125,TRAILING_STOP
395,2026-03-16,C_CAP10,086280,0.09059331134576207,0.0,-0.09059331134576207,-0.09059331134576207,1.0,STABILIZED_POSTERIOR_MEAN,213513.171875,HARD_STOP
396,2026-03-16,C_CAP10,096770,0.09088791152657516,0.0,-0.09088791152657516,-0.09088791152657516,1.0,STABILIZED_POSTERIOR_MEAN,109300.0,HARD_STOP
397,2026-03-16,C_CAP08,004020,0.07261940651351807,0.0,-0.07261940651351807,-0.07261940651351807,1.0,STABILIZED_POSTERIOR_MEAN,34401.425781,HARD_STOP
398,2026-03-16,D_BAND20,086280,0.12697120184107966,0.0,-0.12697120184107966,-0.12697120184107966,1.0,STABILIZED_POSTERIOR_MEAN,213513.171875,HARD_STOP
399,2026-03-16,E_VOL_RISK,004020,0.0,0.1,0.1,0.1,1.0,STABILIZED_POSTERIOR_MEAN,34401.425781,ENTRY
400,2026-03-17,A_CURRENT,004020,0.0,0.15,0.15,0.15,1.0,STABILIZED_POSTERIOR_MEAN,35042.140625,ENTRY
401,2026-03-17,A_CURRENT,278470,0.1778320521032754,0.15,-0.027832052103275412,-0.027832052103275412,1.0,STABILIZED_POSTERIOR_MEAN,347399.0625,REBALANCE
402,2026-03-17,C_CAP10,034730,0.0,0.1,0.1,0.1,1.0,STABILIZED_POSTERIOR_MEAN,333189.53125,ENTRY
403,2026-03-17,C_CAP10,278470,0.11188176522390691,0.1,-0.01188176522390691,-0.01188176522390691,1.0,STABILIZED_POSTERIOR_MEAN,347399.0625,REBALANCE
404,2026-03-17,C_CAP08,278470,0.0888627445635964,0.08,-0.008862744563596398,-0.008862744563596398,1.0,STABILIZED_POSTERIOR_MEAN,347399.0625,REBALANCE
405,2026-03-18,A_CURRENT,011200,0.1484950018493531,0.10508384970028685,-0.043411152149066254,-0.043411152149066254,1.0,STABILIZED_POSTERIOR_MEAN,21100.0,REBALANCE
406,2026-03-18,X_COOLDOWN5,011200,0.0,0.15,0.15,0.15,1.0,STABILIZED_POSTERIOR_MEAN,21100.0,ENTRY
407,2026-03-18,X_COOLDOWN5,086280,0.0,0.15,0.15,0.15,1.0,STABILIZED_POSTERIOR_MEAN,230574.734375,ENTRY
408,2026-03-18,B_EQUAL,011200,0.1472610897548762,0.12857142857142856,-0.018689661183447642,-0.018689661183447642,1.0,STABILIZED_POSTERIOR_MEAN,21100.0,REBALANCE
409,2026-03-18,B_EQUAL,012330,0.0,0.12857142857142856,0.12857142857142856,0.12857142857142856,1.0,STABILIZED_POSTERIOR_MEAN,425000.0,ENTRY
410,2026-03-18,B_EQUAL,034730,0.15899074128037277,0.12857142857142856,-0.030419312708944213,-0.030419312708944213,1.0,STABILIZED_POSTERIOR_MEAN,345439.15625,REBALANCE
411,2026-03-18,B_EQUAL,086280,0.0,0.12857142857142856,0.12857142857142856,0.12857142857142856,1.0,STABILIZED_POSTERIOR_MEAN,230574.734375,ENTRY
412,2026-03-18,B_EQUAL,096770,0.0,0.12857142857142856,0.12857142857142856,0.12857142857142856,1.0,STABILIZED_POSTERIOR_MEAN,114300.0,ENTRY
413,2026-03-18,B_EQUAL,278470,0.1541892176967402,0.12857142857142856,-0.025617789125311652,-0.025617789125311652,1.0,STABILIZED_POSTERIOR_MEAN,360339.4375,REBALANCE
414,2026-03-18,C_CAP10,086280,0.0,0.1,0.1,0.1,1.0,STABILIZED_POSTERIOR_MEAN,230574.734375,ENTRY
415,2026-03-18,C_CAP10,096770,0.0,0.1,0.1,0.1,1.0,STABILIZED_POSTERIOR_MEAN,114300.0,ENTRY
416,2026-03-18,C_CAP08,096770,0.0,0.08,0.08,0.08,1.0,STABILIZED_POSTERIOR_MEAN,114300.0,ENTRY
417,2026-03-18,D_BAND20,011200,0.14782214631193757,0.10508384970028685,-0.042738296611650725,-0.042738296611650725,1.0,STABILIZED_POSTERIOR_MEAN,21100.0,REBALANCE
418,2026-03-18,D_BAND20,012330,0.0,0.15,0.15,0.15,1.0,STABILIZED_POSTERIOR_MEAN,425000.0,ENTRY
419,2026-03-18,D_BAND20,086280,0.0,0.13787269772902203,0.13787269772902203,0.13787269772902203,1.0,STABILIZED_POSTERIOR_MEAN,230574.734375,ENTRY
420,2026-03-18,D_BAND20,096770,0.0,0.15,0.15,0.15,1.0,STABILIZED_POSTERIOR_MEAN,114300.0,ENTRY
421,2026-03-18,E_VOL_RISK,012330,0.0,0.1,0.1,0.1,1.0,STABILIZED_POSTERIOR_MEAN,425000.0,ENTRY
422,2026-03-19,A0_LEGACY,086280,0.07023107921860867,0.07851128896405395,0.008280209745445272,0.008280209745445272,1.0,STABILIZED_POSTERIOR_MEAN,224725.0625,REBALANCE
423,2026-03-19,A0_LEGACY,278470,0.32092518826205774,0.2877800934816319,-0.03314509478042582,-0.03314509478042582,1.0,STABILIZED_POSTERIOR_MEAN,367307.34375,REBALANCE
424,2026-03-19,X_CAP15_ONLY,096770,0.1286888864788005,0.14428006757310852,0.015591181094308015,0.015591181094308015,1.0,STABILIZED_POSTERIOR_MEAN,110300.0,REBALANCE
425,2026-03-19,A_CURRENT,011200,0.10456422376285934,0.15,0.04543577623714065,0.04543577623714065,1.0,STABILIZED_POSTERIOR_MEAN,20850.0,REBALANCE
426,2026-03-19,X_COOLDOWN5,278470,0.16987075152247624,0.15,-0.01987075152247625,-0.01987075152247625,1.0,STABILIZED_POSTERIOR_MEAN,367307.34375,REBALANCE
427,2026-03-19,R_TREND_REARM,278470,0.16730448663486522,0.15,-0.017304486634865224,-0.017304486634865224,1.0,STABILIZED_POSTERIOR_MEAN,367307.34375,REBALANCE
428,2026-03-19,B_EQUAL,004020,0.0,0.12857142857142856,0.12857142857142856,0.12857142857142856,1.0,STABILIZED_POSTERIOR_MEAN,35337.855469,ENTRY
429,2026-03-19,C_CAP10,004020,0.09238163343009417,0.0,-0.09238163343009417,-0.09238163343009417,1.0,STABILIZED_POSTERIOR_MEAN,35337.855469,TRAILING_STOP
430,2026-03-19,C_CAP08,004020,0.0,0.08,0.08,0.08,1.0,STABILIZED_POSTERIOR_MEAN,35337.855469,ENTRY
431,2026-03-20,A0_LEGACY,004020,0.06398658499139487,0.07621200903864599,0.012225424047251118,0.012225424047251118,1.0,STABILIZED_POSTERIOR_MEAN,36915.0,REBALANCE
432,2026-03-20,A0_LEGACY,011200,0.05895380160420319,0.06961147985296103,0.010657678248757838,0.010657678248757838,1.0,STABILIZED_POSTERIOR_MEAN,21250.0,REBALANCE
433,2026-03-20,A0_LEGACY,034730,0.04987496957007932,0.06094133249212981,0.011066362922050488,0.011066362922050488,1.0,STABILIZED_POSTERIOR_MEAN,352788.90625,REBALANCE
434,2026-03-20,A0_LEGACY,086280,0.0785515037145296,0.09133204148506756,0.012780537770537961,0.012780537770537961,1.0,STABILIZED_POSTERIOR_MEAN,224725.0625,REBALANCE
435,2026-03-20,A0_LEGACY,278470,0.2805147194533647,0.3347740660387684,0.05425934658540371,0.05425934658540371,1.0,STABILIZED_POSTERIOR_MEAN,357850.90625,REBALANCE
436,2026-03-20,X_CAP15_ONLY,011200,0.07133096759852385,0.10508384970028685,0.033752882101763,0.033752882101763,1.0,STABILIZED_POSTERIOR_MEAN,21250.0,REBALANCE
437,2026-03-20,X_CAP15_ONLY,086280,0.0906908673910161,0.13787269772902203,0.04718183033800592,0.04718183033800592,1.0,STABILIZED_POSTERIOR_MEAN,224725.0625,REBALANCE
438,2026-03-20,X_CAP15_ONLY,161390,0.1471582550043629,0.0,-0.1471582550043629,-0.1471582550043629,1.0,STABILIZED_POSTERIOR_MEAN,55915.515625,REBALANCE
439,2026-03-20,A_CURRENT,096770,0.0,0.15,0.15,0.15,1.0,STABILIZED_POSTERIOR_MEAN,113900.0,ENTRY
440,2026-03-20,D_BAND20,034730,0.1618554770190064,0.09199559954285005,-0.06985987747615635,-0.06985987747615635,1.0,STABILIZED_POSTERIOR_MEAN,352788.90625,REBALANCE
441,2026-03-23,A0_LEGACY,012330,0.10629079406158631,0.13121101118242745,0.024920217120841137,0.024920217120841137,1.0,STABILIZED_POSTERIOR_MEAN,381000.0,REBALANCE
442,2026-03-23,A0_LEGACY,161390,0.12983421549854549,0.0,-0.12983421549854549,-0.12983421549854549,1.0,STABILIZED_POSTERIOR_MEAN,52798.273438,REBALANCE
443,2026-03-23,X_CAP15_ONLY,004020,0.08191306197222833,0.11504785302784105,0.03313479105561272,0.03313479105561272,1.0,STABILIZED_POSTERIOR_MEAN,34007.140625,REBALANCE
444,2026-03-23,X_CAP15_ONLY,034730,0.062326573176744594,0.09199559954285005,0.02966902636610546,0.02966902636610546,1.0,STABILIZED_POSTERIOR_MEAN,322409.875,REBALANCE
445,2026-03-23,A_CURRENT,034730,0.15307015106114102,0.0,-0.15307015106114102,-0.15307015106114102,1.0,STABILIZED_POSTERIOR_MEAN,322409.875,TRAILING_STOP
446,2026-03-23,A_CURRENT,278470,0.14500041776646388,0.0,-0.14500041776646388,-0.14500041776646388,1.0,STABILIZED_POSTERIOR_MEAN,323011.46875,TRAILING_STOP
447,2026-03-23,X_COOLDOWN5,012330,0.14316448219585767,0.0,-0.14316448219585767,-0.14316448219585767,1.0,STABILIZED_POSTERIOR_MEAN,381000.0,TRAILING_STOP
448,2026-03-23,X_COOLDOWN5,034730,0.15362519664306604,0.0,-0.15362519664306604,-0.15362519664306604,1.0,STABILIZED_POSTERIOR_MEAN,322409.875,TRAILING_STOP
449,2026-03-23,X_COOLDOWN5,278470,0.139400228087493,0.0,-0.139400228087493,-0.139400228087493,1.0,STABILIZED_POSTERIOR_MEAN,323011.46875,TRAILING_STOP
450,2026-03-23,R_EXIT_RECOVERY,278470,0.1447151342671472,0.0,-0.1447151342671472,-0.1447151342671472,1.0,STABILIZED_POSTERIOR_MEAN,323011.46875,TRAILING_STOP
451,2026-03-23,R_TREND_REARM,034730,0.13861650545112317,0.0,-0.13861650545112317,-0.13861650545112317,1.0,STABILIZED_POSTERIOR_MEAN,322409.875,TRAILING_STOP
452,2026-03-23,R_TREND_REARM,278470,0.13530293744968064,0.0,-0.13530293744968064,-0.13530293744968064,1.0,STABILIZED_POSTERIOR_MEAN,323011.46875,TRAILING_STOP
453,2026-03-23,B_EQUAL,011200,0.1296255503288428,0.0,-0.1296255503288428,-0.1296255503288428,1.0,STABILIZED_POSTERIOR_MEAN,19810.0,TRAILING_STOP
454,2026-03-23,B_EQUAL,012330,0.12377263552556345,0.0,-0.12377263552556345,-0.12377263552556345,1.0,STABILIZED_POSTERIOR_MEAN,381000.0,HARD_STOP
455,2026-03-23,B_EQUAL,034730,0.12886214730702036,0.0,-0.12886214730702036,-0.12886214730702036,1.0,STABILIZED_POSTERIOR_MEAN,322409.875,TRAILING_STOP
456,2026-03-23,B_EQUAL,096770,0.1275575827847996,0.15,0.022442417215200405,0.022442417215200405,1.0,STABILIZED_POSTERIOR_MEAN,105600.0,REBALANCE
457,2026-03-23,B_EQUAL,278470,0.12376411459219215,0.0,-0.12376411459219215,-0.12376411459219215,1.0,STABILIZED_POSTERIOR_MEAN,323011.46875,TRAILING_STOP
458,2026-03-23,C_CAP10,004020,0.0,0.1,0.1,0.1,1.0,STABILIZED_POSTERIOR_MEAN,34007.140625,ENTRY
459,2026-03-23,C_CAP10,011200,0.0999997580895657,0.0,-0.0999997580895657,-0.0999997580895657,1.0,STABILIZED_POSTERIOR_MEAN,19810.0,TRAILING_STOP
460,2026-03-23,C_CAP10,034730,0.1005185636231251,0.0,-0.1005185636231251,-0.1005185636231251,1.0,STABILIZED_POSTERIOR_MEAN,322409.875,TRAILING_STOP
461,2026-03-23,C_CAP10,278470,0.09658697991526805,0.0,-0.09658697991526805,-0.09658697991526805,1.0,STABILIZED_POSTERIOR_MEAN,323011.46875,TRAILING_STOP
462,2026-03-23,C_CAP08,011200,0.0777573851584664,0.0,-0.0777573851584664,-0.0777573851584664,1.0,STABILIZED_POSTERIOR_MEAN,19810.0,TRAILING_STOP
463,2026-03-23,C_CAP08,278470,0.07599985338424305,0.0,-0.07599985338424305,-0.07599985338424305,1.0,STABILIZED_POSTERIOR_MEAN,323011.46875,TRAILING_STOP
464,2026-03-23,D_BAND20,004020,0.11517753771689243,0.0,-0.11517753771689243,-0.11517753771689243,1.0,STABILIZED_POSTERIOR_MEAN,34007.140625,TRAILING_STOP
465,2026-03-23,D_BAND20,011200,0.10659814195170346,0.0,-0.10659814195170346,-0.10659814195170346,1.0,STABILIZED_POSTERIOR_MEAN,19810.0,TRAILING_STOP
466,2026-03-23,D_BAND20,012330,0.14529107753633327,0.0,-0.14529107753633327,-0.14529107753633327,1.0,STABILIZED_POSTERIOR_MEAN,381000.0,HARD_STOP
467,2026-03-23,D_BAND20,034730,0.09001779033160562,0.0,-0.09001779033160562,-0.09001779033160562,1.0,STABILIZED_POSTERIOR_MEAN,322409.875,TRAILING_STOP
468,2026-03-23,D_BAND20,278470,0.1509645253798935,0.0,-0.1509645253798935,-0.1509645253798935,1.0,STABILIZED_POSTERIOR_MEAN,323011.46875,TRAILING_STOP
469,2026-03-23,E_VOL_RISK,004020,0.10090550305229427,0.0,-0.10090550305229427,-0.10090550305229427,1.0,STABILIZED_POSTERIOR_MEAN,34007.140625,TRAILING_STOP
470,2026-03-23,E_VOL_RISK,012330,0.09445065792163687,0.0,-0.09445065792163687,-0.09445065792163687,1.0,STABILIZED_POSTERIOR_MEAN,381000.0,HARD_STOP
471,2026-03-23,E_VOL_RISK,278470,0.10435094156654566,0.0,-0.10435094156654566,-0.10435094156654566,1.0,STABILIZED_POSTERIOR_MEAN,323011.46875,TRAILING_STOP
472,2026-03-24,A_CURRENT,034730,0.0,0.15,0.15,0.15,1.0,STABILIZED_POSTERIOR_MEAN,336619.40625,ENTRY
473,2026-03-24,A_CURRENT,278470,0.0,0.15,0.15,0.15,1.0,STABILIZED_POSTERIOR_MEAN,330974.75,ENTRY
474,2026-03-24,B_EQUAL,004020,0.13225526734063806,0.15,0.01774473265936194,0.01774473265936194,1.0,STABILIZED_POSTERIOR_MEAN,34746.425781,REBALANCE
475,2026-03-24,B_EQUAL,034730,0.0,0.15,0.15,0.15,1.0,STABILIZED_POSTERIOR_MEAN,336619.40625,ENTRY
476,2026-03-24,B_EQUAL,278470,0.0,0.15,0.15,0.15,1.0,STABILIZED_POSTERIOR_MEAN,330974.75,ENTRY
477,2026-03-24,C_CAP10,012330,0.0943343102462531,0.0,-0.0943343102462531,-0.0943343102462531,1.0,STABILIZED_POSTERIOR_MEAN,392500.0,HARD_STOP
478,2026-03-24,C_CAP10,278470,0.0,0.1,0.1,0.1,1.0,STABILIZED_POSTERIOR_MEAN,330974.75,ENTRY
479,2026-03-24,D_BAND20,278470,0.0,0.15,0.15,0.15,1.0,STABILIZED_POSTERIOR_MEAN,330974.75,ENTRY
480,2026-03-24,E_VOL_RISK,011200,0.09737626386985006,0.0,-0.09737626386985006,-0.09737626386985006,1.0,STABILIZED_POSTERIOR_MEAN,19930.0,TRAILING_STOP
481,2026-03-24,E_VOL_RISK,034730,0.10516786643937942,0.0,-0.10516786643937942,-0.10516786643937942,1.0,STABILIZED_POSTERIOR_MEAN,336619.40625,REBALANCE
482,2026-03-24,E_VOL_RISK,086280,0.09674729536885297,0.0,-0.09674729536885297,-0.09674729536885297,1.0,STABILIZED_POSTERIOR_MEAN,217412.96875,REBALANCE
483,2026-03-25,A0_LEGACY,096770,0.1147478692006826,0.1359180599099998,0.021170190709317208,0.021170190709317208,1.0,STABILIZED_POSTERIOR_MEAN,114100.0,REBALANCE
484,2026-03-25,X_CAP15_ONLY,012330,0.13040763266469338,0.15,0.019592367335306615,0.019592367335306615,1.0,STABILIZED_POSTERIOR_MEAN,402000.0,REBALANCE
485,2026-03-25,B_EQUAL,086280,0.13083674464160666,0.15,0.019163255358393333,0.019163255358393333,1.0,STABILIZED_POSTERIOR_MEAN,223750.109375,REBALANCE
486,2026-03-25,C_CAP08,278470,0.0,0.08,0.08,0.08,1.0,STABILIZED_POSTERIOR_MEAN,326993.125,ENTRY
487,2026-03-25,D_BAND20,004020,0.0,0.15,0.15,0.15,1.0,STABILIZED_POSTERIOR_MEAN,35190.0,ENTRY
488,2026-03-26,A0_LEGACY,004020,0.07652833040110874,0.10124747912743169,0.024719148726322956,0.024719148726322956,1.0,STABILIZED_POSTERIOR_MEAN,34450.714844,REBALANCE
489,2026-03-26,A0_LEGACY,011200,0.0698248273824618,0.09247869125019881,0.022653863867737004,0.022653863867737004,1.0,STABILIZED_POSTERIOR_MEAN,19810.0,REBALANCE
490,2026-03-26,A0_LEGACY,012330,0.13667705733264857,0.0,-0.13667705733264857,-0.13667705733264857,1.0,STABILIZED_POSTERIOR_MEAN,398500.0,REBALANCE
491,2026-03-26,A0_LEGACY,034730,0.06129117817864719,0.08096042037634768,0.01966924219770049,0.01966924219770049,1.0,STABILIZED_POSTERIOR_MEAN,329759.625,REBALANCE
492,2026-03-26,A0_LEGACY,086280,0.09699226218870577,0.0,-0.09699226218870577,-0.09699226218870577,1.0,STABILIZED_POSTERIOR_MEAN,221800.21875,REBALANCE
493,2026-03-26,A0_LEGACY,278470,0.3106118818536359,0.44474657854089594,0.13413469668726002,0.13413469668726002,1.0,STABILIZED_POSTERIOR_MEAN,308577.96875,REBALANCE
494,2026-03-26,X_CAP15_ONLY,012330,0.15171732891099687,0.0,-0.15171732891099687,-0.15171732891099687,1.0,STABILIZED_POSTERIOR_MEAN,398500.0,REBALANCE
495,2026-03-26,X_CAP15_ONLY,086280,0.14218713263060687,0.0,-0.14218713263060687,-0.14218713263060687,1.0,STABILIZED_POSTERIOR_MEAN,221800.21875,REBALANCE
496,2026-03-26,A_CURRENT,011200,0.15061421752000512,0.0,-0.15061421752000512,-0.15061421752000512,1.0,STABILIZED_POSTERIOR_MEAN,19810.0,TRAILING_STOP
497,2026-03-26,X_COOLDOWN5,086280,0.15275234513138214,0.0,-0.15275234513138214,-0.15275234513138214,1.0,STABILIZED_POSTERIOR_MEAN,221800.21875,REBALANCE
498,2026-03-26,B_EQUAL,086280,0.15183785472840947,0.0,-0.15183785472840947,-0.15183785472840947,1.0,STABILIZED_POSTERIOR_MEAN,221800.21875,REBALANCE
499,2026-03-27,A0_LEGACY,096770,0.13327991594853972,0.18056683070512589,0.04728691475658617,0.04728691475658617,1.0,STABILIZED_POSTERIOR_MEAN,111400.0,REBALANCE
500,2026-03-27,X_CAP15_ONLY,004020,0.11392674249311814,0.15,0.03607325750688185,0.03607325750688185,1.0,STABILIZED_POSTERIOR_MEAN,34500.0,REBALANCE
501,2026-03-27,X_CAP15_ONLY,034730,0.09116241115587408,0.15,0.05883758884412592,0.05883758884412592,1.0,STABILIZED_POSTERIOR_MEAN,327309.71875,REBALANCE
502,2026-03-27,C_CAP10,034730,0.0,0.1,0.1,0.1,1.0,STABILIZED_POSTERIOR_MEAN,327309.71875,ENTRY
503,2026-03-27,C_CAP10,086280,0.10190405746611932,0.0,-0.10190405746611932,-0.10190405746611932,1.0,STABILIZED_POSTERIOR_MEAN,225700.0,REBALANCE
504,2026-03-27,D_BAND20,086280,0.14401974472141615,0.0,-0.14401974472141615,-0.14401974472141615,1.0,STABILIZED_POSTERIOR_MEAN,225700.0,REBALANCE
505,2026-03-30,X_COOLDOWN5,011200,0.14741869577714597,0.0,-0.14741869577714597,-0.14741869577714597,1.0,STABILIZED_POSTERIOR_MEAN,19550.0,TRAILING_STOP
506,2026-03-30,C_CAP08,034730,0.07493141129285952,0.0,-0.07493141129285952,-0.07493141129285952,1.0,STABILIZED_POSTERIOR_MEAN,318000.0,TRAILING_STOP
507,2026-03-31,A0_LEGACY,004020,0.09638126628572266,0.0,-0.09638126628572266,-0.09638126628572266,1.0,STABILIZED_POSTERIOR_MEAN,33650.0,REBALANCE
508,2026-03-31,A0_LEGACY,011200,0.08903681239087016,0.0,-0.08903681239087016,-0.08903681239087016,1.0,STABILIZED_POSTERIOR_MEAN,19570.0,REBALANCE
509,2026-03-31,A0_LEGACY,278470,0.4733683084180399,0.9,0.4266316915819601,0.4266316915819601,1.0,STABILIZED_POSTERIOR_MEAN,337000.0,REBALANCE
510,2026-03-31,X_CAP15_ONLY,011200,0.10197826907209463,0.0,-0.10197826907209463,-0.10197826907209463,1.0,STABILIZED_POSTERIOR_MEAN,19570.0,REBALANCE
511,2026-03-31,X_CAP15_ONLY,034730,0.14000649296621956,0.0,-0.14000649296621956,-0.14000649296621956,1.0,STABILIZED_POSTERIOR_MEAN,301000.0,REBALANCE
512,2026-03-31,X_CAP15_ONLY,096770,0.14906612274274492,0.0,-0.14906612274274492,-0.14906612274274492,1.0,STABILIZED_POSTERIOR_MEAN,108700.0,REBALANCE
513,2026-03-31,A_CURRENT,004020,0.15134459301426245,0.0,-0.15134459301426245,-0.15134459301426245,1.0,STABILIZED_POSTERIOR_MEAN,33650.0,TRAILING_STOP
514,2026-03-31,A_CURRENT,034730,0.13697884521729883,0.0,-0.13697884521729883,-0.13697884521729883,1.0,STABILIZED_POSTERIOR_MEAN,301000.0,HARD_STOP
515,2026-03-31,A_CURRENT,096770,0.15415878862430746,0.0,-0.15415878862430746,-0.15415878862430746,1.0,STABILIZED_POSTERIOR_MEAN,108700.0,REBALANCE
516,2026-03-31,R_EXIT_RECOVERY,004020,0.13735106521951476,0.0,-0.13735106521951476,-0.13735106521951476,1.0,STABILIZED_POSTERIOR_MEAN,33650.0,REBALANCE
517,2026-03-31,R_EXIT_RECOVERY,278470,0.0,0.15,0.15,0.15,1.0,STABILIZED_POSTERIOR_MEAN,337000.0,CONFIRMED_REENTRY
518,2026-03-31,B_EQUAL,034730,0.13650477595199134,0.0,-0.13650477595199134,-0.13650477595199134,1.0,STABILIZED_POSTERIOR_MEAN,301000.0,HARD_STOP
519,2026-03-31,B_EQUAL,096770,0.15507265100603135,0.0,-0.15507265100603135,-0.15507265100603135,1.0,STABILIZED_POSTERIOR_MEAN,108700.0,REBALANCE
520,2026-03-31,C_CAP10,004020,0.09843572035969439,0.0,-0.09843572035969439,-0.09843572035969439,1.0,STABILIZED_POSTERIOR_MEAN,33650.0,REBALANCE
521,2026-03-31,C_CAP10,034730,0.09284333279278219,0.0,-0.09284333279278219,-0.09284333279278219,1.0,STABILIZED_POSTERIOR_MEAN,301000.0,REBALANCE
522,2026-03-31,C_CAP10,096770,0.09995351592887788,0.0,-0.09995351592887788,-0.09995351592887788,1.0,STABILIZED_POSTERIOR_MEAN,108700.0,REBALANCE
523,2026-03-31,C_CAP08,004020,0.07785630006335699,0.0,-0.07785630006335699,-0.07785630006335699,1.0,STABILIZED_POSTERIOR_MEAN,33650.0,TRAILING_STOP
524,2026-03-31,C_CAP08,096770,0.07803865533454127,0.0,-0.07803865533454127,-0.07803865533454127,1.0,STABILIZED_POSTERIOR_MEAN,108700.0,REBALANCE
525,2026-03-31,D_BAND20,004020,0.14464253306466482,0.0,-0.14464253306466482,-0.14464253306466482,1.0,STABILIZED_POSTERIOR_MEAN,33650.0,REBALANCE
526,2026-03-31,D_BAND20,096770,0.15256863922193029,0.0,-0.15256863922193029,-0.15256863922193029,1.0,STABILIZED_POSTERIOR_MEAN,108700.0,REBALANCE
527,2026-03-31,E_VOL_RISK,278470,0.0,0.1,0.1,0.1,1.0,STABILIZED_POSTERIOR_MEAN,337000.0,ENTRY
528,2026-04-01,A0_LEGACY,034730,0.07488933221497664,0.0,-0.07488933221497664,-0.07488933221497664,1.0,STABILIZED_POSTERIOR_MEAN,323000.0,REBALANCE
529,2026-04-01,X_CAP15_ONLY,004020,0.15512118870127636,0.0,-0.15512118870127636,-0.15512118870127636,1.0,STABILIZED_POSTERIOR_MEAN,35550.0,REBALANCE
530,2026-04-01,B_EQUAL,004020,0.15443663773803504,0.0,-0.15443663773803504,-0.15443663773803504,1.0,STABILIZED_POSTERIOR_MEAN,35550.0,REBALANCE
531,2026-04-02,A0_LEGACY,096770,0.18253041762965605,0.0,-0.18253041762965605,-0.18253041762965605,1.0,STABILIZED_POSTERIOR_MEAN,115500.0,REBALANCE
532,2026-04-02,X_COOLDOWN5,278470,0.0,0.15,0.15,0.15,1.0,STABILIZED_POSTERIOR_MEAN,339500.0,ENTRY
533,2026-04-07,E_VOL_RISK,278470,0.09489704565801255,0.0,-0.09489704565801255,-0.09489704565801255,1.0,STABILIZED_POSTERIOR_MEAN,318000.0,TRAILING_STOP
534,2026-04-08,A0_LEGACY,402340,0.0,0.3749576353068839,0.3749576353068839,0.3749576353068839,1.0,STABILIZED_POSTERIOR_MEAN,577247.125,ENTRY
535,2026-04-08,X_CAP15_ONLY,402340,0.0,0.15,0.15,0.15,1.0,STABILIZED_POSTERIOR_MEAN,577247.125,ENTRY
536,2026-04-08,X_COOLDOWN5,402340,0.0,0.15,0.15,0.15,1.0,STABILIZED_POSTERIOR_MEAN,577247.125,ENTRY
537,2026-04-08,R_EXIT_RECOVERY,402340,0.0,0.15,0.15,0.15,1.0,STABILIZED_POSTERIOR_MEAN,577247.125,ENTRY
538,2026-04-08,R_TREND_REARM,402340,0.0,0.15,0.15,0.15,1.0,STABILIZED_POSTERIOR_MEAN,577247.125,ENTRY
539,2026-04-08,B_EQUAL,402340,0.0,0.15,0.15,0.15,1.0,STABILIZED_POSTERIOR_MEAN,577247.125,ENTRY
540,2026-04-08,C_CAP10,402340,0.0,0.1,0.1,0.1,1.0,STABILIZED_POSTERIOR_MEAN,577247.125,ENTRY
541,2026-04-08,E_VOL_RISK,402340,0.0,0.1,0.1,0.1,1.0,STABILIZED_POSTERIOR_MEAN,577247.125,ENTRY
542,2026-04-09,A0_LEGACY,278470,0.9033483272627953,0.5250423646931162,-0.3783059625696792,-0.3783059625696792,1.0,STABILIZED_POSTERIOR_MEAN,365500.0,REBALANCE
543,2026-04-09,A_CURRENT,278470,0.1669657413730848,0.15,-0.01696574137308479,-0.01696574137308479,1.0,STABILIZED_POSTERIOR_MEAN,365500.0,REBALANCE
544,2026-04-09,A_CURRENT,402340,0.0,0.15,0.15,0.15,1.0,STABILIZED_POSTERIOR_MEAN,559270.5625,ENTRY
545,2026-04-09,C_CAP08,278470,0.08967831495119628,0.08,-0.009678314951196282,-0.009678314951196282,1.0,STABILIZED_POSTERIOR_MEAN,365500.0,REBALANCE
546,2026-04-09,C_CAP08,402340,0.0,0.08,0.08,0.08,1.0,STABILIZED_POSTERIOR_MEAN,559270.5625,ENTRY
547,2026-04-09,D_BAND20,402340,0.0,0.15,0.15,0.15,1.0,STABILIZED_POSTERIOR_MEAN,559270.5625,ENTRY
548,2026-04-10,X_CAP15_ONLY,278470,0.17232335732861542,0.15,-0.02232335732861543,-0.02232335732861543,1.0,STABILIZED_POSTERIOR_MEAN,393000.0,REBALANCE
549,2026-04-10,X_COOLDOWN5,278470,0.17005845785377233,0.15,-0.020058457853772332,-0.020058457853772332,1.0,STABILIZED_POSTERIOR_MEAN,393000.0,REBALANCE
550,2026-04-10,R_EXIT_RECOVERY,278470,0.1711046383552535,0.15,-0.021104638355253502,-0.021104638355253502,1.0,STABILIZED_POSTERIOR_MEAN,393000.0,REBALANCE
551,2026-04-10,R_TREND_REARM,278470,0.0,0.15,0.15,0.15,1.0,STABILIZED_POSTERIOR_MEAN,393000.0,CONFIRMED_REENTRY
552,2026-04-10,B_EQUAL,278470,0.1757206722021436,0.15,-0.025720672202143607,-0.025720672202143607,1.0,STABILIZED_POSTERIOR_MEAN,393000.0,REBALANCE
553,2026-04-10,C_CAP10,278470,0.11776837111294737,0.1,-0.017768371112947365,-0.017768371112947365,1.0,STABILIZED_POSTERIOR_MEAN,393000.0,REBALANCE
554,2026-04-14,A0_LEGACY,278470,0.5143386954846165,0.37861491791768725,-0.13572377756692927,-0.13572377756692927,1.0,STABILIZED_POSTERIOR_MEAN,386000.0,REBALANCE
555,2026-04-14,A0_LEGACY,402340,0.36077190943480986,0.27038685611075086,-0.090385053324059,-0.090385053324059,1.0,STABILIZED_POSTERIOR_MEAN,639166.375,REBALANCE
556,2026-04-14,X_CAP15_ONLY,267260,0.0,0.15,0.15,0.15,1.0,STABILIZED_POSTERIOR_MEAN,1059987.375,ENTRY
557,2026-04-14,A_CURRENT,267260,0.0,0.15,0.15,0.15,1.0,STABILIZED_POSTERIOR_MEAN,1059987.375,ENTRY
558,2026-04-14,R_EXIT_RECOVERY,267260,0.0,0.15,0.15,0.15,1.0,STABILIZED_POSTERIOR_MEAN,1059987.375,ENTRY
559,2026-04-14,B_EQUAL,267260,0.0,0.15,0.15,0.15,1.0,STABILIZED_POSTERIOR_MEAN,1059987.375,ENTRY
560,2026-04-14,C_CAP10,267260,0.0,0.1,0.1,0.1,1.0,STABILIZED_POSTERIOR_MEAN,1059987.375,ENTRY
561,2026-04-14,C_CAP08,402340,0.08999623192617251,0.08,-0.009996231926172508,-0.009996231926172508,1.0,STABILIZED_POSTERIOR_MEAN,639166.375,REBALANCE
562,2026-04-14,D_BAND20,267260,0.0,0.15,0.15,0.15,1.0,STABILIZED_POSTERIOR_MEAN,1059987.375,ENTRY
563,2026-04-14,E_VOL_RISK,267260,0.0,0.1,0.1,0.1,1.0,STABILIZED_POSTERIOR_MEAN,1059987.375,ENTRY
564,2026-04-15,A_CURRENT,402340,0.17028877476691895,0.15,-0.020288774766918954,-0.020288774766918954,1.0,STABILIZED_POSTERIOR_MEAN,664133.8125,REBALANCE
565,2026-04-15,R_TREND_REARM,267260,0.0,0.15,0.15,0.15,1.0,STABILIZED_POSTERIOR_MEAN,1048997.875,ENTRY
566,2026-04-15,R_TREND_REARM,402340,0.16752014997850023,0.15,-0.017520149978500238,-0.017520149978500238,1.0,STABILIZED_POSTERIOR_MEAN,664133.8125,REBALANCE
567,2026-04-15,C_CAP10,402340,0.11098330206994125,0.1,-0.010983302069941248,-0.010983302069941248,1.0,STABILIZED_POSTERIOR_MEAN,664133.8125,REBALANCE
568,2026-04-15,C_CAP08,278470,0.08819191652190446,0.08,-0.008191916521904458,-0.008191916521904458,1.0,STABILIZED_POSTERIOR_MEAN,413000.0,REBALANCE
569,2026-04-16,A0_LEGACY,259960,0.0,0.2183674711999805,0.2183674711999805,0.2183674711999805,1.0,STABILIZED_POSTERIOR_MEAN,256500.0,ENTRY
570,2026-04-16,A0_LEGACY,278470,0.38754923286531884,0.2867513821573833,-0.10079785070793551,-0.10079785070793551,1.0,STABILIZED_POSTERIOR_MEAN,414500.0,REBALANCE
571,2026-04-16,X_COOLDOWN5,259960,0.0,0.15,0.15,0.15,1.0,STABILIZED_POSTERIOR_MEAN,256500.0,ENTRY
572,2026-04-16,X_COOLDOWN5,267260,0.0,0.15,0.15,0.15,1.0,STABILIZED_POSTERIOR_MEAN,1083964.375,ENTRY
573,2026-04-16,X_COOLDOWN5,402340,0.16846755589447224,0.15,-0.018467555894472243,-0.018467555894472243,1.0,STABILIZED_POSTERIOR_MEAN,689101.25,REBALANCE
574,2026-04-16,R_EXIT_RECOVERY,259960,0.0,0.15,0.15,0.15,1.0,STABILIZED_POSTERIOR_MEAN,256500.0,ENTRY
575,2026-04-16,R_TREND_REARM,259960,0.0,0.15,0.15,0.15,1.0,STABILIZED_POSTERIOR_MEAN,256500.0,ENTRY
576,2026-04-16,B_EQUAL,259960,0.0,0.15,0.15,0.15,1.0,STABILIZED_POSTERIOR_MEAN,256500.0,ENTRY
577,2026-04-16,B_EQUAL,402340,0.16777233817016612,0.15,-0.01777233817016613,-0.01777233817016613,1.0,STABILIZED_POSTERIOR_MEAN,689101.25,REBALANCE
578,2026-04-16,C_CAP08,259960,0.0,0.08,0.08,0.08,1.0,STABILIZED_POSTERIOR_MEAN,256500.0,ENTRY
579,2026-04-16,D_BAND20,259960,0.0,0.15,0.15,0.15,1.0,STABILIZED_POSTERIOR_MEAN,256500.0,ENTRY
580,2026-04-16,E_VOL_RISK,278470,0.0,0.1,0.1,0.1,1.0,STABILIZED_POSTERIOR_MEAN,414500.0,ENTRY
581,2026-04-17,A0_LEGACY,267260,0.0,0.19009839499257158,0.19009839499257158,0.19009839499257158,1.0,STABILIZED_POSTERIOR_MEAN,1085962.5,ENTRY
582,2026-04-17,A0_LEGACY,402340,0.2729600295331858,0.2047827516500646,-0.06817727788312122,-0.06817727788312122,1.0,STABILIZED_POSTERIOR_MEAN,681111.6875,REBALANCE
583,2026-04-17,X_CAP15_ONLY,259960,0.0,0.15,0.15,0.15,1.0,STABILIZED_POSTERIOR_MEAN,263500.0,ENTRY
584,2026-04-17,X_CAP15_ONLY,402340,0.16588274710545986,0.15,-0.015882747105459866,-0.015882747105459866,1.0,STABILIZED_POSTERIOR_MEAN,681111.6875,REBALANCE
585,2026-04-17,A_CURRENT,259960,0.0,0.15,0.15,0.15,1.0,STABILIZED_POSTERIOR_MEAN,263500.0,ENTRY
586,2026-04-17,R_EXIT_RECOVERY,402340,0.16523595073987746,0.15,-0.015235950739877463,-0.015235950739877463,1.0,STABILIZED_POSTERIOR_MEAN,681111.6875,REBALANCE
587,2026-04-17,C_CAP10,259960,0.0,0.1,0.1,0.1,1.0,STABILIZED_POSTERIOR_MEAN,263500.0,ENTRY
588,2026-04-17,C_CAP08,267260,0.0,0.08,0.08,0.08,1.0,STABILIZED_POSTERIOR_MEAN,1085962.5,ENTRY
589,2026-04-21,C_CAP08,402340,0.08865582079348337,0.08,-0.00865582079348337,-0.00865582079348337,1.0,STABILIZED_POSTERIOR_MEAN,717064.75,REBALANCE
590,2026-04-21,D_BAND20,402340,0.1812855484929323,0.15,-0.0312855484929323,-0.0312855484929323,1.0,STABILIZED_POSTERIOR_MEAN,717064.75,REBALANCE
591,2026-04-21,E_VOL_RISK,259960,0.0,0.1,0.1,0.1,1.0,STABILIZED_POSTERIOR_MEAN,255000.0,ENTRY
592,2026-04-21,E_VOL_RISK,402340,0.1214491900273847,0.1,-0.0214491900273847,-0.0214491900273847,1.0,STABILIZED_POSTERIOR_MEAN,717064.75,REBALANCE
593,2026-04-22,A_CURRENT,278470,0.1657410968557034,0.15,-0.015741096855703407,-0.015741096855703407,1.0,STABILIZED_POSTERIOR_MEAN,434000.0,REBALANCE
594,2026-04-24,C_CAP10,267260,0.11188348651062975,0.1,-0.011883486510629745,-0.011883486510629745,1.0,STABILIZED_POSTERIOR_MEAN,1246808.875,REBALANCE
595,2026-04-24,C_CAP08,267260,0.08949002869259678,0.08,-0.009490028692596783,-0.009490028692596783,1.0,STABILIZED_POSTERIOR_MEAN,1246808.875,REBALANCE
596,2026-04-27,A_CURRENT,267260,0.167638922658235,0.15,-0.017638922658234996,-0.017638922658234996,1.0,STABILIZED_POSTERIOR_MEAN,1304753.5,REBALANCE
597,2026-04-27,X_COOLDOWN5,267260,0.1677768051821106,0.15,-0.01777680518211061,-0.01777680518211061,1.0,STABILIZED_POSTERIOR_MEAN,1304753.5,REBALANCE
598,2026-04-27,R_TREND_REARM,267260,0.17126454076722106,0.15,-0.021264540767221063,-0.021264540767221063,1.0,STABILIZED_POSTERIOR_MEAN,1304753.5,REBALANCE
599,2026-04-27,B_EQUAL,267260,0.16715365684141834,0.15,-0.01715365684141834,-0.01715365684141834,1.0,STABILIZED_POSTERIOR_MEAN,1304753.5,REBALANCE
600,2026-04-28,R_TREND_REARM,402340,0.16722026223091374,0.15,-0.017220262230913747,-0.017220262230913747,1.0,STABILIZED_POSTERIOR_MEAN,809943.625,REBALANCE
601,2026-04-28,C_CAP10,402340,0.11519140406022822,0.1,-0.015191404060228217,-0.015191404060228217,1.0,STABILIZED_POSTERIOR_MEAN,809943.625,REBALANCE
602,2026-04-29,X_CAP15_ONLY,402340,0.16967760661603373,0.15,-0.019677606616033738,-0.019677606616033738,1.0,STABILIZED_POSTERIOR_MEAN,828918.875,REBALANCE
603,2026-04-29,A_CURRENT,402340,0.17184500983304649,0.15,-0.02184500983304649,-0.02184500983304649,1.0,STABILIZED_POSTERIOR_MEAN,828918.875,REBALANCE
604,2026-04-29,X_COOLDOWN5,402340,0.1669163619895343,0.15,-0.016916361989534306,-0.016916361989534306,1.0,STABILIZED_POSTERIOR_MEAN,828918.875,REBALANCE
605,2026-04-29,R_EXIT_RECOVERY,402340,0.16967151521955462,0.15,-0.019671515219554625,-0.019671515219554625,1.0,STABILIZED_POSTERIOR_MEAN,828918.875,REBALANCE
606,2026-04-29,B_EQUAL,402340,0.16694124439622254,0.15,-0.01694124439622255,-0.01694124439622255,1.0,STABILIZED_POSTERIOR_MEAN,828918.875,REBALANCE
607,2026-04-29,C_CAP08,402340,0.08873305490530085,0.08,-0.008733054905300852,-0.008733054905300852,1.0,STABILIZED_POSTERIOR_MEAN,828918.875,REBALANCE
608,2026-04-30,A0_LEGACY,005490,0.0,0.013892729725678291,0.013892729725678291,0.013892729725678291,1.0,STABILIZED_POSTERIOR_MEAN,459935.1875,ENTRY
609,2026-04-30,A0_LEGACY,010060,0.0,0.035634117823414774,0.035634117823414774,0.035634117823414774,1.0,STABILIZED_POSTERIOR_MEAN,368000.0,ENTRY
610,2026-04-30,A0_LEGACY,259960,0.20735537068644114,0.0,-0.20735537068644114,-0.20735537068644114,1.0,STABILIZED_POSTERIOR_MEAN,265000.0,REBALANCE
611,2026-04-30,A0_LEGACY,443060,0.0,0.26961199220506665,0.26961199220506665,0.26961199220506665,1.0,STABILIZED_POSTERIOR_MEAN,264613.34375,ENTRY
612,2026-04-30,X_CAP15_ONLY,010060,0.0,0.15,0.15,0.15,1.0,STABILIZED_POSTERIOR_MEAN,368000.0,ENTRY
613,2026-04-30,X_CAP15_ONLY,259960,0.14230246217114795,0.0,-0.14230246217114795,-0.14230246217114795,1.0,STABILIZED_POSTERIOR_MEAN,265000.0,REBALANCE
614,2026-04-30,X_CAP15_ONLY,267260,0.16261828028323652,0.0,-0.16261828028323652,-0.16261828028323652,1.0,STABILIZED_POSTERIOR_MEAN,1250805.0,REBALANCE
615,2026-04-30,X_CAP15_ONLY,443060,0.0,0.15,0.15,0.15,1.0,STABILIZED_POSTERIOR_MEAN,264613.34375,ENTRY
616,2026-04-30,A_CURRENT,259960,0.14207730343885117,0.0,-0.14207730343885117,-0.14207730343885117,1.0,STABILIZED_POSTERIOR_MEAN,265000.0,REBALANCE
617,2026-04-30,A_CURRENT,267260,0.14518292158681873,0.0,-0.14518292158681873,-0.14518292158681873,1.0,STABILIZED_POSTERIOR_MEAN,1250805.0,REBALANCE
618,2026-04-30,X_COOLDOWN5,259960,0.14549796656297462,0.0,-0.14549796656297462,-0.14549796656297462,1.0,STABILIZED_POSTERIOR_MEAN,265000.0,REBALANCE
619,2026-04-30,X_COOLDOWN5,267260,0.1452888738703059,0.0,-0.1452888738703059,-0.1452888738703059,1.0,STABILIZED_POSTERIOR_MEAN,1250805.0,REBALANCE
620,2026-04-30,X_COOLDOWN5,443060,0.0,0.15,0.15,0.15,1.0,STABILIZED_POSTERIOR_MEAN,264613.34375,ENTRY
621,2026-04-30,R_EXIT_RECOVERY,010060,0.0,0.15,0.15,0.15,1.0,STABILIZED_POSTERIOR_MEAN,368000.0,ENTRY
622,2026-04-30,R_EXIT_RECOVERY,259960,0.1455779229455425,0.0,-0.1455779229455425,-0.1455779229455425,1.0,STABILIZED_POSTERIOR_MEAN,265000.0,REBALANCE
623,2026-04-30,R_EXIT_RECOVERY,443060,0.0,0.15,0.15,0.15,1.0,STABILIZED_POSTERIOR_MEAN,264613.34375,ENTRY
624,2026-04-30,R_TREND_REARM,005490,0.0,0.15,0.15,0.15,1.0,STABILIZED_POSTERIOR_MEAN,459935.1875,ENTRY
625,2026-04-30,R_TREND_REARM,010060,0.0,0.15,0.15,0.15,1.0,STABILIZED_POSTERIOR_MEAN,368000.0,ENTRY
626,2026-04-30,R_TREND_REARM,259960,0.14535420809104962,0.0,-0.14535420809104962,-0.14535420809104962,1.0,STABILIZED_POSTERIOR_MEAN,265000.0,REBALANCE
627,2026-04-30,R_TREND_REARM,267260,0.145302702215036,0.0,-0.145302702215036,-0.145302702215036,1.0,STABILIZED_POSTERIOR_MEAN,1250805.0,REBALANCE
628,2026-04-30,R_TREND_REARM,443060,0.0,0.15,0.15,0.15,1.0,STABILIZED_POSTERIOR_MEAN,264613.34375,ENTRY
629,2026-04-30,B_EQUAL,005490,0.0,0.15,0.15,0.15,1.0,STABILIZED_POSTERIOR_MEAN,459935.1875,ENTRY
630,2026-04-30,B_EQUAL,010060,0.0,0.15,0.15,0.15,1.0,STABILIZED_POSTERIOR_MEAN,368000.0,ENTRY
631,2026-04-30,B_EQUAL,259960,0.14551564109966383,0.0,-0.14551564109966383,-0.14551564109966383,1.0,STABILIZED_POSTERIOR_MEAN,265000.0,REBALANCE
632,2026-04-30,B_EQUAL,267260,0.14528497934873683,0.0,-0.14528497934873683,-0.14528497934873683,1.0,STABILIZED_POSTERIOR_MEAN,1250805.0,REBALANCE
633,2026-04-30,B_EQUAL,443060,0.0,0.15,0.15,0.15,1.0,STABILIZED_POSTERIOR_MEAN,264613.34375,ENTRY
634,2026-04-30,C_CAP10,010060,0.0,0.1,0.1,0.1,1.0,STABILIZED_POSTERIOR_MEAN,368000.0,ENTRY
635,2026-04-30,C_CAP10,259960,0.09668386885194281,0.0,-0.09668386885194281,-0.09668386885194281,1.0,STABILIZED_POSTERIOR_MEAN,265000.0,REBALANCE
636,2026-04-30,C_CAP10,267260,0.09963216351053505,0.0,-0.09963216351053505,-0.09963216351053505,1.0,STABILIZED_POSTERIOR_MEAN,1250805.0,REBALANCE
637,2026-04-30,C_CAP08,259960,0.07995180538322505,0.0,-0.07995180538322505,-0.07995180538322505,1.0,STABILIZED_POSTERIOR_MEAN,265000.0,REBALANCE
638,2026-04-30,C_CAP08,443060,0.0,0.08,0.08,0.08,1.0,STABILIZED_POSTERIOR_MEAN,264613.34375,ENTRY
639,2026-04-30,D_BAND20,005490,0.0,0.15,0.15,0.15,1.0,STABILIZED_POSTERIOR_MEAN,459935.1875,ENTRY
640,2026-04-30,D_BAND20,443060,0.0,0.15,0.15,0.15,1.0,STABILIZED_POSTERIOR_MEAN,264613.34375,ENTRY
641,2026-04-30,E_VOL_RISK,005490,0.0,0.1,0.1,0.1,1.0,STABILIZED_POSTERIOR_MEAN,459935.1875,ENTRY
642,2026-04-30,E_VOL_RISK,010060,0.0,0.1,0.1,0.1,1.0,STABILIZED_POSTERIOR_MEAN,368000.0,ENTRY
643,2026-04-30,E_VOL_RISK,259960,0.09967395993954131,0.0,-0.09967395993954131,-0.09967395993954131,1.0,STABILIZED_POSTERIOR_MEAN,265000.0,TRAILING_STOP
644,2026-04-30,E_VOL_RISK,267260,0.11183987619757335,0.0,-0.11183987619757335,-0.11183987619757335,1.0,STABILIZED_POSTERIOR_MEAN,1250805.0,REBALANCE
645,2026-04-30,E_VOL_RISK,278470,0.09811492076813373,0.0,-0.09811492076813373,-0.09811492076813373,1.0,STABILIZED_POSTERIOR_MEAN,424500.0,TRAILING_STOP
646,2026-05-04,A0_LEGACY,267260,0.19897860061142916,0.0,-0.19897860061142916,-0.19897860061142916,1.0,STABILIZED_POSTERIOR_MEAN,1297760.125,REBALANCE
647,2026-05-04,A0_LEGACY,278470,0.25804608471438206,0.33886301903762556,0.0808169343232435,0.0808169343232435,1.0,STABILIZED_POSTERIOR_MEAN,428500.0,REBALANCE
648,2026-05-04,X_CAP15_ONLY,005490,0.0,0.15,0.15,0.15,1.0,STABILIZED_POSTERIOR_MEAN,499756.4375,ENTRY
649,2026-05-04,X_CAP15_ONLY,402340,0.17714599049897486,0.15,-0.02714599049897487,-0.02714599049897487,1.0,STABILIZED_POSTERIOR_MEAN,989709.1875,REBALANCE
650,2026-05-04,A_CURRENT,005490,0.0,0.15,0.15,0.15,1.0,STABILIZED_POSTERIOR_MEAN,499756.4375,ENTRY
651,2026-05-04,A_CURRENT,010060,0.0,0.15,0.15,0.15,1.0,STABILIZED_POSTERIOR_MEAN,355500.0,ENTRY
652,2026-05-04,A_CURRENT,402340,0.17658155393318878,0.15,-0.026581553933188784,-0.026581553933188784,1.0,STABILIZED_POSTERIOR_MEAN,989709.1875,REBALANCE
653,2026-05-04,X_COOLDOWN5,005490,0.0,0.15,0.15,0.15,1.0,STABILIZED_POSTERIOR_MEAN,499756.4375,ENTRY
654,2026-05-04,X_COOLDOWN5,010060,0.0,0.15,0.15,0.15,1.0,STABILIZED_POSTERIOR_MEAN,355500.0,ENTRY
655,2026-05-04,X_COOLDOWN5,402340,0.176275786598853,0.15,-0.026275786598853018,-0.026275786598853018,1.0,STABILIZED_POSTERIOR_MEAN,989709.1875,REBALANCE
656,2026-05-04,R_EXIT_RECOVERY,005490,0.0,0.15,0.15,0.15,1.0,STABILIZED_POSTERIOR_MEAN,499756.4375,ENTRY
657,2026-05-04,R_EXIT_RECOVERY,267260,0.1628154830468758,0.0,-0.1628154830468758,-0.1628154830468758,1.0,STABILIZED_POSTERIOR_MEAN,1297760.125,REBALANCE
658,2026-05-04,R_TREND_REARM,402340,0.1788923524662989,0.15,-0.0288923524662989,-0.0288923524662989,1.0,STABILIZED_POSTERIOR_MEAN,989709.1875,REBALANCE
659,2026-05-04,B_EQUAL,402340,0.17493294342436946,0.15,-0.02493294342436947,-0.02493294342436947,1.0,STABILIZED_POSTERIOR_MEAN,989709.1875,REBALANCE
660,2026-05-04,C_CAP10,005490,0.0,0.1,0.1,0.1,1.0,STABILIZED_POSTERIOR_MEAN,499756.4375,ENTRY
661,2026-05-04,C_CAP08,267260,0.0812650584294613,0.0,-0.0812650584294613,-0.0812650584294613,1.0,STABILIZED_POSTERIOR_MEAN,1297760.125,REBALANCE
662,2026-05-04,C_CAP08,402340,0.09445336075631591,0.08,-0.014453360756315911,-0.014453360756315911,1.0,STABILIZED_POSTERIOR_MEAN,989709.1875,REBALANCE
663,2026-05-04,D_BAND20,259960,0.14872343883198366,0.0,-0.14872343883198366,-0.14872343883198366,1.0,STABILIZED_POSTERIOR_MEAN,288500.0,REBALANCE
664,2026-05-04,D_BAND20,402340,0.18261005254067367,0.15,-0.03261005254067367,-0.03261005254067367,1.0,STABILIZED_POSTERIOR_MEAN,989709.1875,REBALANCE
665,2026-05-04,E_VOL_RISK,402340,0.12911444187241464,0.1,-0.02911444187241463,-0.02911444187241463,1.0,STABILIZED_POSTERIOR_MEAN,989709.1875,REBALANCE
666,2026-05-06,A0_LEGACY,010060,0.030632160541132557,0.035634117823414774,0.005001957282282216,0.005001957282282216,1.0,STABILIZED_POSTERIOR_MEAN,337500.0,REBALANCE
667,2026-05-06,A0_LEGACY,402340,0.28344853313762036,0.24199814120821467,-0.041450391929405694,-0.041450391929405694,1.0,STABILIZED_POSTERIOR_MEAN,1087581.5,REBALANCE
668,2026-05-06,A_CURRENT,278470,0.13475327875746196,0.0,-0.13475327875746196,-0.13475327875746196,1.0,STABILIZED_POSTERIOR_MEAN,422000.0,TRAILING_STOP
669,2026-05-06,X_COOLDOWN5,278470,0.14094078216667572,0.0,-0.14094078216667572,-0.14094078216667572,1.0,STABILIZED_POSTERIOR_MEAN,422000.0,TRAILING_STOP
670,2026-05-06,R_EXIT_RECOVERY,010060,0.1326993747688857,0.15,0.01730062523111431,0.01730062523111431,1.0,STABILIZED_POSTERIOR_MEAN,337500.0,REBALANCE
671,2026-05-06,R_EXIT_RECOVERY,278470,0.1399879305651596,0.0,-0.1399879305651596,-0.1399879305651596,1.0,STABILIZED_POSTERIOR_MEAN,422000.0,TRAILING_STOP
672,2026-05-06,R_EXIT_RECOVERY,402340,0.1926892915913416,0.15,-0.042689291591341605,-0.042689291591341605,1.0,STABILIZED_POSTERIOR_MEAN,1087581.5,REBALANCE
673,2026-05-06,R_TREND_REARM,278470,0.13885020128975634,0.0,-0.13885020128975634,-0.13885020128975634,1.0,STABILIZED_POSTERIOR_MEAN,422000.0,TRAILING_STOP
674,2026-05-06,B_EQUAL,278470,0.1393388229510222,0.0,-0.1393388229510222,-0.1393388229510222,1.0,STABILIZED_POSTERIOR_MEAN,422000.0,TRAILING_STOP
675,2026-05-06,C_CAP10,010060,0.0896661722151999,0.1,0.010333827784800104,0.010333827784800104,1.0,STABILIZED_POSTERIOR_MEAN,337500.0,REBALANCE
676,2026-05-06,C_CAP10,278470,0.09814553866061217,0.0,-0.09814553866061217,-0.09814553866061217,1.0,STABILIZED_POSTERIOR_MEAN,422000.0,TRAILING_STOP
677,2026-05-06,C_CAP10,402340,0.13261008910621702,0.1,-0.032610089106217016,-0.032610089106217016,1.0,STABILIZED_POSTERIOR_MEAN,1087581.5,REBALANCE
678,2026-05-06,C_CAP10,443060,0.0,0.1,0.1,0.1,1.0,STABILIZED_POSTERIOR_MEAN,259630.046875,ENTRY
679,2026-05-06,C_CAP08,005490,0.0,0.08,0.08,0.08,1.0,STABILIZED_POSTERIOR_MEAN,503738.53125,ENTRY
680,2026-05-06,C_CAP08,010060,0.0,0.08,0.08,0.08,1.0,STABILIZED_POSTERIOR_MEAN,337500.0,ENTRY
681,2026-05-06,C_CAP08,278470,0.07698482901095403,0.0,-0.07698482901095403,-0.07698482901095403,1.0,STABILIZED_POSTERIOR_MEAN,422000.0,TRAILING_STOP
682,2026-05-06,D_BAND20,267260,0.16500279860288602,0.0,-0.16500279860288602,-0.16500279860288602,1.0,STABILIZED_POSTERIOR_MEAN,1387674.25,REBALANCE
683,2026-05-06,D_BAND20,278470,0.15402554210748676,0.0,-0.15402554210748676,-0.15402554210748676,1.0,STABILIZED_POSTERIOR_MEAN,422000.0,TRAILING_STOP
684,2026-05-07,A0_LEGACY,005490,0.015161931752391063,0.011637646552997144,-0.0035242851993939183,-0.0035242851993939183,1.0,STABILIZED_POSTERIOR_MEAN,532608.9375,REBALANCE
685,2026-05-07,A0_LEGACY,161390,0.0,0.14608899010406254,0.14608899010406254,0.14608899010406254,1.0,STABILIZED_POSTERIOR_MEAN,64700.0,ENTRY
686,2026-05-07,A0_LEGACY,278470,0.3159493112640772,0.28385840099893617,-0.03209091026514105,-0.03209091026514105,1.0,STABILIZED_POSTERIOR_MEAN,401500.0,REBALANCE
687,2026-05-07,A0_LEGACY,402340,0.24555644146269345,0.2027167367013609,-0.04283970476133256,-0.04283970476133256,1.0,STABILIZED_POSTERIOR_MEAN,1097568.5,REBALANCE
688,2026-05-07,A0_LEGACY,443060,0.257922132257407,0.22584827702597493,-0.03207385523143208,-0.03207385523143208,1.0,STABILIZED_POSTERIOR_MEAN,268600.0,REBALANCE
689,2026-05-07,X_CAP15_ONLY,010060,0.12949776927659878,0.15,0.02050223072340121,0.02050223072340121,1.0,STABILIZED_POSTERIOR_MEAN,328000.0,REBALANCE
690,2026-05-07,X_CAP15_ONLY,402340,0.16532256187794522,0.15,-0.015322561877945229,-0.015322561877945229,1.0,STABILIZED_POSTERIOR_MEAN,1097568.5,REBALANCE
691,2026-05-07,A_CURRENT,278470,0.0,0.15,0.15,0.15,1.0,STABILIZED_POSTERIOR_MEAN,401500.0,ENTRY
692,2026-05-07,A_CURRENT,443060,0.0,0.15,0.15,0.15,1.0,STABILIZED_POSTERIOR_MEAN,268600.0,ENTRY
693,2026-05-07,B_EQUAL,010060,0.12693091020195324,0.0,-0.12693091020195324,-0.12693091020195324,1.0,STABILIZED_POSTERIOR_MEAN,328000.0,HARD_STOP
694,2026-05-07,C_CAP10,010060,0.0964810567249148,0.0,-0.0964810567249148,-0.0964810567249148,1.0,STABILIZED_POSTERIOR_MEAN,328000.0,HARD_STOP
695,2026-05-07,C_CAP10,161390,0.0,0.1,0.1,0.1,1.0,STABILIZED_POSTERIOR_MEAN,64700.0,ENTRY
696,2026-05-07,C_CAP10,278470,0.0,0.1,0.1,0.1,1.0,STABILIZED_POSTERIOR_MEAN,401500.0,ENTRY
697,2026-05-07,C_CAP08,278470,0.0,0.08,0.08,0.08,1.0,STABILIZED_POSTERIOR_MEAN,401500.0,ENTRY
698,2026-05-07,D_BAND20,010060,0.0,0.15,0.15,0.15,1.0,STABILIZED_POSTERIOR_MEAN,328000.0,ENTRY
699,2026-05-07,D_BAND20,161390,0.0,0.15,0.15,0.15,1.0,STABILIZED_POSTERIOR_MEAN,64700.0,ENTRY
700,2026-05-07,E_VOL_RISK,161390,0.0,0.1,0.1,0.1,1.0,STABILIZED_POSTERIOR_MEAN,64700.0,ENTRY
701,2026-05-07,E_VOL_RISK,443060,0.0,0.1,0.1,0.1,1.0,STABILIZED_POSTERIOR_MEAN,268600.0,ENTRY
702,2026-05-08,A0_LEGACY,010060,0.034082339800790035,0.0276989160710091,-0.006383423729780936,-0.006383423729780936,1.0,STABILIZED_POSTERIOR_MEAN,318500.0,REBALANCE
703,2026-05-08,A0_LEGACY,012330,0.0,0.06485536427396892,0.06485536427396892,0.06485536427396892,1.0,STABILIZED_POSTERIOR_MEAN,509000.0,ENTRY
704,2026-05-08,A0_LEGACY,278470,0.3092887937172352,0.26340313433336693,-0.045885659383868294,-0.045885659383868294,1.0,STABILIZED_POSTERIOR_MEAN,434000.0,REBALANCE
705,2026-05-08,X_CAP15_ONLY,012330,0.0,0.15,0.15,0.15,1.0,STABILIZED_POSTERIOR_MEAN,509000.0,ENTRY
706,2026-05-08,A_CURRENT,010060,0.13415037196322527,0.0,-0.13415037196322527,-0.13415037196322527,1.0,STABILIZED_POSTERIOR_MEAN,318500.0,HARD_STOP
707,2026-05-08,A_CURRENT,012330,0.0,0.15,0.15,0.15,1.0,STABILIZED_POSTERIOR_MEAN,509000.0,ENTRY
708,2026-05-08,A_CURRENT,402340,0.1659016513758053,0.15,-0.015901651375805292,-0.015901651375805292,1.0,STABILIZED_POSTERIOR_MEAN,1096569.75,REBALANCE
709,2026-05-08,X_COOLDOWN5,010060,0.13576827131205205,0.0,-0.13576827131205205,-0.13576827131205205,1.0,STABILIZED_POSTERIOR_MEAN,318500.0,HARD_STOP
710,2026-05-08,R_EXIT_RECOVERY,010060,0.1432767090292546,0.0,-0.1432767090292546,-0.1432767090292546,1.0,STABILIZED_POSTERIOR_MEAN,318500.0,HARD_STOP
711,2026-05-08,R_EXIT_RECOVERY,443060,0.13310517387010484,0.0,-0.13310517387010484,-0.13310517387010484,1.0,STABILIZED_POSTERIOR_MEAN,240500.0,TRAILING_STOP
712,2026-05-08,R_TREND_REARM,005490,0.16537069444809904,0.15,-0.015370694448099048,-0.015370694448099048,1.0,STABILIZED_POSTERIOR_MEAN,522653.625,REBALANCE
713,2026-05-08,R_TREND_REARM,010060,0.12595135322819292,0.0,-0.12595135322819292,-0.12595135322819292,1.0,STABILIZED_POSTERIOR_MEAN,318500.0,HARD_STOP
714,2026-05-08,R_TREND_REARM,402340,0.16763602697967267,0.15,-0.017636026979672675,-0.017636026979672675,1.0,STABILIZED_POSTERIOR_MEAN,1096569.75,REBALANCE
715,2026-05-08,R_TREND_REARM,443060,0.13226488538621414,0.0,-0.13226488538621414,-0.13226488538621414,1.0,STABILIZED_POSTERIOR_MEAN,240500.0,TRAILING_STOP
716,2026-05-08,B_EQUAL,010060,0.0,0.15,0.15,0.15,1.0,STABILIZED_POSTERIOR_MEAN,318500.0,ENTRY
717,2026-05-08,B_EQUAL,402340,0.1670118146260833,0.15,-0.01701181462608331,-0.01701181462608331,1.0,STABILIZED_POSTERIOR_MEAN,1096569.75,REBALANCE
718,2026-05-08,B_EQUAL,443060,0.1318530346552193,0.0,-0.1318530346552193,-0.1318530346552193,1.0,STABILIZED_POSTERIOR_MEAN,240500.0,TRAILING_STOP
719,2026-05-08,C_CAP10,443060,0.09277005136993613,0.0,-0.09277005136993613,-0.09277005136993613,1.0,STABILIZED_POSTERIOR_MEAN,240500.0,TRAILING_STOP
720,2026-05-08,C_CAP08,402340,0.0882715646565954,0.08,-0.008271564656595398,-0.008271564656595398,1.0,STABILIZED_POSTERIOR_MEAN,1096569.75,REBALANCE
721,2026-05-08,D_BAND20,012330,0.0,0.15,0.15,0.15,1.0,STABILIZED_POSTERIOR_MEAN,509000.0,ENTRY
722,2026-05-08,D_BAND20,278470,0.0,0.15,0.15,0.15,1.0,STABILIZED_POSTERIOR_MEAN,434000.0,ENTRY
723,2026-05-08,D_BAND20,443060,0.12721718379694202,0.0,-0.12721718379694202,-0.12721718379694202,1.0,STABILIZED_POSTERIOR_MEAN,240500.0,TRAILING_STOP
724,2026-05-08,E_VOL_RISK,010060,0.08516167052418118,0.0,-0.08516167052418118,-0.08516167052418118,1.0,STABILIZED_POSTERIOR_MEAN,318500.0,HARD_STOP
725,2026-05-08,E_VOL_RISK,012330,0.0,0.1,0.1,0.1,1.0,STABILIZED_POSTERIOR_MEAN,509000.0,ENTRY
726,2026-05-08,E_VOL_RISK,443060,0.09128746339416097,0.0,-0.09128746339416097,-0.09128746339416097,1.0,STABILIZED_POSTERIOR_MEAN,240500.0,HARD_STOP
727,2026-05-11,A0_LEGACY,402340,0.21301116673055737,0.18810866136447532,-0.024902505366082045,-0.024902505366082045,1.0,STABILIZED_POSTERIOR_MEAN,1185453.875,REBALANCE
728,2026-05-11,X_COOLDOWN5,012330,0.0,0.15,0.15,0.15,1.0,STABILIZED_POSTERIOR_MEAN,553000.0,ENTRY
729,2026-05-11,X_COOLDOWN5,402340,0.17815403185930004,0.15,-0.028154031859300044,-0.028154031859300044,1.0,STABILIZED_POSTERIOR_MEAN,1185453.875,REBALANCE
730,2026-05-11,X_COOLDOWN5,443060,0.14009328164289983,0.0,-0.14009328164289983,-0.14009328164289983,1.0,STABILIZED_POSTERIOR_MEAN,257000.0,REBALANCE
731,2026-05-11,R_EXIT_RECOVERY,012330,0.0,0.15,0.15,0.15,1.0,STABILIZED_POSTERIOR_MEAN,553000.0,CONFIRMED_REENTRY
732,2026-05-11,C_CAP10,443060,0.0,0.1,0.1,0.1,1.0,STABILIZED_POSTERIOR_MEAN,257000.0,ENTRY
733,2026-05-11,C_CAP08,012330,0.0,0.08,0.08,0.08,1.0,STABILIZED_POSTERIOR_MEAN,553000.0,ENTRY
734,2026-05-11,D_BAND20,010060,0.14708903124946293,0.10792364016736401,-0.03916539108209892,-0.03916539108209892,1.0,STABILIZED_POSTERIOR_MEAN,319500.0,REBALANCE
735,2026-05-12,A_CURRENT,005490,0.14299898885977536,0.0,-0.14299898885977536,-0.14299898885977536,1.0,STABILIZED_POSTERIOR_MEAN,476859.21875,TRAILING_STOP
736,2026-05-12,A_CURRENT,010060,0.0,0.15,0.15,0.15,1.0,STABILIZED_POSTERIOR_MEAN,332500.0,ENTRY
737,2026-05-12,X_COOLDOWN5,005490,0.14464770527399415,0.0,-0.14464770527399415,-0.14464770527399415,1.0,STABILIZED_POSTERIOR_MEAN,476859.21875,TRAILING_STOP
738,2026-05-12,R_EXIT_RECOVERY,005490,0.14588218458340907,0.0,-0.14588218458340907,-0.14588218458340907,1.0,STABILIZED_POSTERIOR_MEAN,476859.21875,TRAILING_STOP
739,2026-05-12,R_TREND_REARM,005490,0.1381443329328128,0.0,-0.1381443329328128,-0.1381443329328128,1.0,STABILIZED_POSTERIOR_MEAN,476859.21875,TRAILING_STOP
740,2026-05-12,B_EQUAL,012330,0.0,0.15,0.15,0.15,1.0,STABILIZED_POSTERIOR_MEAN,548000.0,ENTRY
741,2026-05-12,B_EQUAL,278470,0.0,0.15,0.15,0.15,1.0,STABILIZED_POSTERIOR_MEAN,415500.0,ENTRY
742,2026-05-12,B_EQUAL,443060,0.0,0.15,0.15,0.15,1.0,STABILIZED_POSTERIOR_MEAN,248500.0,ENTRY
743,2026-05-12,C_CAP10,005490,0.09678870572715358,0.0,-0.09678870572715358,-0.09678870572715358,1.0,STABILIZED_POSTERIOR_MEAN,476859.21875,TRAILING_STOP
744,2026-05-12,C_CAP10,010060,0.0,0.1,0.1,0.1,1.0,STABILIZED_POSTERIOR_MEAN,332500.0,ENTRY
745,2026-05-12,C_CAP10,012330,0.0,0.1,0.1,0.1,1.0,STABILIZED_POSTERIOR_MEAN,548000.0,ENTRY
746,2026-05-12,C_CAP08,005490,0.07602792096510419,0.0,-0.07602792096510419,-0.07602792096510419,1.0,STABILIZED_POSTERIOR_MEAN,476859.21875,TRAILING_STOP
747,2026-05-12,D_BAND20,443060,0.0,0.15,0.15,0.15,1.0,STABILIZED_POSTERIOR_MEAN,248500.0,ENTRY
748,2026-05-12,E_VOL_RISK,005490,0.10241256675976908,0.0,-0.10241256675976908,-0.10241256675976908,1.0,STABILIZED_POSTERIOR_MEAN,476859.21875,TRAILING_STOP
749,2026-05-12,E_VOL_RISK,161390,0.09364759832182525,0.0,-0.09364759832182525,-0.09364759832182525,1.0,STABILIZED_POSTERIOR_MEAN,59200.0,HARD_STOP
750,2026-05-12,E_VOL_RISK,278470,0.0,0.1,0.1,0.1,1.0,STABILIZED_POSTERIOR_MEAN,415500.0,ENTRY
751,2026-05-13,A0_LEGACY,005490,0.01047392655138015,0.009514165551802373,-0.0009597609995777769,-0.0009597609995777769,1.0,STABILIZED_POSTERIOR_MEAN,476361.4375,REBALANCE
752,2026-05-13,A0_LEGACY,010060,0.028953904447207145,0.024403332027525447,-0.004550572419681698,-0.004550572419681698,1.0,STABILIZED_POSTERIOR_MEAN,333500.0,REBALANCE
753,2026-05-13,A0_LEGACY,012330,0.08255260425550619,0.057138950278284896,-0.02541365397722129,-0.02541365397722129,1.0,STABILIZED_POSTERIOR_MEAN,649000.0,REBALANCE
754,2026-05-13,A0_LEGACY,161390,0.13428172165568833,0.11943263879136393,-0.014849082864324403,-0.014849082864324403,1.0,STABILIZED_POSTERIOR_MEAN,59100.0,REBALANCE
755,2026-05-13,X_CAP15_ONLY,005490,0.13944925585123802,0.04207635983263594,-0.09737289601860208,-0.09737289601860208,1.0,STABILIZED_POSTERIOR_MEAN,476361.4375,REBALANCE
756,2026-05-13,X_CAP15_ONLY,012330,0.18543877229110273,0.15,-0.03543877229110273,-0.03543877229110273,1.0,STABILIZED_POSTERIOR_MEAN,649000.0,REBALANCE
757,2026-05-13,X_CAP15_ONLY,278470,0.13193821252896254,0.15,0.018061787471037455,0.018061787471037455,1.0,STABILIZED_POSTERIOR_MEAN,402000.0,REBALANCE
758,2026-05-13,X_CAP15_ONLY,443060,0.1250093259340326,0.15,0.02499067406596739,0.02499067406596739,1.0,STABILIZED_POSTERIOR_MEAN,232000.0,REBALANCE
759,2026-05-13,A_CURRENT,005490,0.0,0.15,0.15,0.15,1.0,STABILIZED_POSTERIOR_MEAN,476361.4375,ENTRY
760,2026-05-13,A_CURRENT,012330,0.18683414138245324,0.15,-0.03683414138245325,-0.03683414138245325,1.0,STABILIZED_POSTERIOR_MEAN,649000.0,REBALANCE
761,2026-05-13,A_CURRENT,278470,0.14828674093888686,0.0,-0.14828674093888686,-0.14828674093888686,1.0,STABILIZED_POSTERIOR_MEAN,402000.0,TRAILING_STOP
762,2026-05-13,X_COOLDOWN5,012330,0.17315819239086164,0.15,-0.023158192390861643,-0.023158192390861643,1.0,STABILIZED_POSTERIOR_MEAN,649000.0,REBALANCE
763,2026-05-13,X_COOLDOWN5,086280,0.0,0.15,0.15,0.15,1.0,STABILIZED_POSTERIOR_MEAN,284000.0,ENTRY
764,2026-05-13,R_EXIT_RECOVERY,010060,0.0,0.15,0.15,0.15,1.0,STABILIZED_POSTERIOR_MEAN,333500.0,CONFIRMED_REENTRY
765,2026-05-13,R_EXIT_RECOVERY,012330,0.1731649698554867,0.15,-0.023164969855486717,-0.023164969855486717,1.0,STABILIZED_POSTERIOR_MEAN,649000.0,REBALANCE
766,2026-05-13,R_TREND_REARM,012330,0.0,0.15,0.15,0.15,1.0,STABILIZED_POSTERIOR_MEAN,649000.0,CONFIRMED_REENTRY
767,2026-05-13,B_EQUAL,005490,0.14762762937550394,0.0,-0.14762762937550394,-0.14762762937550394,1.0,STABILIZED_POSTERIOR_MEAN,476361.4375,TRAILING_STOP
768,2026-05-13,B_EQUAL,012330,0.17383784033906285,0.15,-0.02383784033906286,-0.02383784033906286,1.0,STABILIZED_POSTERIOR_MEAN,649000.0,REBALANCE
769,2026-05-13,B_EQUAL,086280,0.0,0.15,0.15,0.15,1.0,STABILIZED_POSTERIOR_MEAN,284000.0,ENTRY
770,2026-05-13,C_CAP10,012330,0.11673373481572487,0.1,-0.016733734815724863,-0.016733734815724863,1.0,STABILIZED_POSTERIOR_MEAN,649000.0,REBALANCE
771,2026-05-13,C_CAP10,278470,0.10149060053514776,0.0,-0.10149060053514776,-0.10149060053514776,1.0,STABILIZED_POSTERIOR_MEAN,402000.0,TRAILING_STOP
772,2026-05-13,C_CAP08,005490,0.0,0.08,0.08,0.08,1.0,STABILIZED_POSTERIOR_MEAN,476361.4375,ENTRY
773,2026-05-13,C_CAP08,012330,0.09409700972681295,0.08,-0.01409700972681295,-0.01409700972681295,1.0,STABILIZED_POSTERIOR_MEAN,649000.0,REBALANCE
774,2026-05-13,C_CAP08,086280,0.0,0.08,0.08,0.08,1.0,STABILIZED_POSTERIOR_MEAN,284000.0,ENTRY
775,2026-05-13,C_CAP08,278470,0.07990920486108577,0.0,-0.07990920486108577,-0.07990920486108577,1.0,STABILIZED_POSTERIOR_MEAN,402000.0,TRAILING_STOP
776,2026-05-13,C_CAP08,443060,0.06796239166505376,0.0,-0.06796239166505376,-0.06796239166505376,1.0,STABILIZED_POSTERIOR_MEAN,232000.0,HARD_STOP
777,2026-05-13,D_BAND20,005490,0.14237933384785745,0.0,-0.14237933384785745,-0.14237933384785745,1.0,STABILIZED_POSTERIOR_MEAN,476361.4375,TRAILING_STOP
778,2026-05-13,D_BAND20,278470,0.13645584446927123,0.0,-0.13645584446927123,-0.13645584446927123,1.0,STABILIZED_POSTERIOR_MEAN,402000.0,TRAILING_STOP
779,2026-05-13,E_VOL_RISK,012330,0.1250946760280176,0.1,-0.0250946760280176,-0.0250946760280176,1.0,STABILIZED_POSTERIOR_MEAN,649000.0,REBALANCE
780,2026-05-14,A0_LEGACY,086280,0.0,0.10708092805984051,0.10708092805984051,0.10708092805984051,1.0,STABILIZED_POSTERIOR_MEAN,263000.0,ENTRY
781,2026-05-14,A0_LEGACY,402340,0.19018048284087102,0.16572771688113946,-0.02445276595973156,-0.02445276595973156,1.0,STABILIZED_POSTERIOR_MEAN,1171000.0,REBALANCE
782,2026-05-14,X_CAP15_ONLY,010060,0.16122781658873558,0.10792364016736401,-0.05330417642137157,-0.05330417642137157,1.0,STABILIZED_POSTERIOR_MEAN,364500.0,REBALANCE
783,2026-05-14,X_CAP15_ONLY,086280,0.0,0.15,0.15,0.15,1.0,STABILIZED_POSTERIOR_MEAN,263000.0,ENTRY
784,2026-05-14,X_COOLDOWN5,278470,0.0,0.15,0.15,0.15,1.0,STABILIZED_POSTERIOR_MEAN,425000.0,ENTRY
785,2026-05-14,R_EXIT_RECOVERY,086280,0.0,0.15,0.15,0.15,1.0,STABILIZED_POSTERIOR_MEAN,263000.0,CONFIRMED_REENTRY
786,2026-05-14,R_TREND_REARM,010060,0.0,0.15,0.15,0.15,1.0,STABILIZED_POSTERIOR_MEAN,364500.0,CONFIRMED_REENTRY
787,2026-05-14,R_TREND_REARM,086280,0.0,0.15,0.15,0.15,1.0,STABILIZED_POSTERIOR_MEAN,263000.0,CONFIRMED_REENTRY
788,2026-05-14,B_EQUAL,010060,0.16809882310261764,0.15,-0.01809882310261765,-0.01809882310261765,1.0,STABILIZED_POSTERIOR_MEAN,364500.0,REBALANCE
789,2026-05-14,B_EQUAL,443060,0.13069265574317954,0.0,-0.13069265574317954,-0.13069265574317954,1.0,STABILIZED_POSTERIOR_MEAN,222000.0,HARD_STOP
790,2026-05-14,C_CAP10,005490,0.0,0.1,0.1,0.1,1.0,STABILIZED_POSTERIOR_MEAN,484325.6875,ENTRY
791,2026-05-14,C_CAP10,086280,0.0,0.1,0.1,0.1,1.0,STABILIZED_POSTERIOR_MEAN,263000.0,ENTRY
792,2026-05-14,C_CAP10,278470,0.0,0.1,0.1,0.1,1.0,STABILIZED_POSTERIOR_MEAN,425000.0,ENTRY
793,2026-05-14,C_CAP10,443060,0.08653971397145996,0.0,-0.08653971397145996,-0.08653971397145996,1.0,STABILIZED_POSTERIOR_MEAN,222000.0,HARD_STOP
794,2026-05-14,C_CAP08,443060,0.0,0.08,0.08,0.08,1.0,STABILIZED_POSTERIOR_MEAN,222000.0,ENTRY
795,2026-05-14,D_BAND20,012330,0.18651343275302448,0.15,-0.03651343275302449,-0.03651343275302449,1.0,STABILIZED_POSTERIOR_MEAN,650000.0,REBALANCE
796,2026-05-14,D_BAND20,086280,0.0,0.15,0.15,0.15,1.0,STABILIZED_POSTERIOR_MEAN,263000.0,ENTRY
797,2026-05-14,D_BAND20,443060,0.12962017635241352,0.0,-0.12962017635241352,-0.12962017635241352,1.0,STABILIZED_POSTERIOR_MEAN,222000.0,HARD_STOP
798,2026-05-14,E_VOL_RISK,086280,0.0,0.1,0.1,0.1,1.0,STABILIZED_POSTERIOR_MEAN,263000.0,ENTRY
799,2026-05-15,A_CURRENT,010060,0.13458607967063704,0.0,-0.13458607967063704,-0.13458607967063704,1.0,STABILIZED_POSTERIOR_MEAN,291000.0,HARD_STOP
800,2026-05-15,A_CURRENT,278470,0.0,0.15,0.15,0.15,1.0,STABILIZED_POSTERIOR_MEAN,404000.0,ENTRY
801,2026-05-15,A_CURRENT,443060,0.12481066341134103,0.0,-0.12481066341134103,-0.12481066341134103,1.0,STABILIZED_POSTERIOR_MEAN,215500.0,HARD_STOP
802,2026-05-15,X_COOLDOWN5,086280,0.13389274082455707,0.0,-0.13389274082455707,-0.13389274082455707,1.0,STABILIZED_POSTERIOR_MEAN,242000.0,HARD_STOP
803,2026-05-15,R_EXIT_RECOVERY,010060,0.13750865740145976,0.0,-0.13750865740145976,-0.13750865740145976,1.0,STABILIZED_POSTERIOR_MEAN,291000.0,HARD_STOP
804,2026-05-15,R_TREND_REARM,010060,0.12700524325891127,0.0,-0.12700524325891127,-0.12700524325891127,1.0,STABILIZED_POSTERIOR_MEAN,291000.0,HARD_STOP
805,2026-05-15,B_EQUAL,010060,0.12784721035224322,0.0,-0.12784721035224322,-0.12784721035224322,1.0,STABILIZED_POSTERIOR_MEAN,291000.0,TRAILING_STOP
806,2026-05-15,B_EQUAL,443060,0.0,0.15,0.15,0.15,1.0,STABILIZED_POSTERIOR_MEAN,215500.0,ENTRY
807,2026-05-15,C_CAP10,443060,0.0,0.1,0.1,0.1,1.0,STABILIZED_POSTERIOR_MEAN,215500.0,ENTRY
808,2026-05-15,C_CAP08,086280,0.07064289229921246,0.0,-0.07064289229921246,-0.07064289229921246,1.0,STABILIZED_POSTERIOR_MEAN,242000.0,HARD_STOP
809,2026-05-15,D_BAND20,005490,0.0,0.021411224591636423,0.021411224591636423,0.021411224591636423,1.0,STABILIZED_POSTERIOR_MEAN,465410.625,ENTRY
810,2026-05-15,D_BAND20,010060,0.10309530646127829,0.0,-0.10309530646127829,-0.10309530646127829,1.0,STABILIZED_POSTERIOR_MEAN,291000.0,HARD_STOP
811,2026-05-15,E_VOL_RISK,402340,0.11201298055572106,0.0,-0.11201298055572106,-0.11201298055572106,1.0,STABILIZED_POSTERIOR_MEAN,1098000.0,TRAILING_STOP
812,2026-05-18,A_CURRENT,012330,0.1410200146503078,0.0,-0.1410200146503078,-0.1410200146503078,1.0,STABILIZED_POSTERIOR_MEAN,571000.0,TRAILING_STOP
813,2026-05-18,A_CURRENT,402340,0.1560670824673619,0.0,-0.1560670824673619,-0.1560670824673619,1.0,STABILIZED_POSTERIOR_MEAN,1093000.0,TRAILING_STOP
814,2026-05-18,X_COOLDOWN5,010060,0.0,0.15,0.15,0.15,1.0,STABILIZED_POSTERIOR_MEAN,318000.0,ENTRY
815,2026-05-18,X_COOLDOWN5,402340,0.1447366614883823,0.0,-0.1447366614883823,-0.1447366614883823,1.0,STABILIZED_POSTERIOR_MEAN,1093000.0,TRAILING_STOP
816,2026-05-18,X_COOLDOWN5,443060,0.0,0.15,0.15,0.15,1.0,STABILIZED_POSTERIOR_MEAN,221000.0,ENTRY
817,2026-05-18,R_EXIT_RECOVERY,012330,0.14178112833856835,0.0,-0.14178112833856835,-0.14178112833856835,1.0,STABILIZED_POSTERIOR_MEAN,571000.0,TRAILING_STOP
818,2026-05-18,R_EXIT_RECOVERY,086280,0.14259128384167818,0.0,-0.14259128384167818,-0.14259128384167818,1.0,STABILIZED_POSTERIOR_MEAN,230000.0,HARD_STOP
819,2026-05-18,R_EXIT_RECOVERY,402340,0.15988588374338678,0.0,-0.15988588374338678,-0.15988588374338678,1.0,STABILIZED_POSTERIOR_MEAN,1093000.0,TRAILING_STOP
820,2026-05-18,R_TREND_REARM,012330,0.14345656880364838,0.0,-0.14345656880364838,-0.14345656880364838,1.0,STABILIZED_POSTERIOR_MEAN,571000.0,HARD_STOP
821,2026-05-18,R_TREND_REARM,086280,0.142286346261869,0.0,-0.142286346261869,-0.142286346261869,1.0,STABILIZED_POSTERIOR_MEAN,230000.0,HARD_STOP
822,2026-05-18,R_TREND_REARM,402340,0.1626157170175328,0.0,-0.1626157170175328,-0.1626157170175328,1.0,STABILIZED_POSTERIOR_MEAN,1093000.0,TRAILING_STOP
823,2026-05-18,B_EQUAL,005490,0.0,0.15,0.15,0.15,1.0,STABILIZED_POSTERIOR_MEAN,460930.71875,ENTRY
824,2026-05-18,B_EQUAL,010060,0.0,0.15,0.15,0.15,1.0,STABILIZED_POSTERIOR_MEAN,318000.0,ENTRY
825,2026-05-18,B_EQUAL,086280,0.1317115549220488,0.0,-0.1317115549220488,-0.1317115549220488,1.0,STABILIZED_POSTERIOR_MEAN,230000.0,HARD_STOP
826,2026-05-18,B_EQUAL,402340,0.15927190598624708,0.0,-0.15927190598624708,-0.15927190598624708,1.0,STABILIZED_POSTERIOR_MEAN,1093000.0,TRAILING_STOP
827,2026-05-18,C_CAP10,010060,0.09877974203163561,0.0,-0.09877974203163561,-0.09877974203163561,1.0,STABILIZED_POSTERIOR_MEAN,318000.0,TRAILING_STOP
828,2026-05-18,C_CAP10,402340,0.10597070634491687,0.0,-0.10597070634491687,-0.10597070634491687,1.0,STABILIZED_POSTERIOR_MEAN,1093000.0,TRAILING_STOP
829,2026-05-18,C_CAP08,010060,0.07747366767526573,0.0,-0.07747366767526573,-0.07747366767526573,1.0,STABILIZED_POSTERIOR_MEAN,318000.0,TRAILING_STOP
830,2026-05-18,C_CAP08,012330,0.07293426061688098,0.0,-0.07293426061688098,-0.07293426061688098,1.0,STABILIZED_POSTERIOR_MEAN,571000.0,TRAILING_STOP
831,2026-05-18,C_CAP08,402340,0.08196388613943528,0.0,-0.08196388613943528,-0.08196388613943528,1.0,STABILIZED_POSTERIOR_MEAN,1093000.0,TRAILING_STOP
832,2026-05-18,D_BAND20,005490,0.021710571802993277,0.15,0.12828942819700673,0.12828942819700673,1.0,STABILIZED_POSTERIOR_MEAN,460930.71875,REBALANCE
833,2026-05-18,D_BAND20,012330,0.1422061905367783,0.0,-0.1422061905367783,-0.1422061905367783,1.0,STABILIZED_POSTERIOR_MEAN,571000.0,TRAILING_STOP
834,2026-05-18,D_BAND20,402340,0.17303456497787095,0.0,-0.17303456497787095,-0.17303456497787095,1.0,STABILIZED_POSTERIOR_MEAN,1093000.0,TRAILING_STOP
835,2026-05-18,D_BAND20,443060,0.0,0.15,0.15,0.15,1.0,STABILIZED_POSTERIOR_MEAN,221000.0,ENTRY
836,2026-05-18,E_VOL_RISK,086280,0.09084423113672516,0.0,-0.09084423113672516,-0.09084423113672516,1.0,STABILIZED_POSTERIOR_MEAN,230000.0,HARD_STOP
837,2026-05-19,A0_LEGACY,086280,0.09479158078399894,0.10708092805984051,0.012289347275841578,0.012289347275841578,1.0,STABILIZED_POSTERIOR_MEAN,214000.0,REBALANCE
838,2026-05-19,A0_LEGACY,161390,0.13140156665088884,0.11943263879136393,-0.011968927859524914,-0.011968927859524914,1.0,STABILIZED_POSTERIOR_MEAN,60400.0,REBALANCE
839,2026-05-19,A0_LEGACY,278470,0.2592712493499082,0.2320637431352694,-0.0272075062146388,-0.0272075062146388,1.0,STABILIZED_POSTERIOR_MEAN,397500.0,REBALANCE
840,2026-05-19,X_CAP15_ONLY,012330,0.13494216533155595,0.15,0.015057834668444042,0.015057834668444042,1.0,STABILIZED_POSTERIOR_MEAN,525000.0,REBALANCE
841,2026-05-19,A_CURRENT,010060,0.0,0.15,0.15,0.15,1.0,STABILIZED_POSTERIOR_MEAN,294500.0,ENTRY
842,2026-05-19,A_CURRENT,012330,0.0,0.15,0.15,0.15,1.0,STABILIZED_POSTERIOR_MEAN,525000.0,ENTRY
843,2026-05-19,A_CURRENT,443060,0.0,0.15,0.15,0.15,1.0,STABILIZED_POSTERIOR_MEAN,218000.0,ENTRY
844,2026-05-19,X_COOLDOWN5,012330,0.13255963032522877,0.0,-0.13255963032522877,-0.13255963032522877,1.0,STABILIZED_POSTERIOR_MEAN,525000.0,TRAILING_STOP
845,2026-05-19,B_EQUAL,012330,0.1361572813691514,0.0,-0.1361572813691514,-0.1361572813691514,1.0,STABILIZED_POSTERIOR_MEAN,525000.0,TRAILING_STOP
846,2026-05-19,C_CAP10,010060,0.0,0.1,0.1,0.1,1.0,STABILIZED_POSTERIOR_MEAN,294500.0,ENTRY
847,2026-05-19,C_CAP10,012330,0.08680944934064881,0.0,-0.08680944934064881,-0.08680944934064881,1.0,STABILIZED_POSTERIOR_MEAN,525000.0,TRAILING_STOP
848,2026-05-19,C_CAP10,086280,0.08802048959057622,0.0,-0.08802048959057622,-0.08802048959057622,1.0,STABILIZED_POSTERIOR_MEAN,214000.0,HARD_STOP
849,2026-05-19,C_CAP08,005490,0.0766990165177726,0.0,-0.0766990165177726,-0.0766990165177726,1.0,STABILIZED_POSTERIOR_MEAN,438531.28125,TRAILING_STOP
850,2026-05-19,C_CAP08,010060,0.0,0.08,0.08,0.08,1.0,STABILIZED_POSTERIOR_MEAN,294500.0,ENTRY
851,2026-05-19,C_CAP08,012330,0.0,0.08,0.08,0.08,1.0,STABILIZED_POSTERIOR_MEAN,525000.0,ENTRY
852,2026-05-19,C_CAP08,278470,0.0,0.08,0.08,0.08,1.0,STABILIZED_POSTERIOR_MEAN,397500.0,ENTRY
853,2026-05-19,C_CAP08,402340,0.0,0.08,0.08,0.08,1.0,STABILIZED_POSTERIOR_MEAN,1020000.0,ENTRY
854,2026-05-19,D_BAND20,005490,0.1460227475812922,0.04207635983263594,-0.10394638774865625,-0.10394638774865625,1.0,STABILIZED_POSTERIOR_MEAN,438531.28125,REBALANCE
855,2026-05-19,D_BAND20,010060,0.0,0.10792364016736401,0.10792364016736401,0.10792364016736401,1.0,STABILIZED_POSTERIOR_MEAN,294500.0,ENTRY
856,2026-05-19,D_BAND20,012330,0.0,0.15,0.15,0.15,1.0,STABILIZED_POSTERIOR_MEAN,525000.0,ENTRY
857,2026-05-19,D_BAND20,086280,0.13477772070155922,0.0,-0.13477772070155922,-0.13477772070155922,1.0,STABILIZED_POSTERIOR_MEAN,214000.0,HARD_STOP
858,2026-05-19,D_BAND20,278470,0.0,0.15,0.15,0.15,1.0,STABILIZED_POSTERIOR_MEAN,397500.0,ENTRY
859,2026-05-19,E_VOL_RISK,012330,0.08442307397802165,0.0,-0.08442307397802165,-0.08442307397802165,1.0,STABILIZED_POSTERIOR_MEAN,525000.0,TRAILING_STOP
860,2026-05-19,E_VOL_RISK,278470,0.09757699091286143,0.0,-0.09757699091286143,-0.09757699091286143,1.0,STABILIZED_POSTERIOR_MEAN,397500.0,TRAILING_STOP
861,2026-05-19,E_VOL_RISK,443060,0.0,0.1,0.1,0.1,1.0,STABILIZED_POSTERIOR_MEAN,218000.0,ENTRY
862,2026-05-20,X_CAP15_ONLY,010060,0.09329510667558556,0.10792364016736401,0.01462853349177845,0.01462853349177845,1.0,STABILIZED_POSTERIOR_MEAN,277500.0,REBALANCE
863,2026-05-20,A_CURRENT,005490,0.142965802778675,0.0,-0.142965802778675,-0.142965802778675,1.0,STABILIZED_POSTERIOR_MEAN,415136.3125,HARD_STOP
864,2026-05-20,A_CURRENT,402340,0.0,0.15,0.15,0.15,1.0,STABILIZED_POSTERIOR_MEAN,1029000.0,ENTRY
865,2026-05-20,X_COOLDOWN5,010060,0.1355291603235036,0.0,-0.1355291603235036,-0.1355291603235036,1.0,STABILIZED_POSTERIOR_MEAN,277500.0,HARD_STOP
866,2026-05-20,B_EQUAL,010060,0.13770156890043347,0.0,-0.13770156890043347,-0.13770156890043347,1.0,STABILIZED_POSTERIOR_MEAN,277500.0,HARD_STOP
867,2026-05-20,B_EQUAL,012330,0.0,0.15,0.15,0.15,1.0,STABILIZED_POSTERIOR_MEAN,535000.0,ENTRY
868,2026-05-20,B_EQUAL,278470,0.1571479218532034,0.0,-0.1571479218532034,-0.1571479218532034,1.0,STABILIZED_POSTERIOR_MEAN,390000.0,TRAILING_STOP
869,2026-05-20,B_EQUAL,402340,0.0,0.15,0.15,0.15,1.0,STABILIZED_POSTERIOR_MEAN,1029000.0,ENTRY
870,2026-05-20,B_EQUAL,443060,0.1656467349128141,0.15,-0.015646734912814098,-0.015646734912814098,1.0,STABILIZED_POSTERIOR_MEAN,222000.0,REBALANCE
871,2026-05-20,C_CAP10,005490,0.09392760064964319,0.0,-0.09392760064964319,-0.09392760064964319,1.0,STABILIZED_POSTERIOR_MEAN,415136.3125,HARD_STOP
872,2026-05-20,C_CAP10,012330,0.0,0.1,0.1,0.1,1.0,STABILIZED_POSTERIOR_MEAN,535000.0,ENTRY
873,2026-05-20,C_CAP10,402340,0.0,0.1,0.1,0.1,1.0,STABILIZED_POSTERIOR_MEAN,1029000.0,ENTRY
874,2026-05-20,C_CAP08,005490,0.0,0.08,0.08,0.08,1.0,STABILIZED_POSTERIOR_MEAN,415136.3125,ENTRY
875,2026-05-20,D_BAND20,005490,0.040172735915884814,0.0,-0.040172735915884814,-0.040172735915884814,1.0,STABILIZED_POSTERIOR_MEAN,415136.3125,HARD_STOP
876,2026-05-20,D_BAND20,010060,0.10256457327586767,0.15,0.047435426724132326,0.047435426724132326,1.0,STABILIZED_POSTERIOR_MEAN,277500.0,REBALANCE
877,2026-05-20,E_VOL_RISK,005490,0.0,0.1,0.1,0.1,1.0,STABILIZED_POSTERIOR_MEAN,415136.3125,ENTRY
878,2026-05-20,E_VOL_RISK,010060,0.0,0.1,0.1,0.1,1.0,STABILIZED_POSTERIOR_MEAN,277500.0,ENTRY
879,2026-05-21,A0_LEGACY,010060,0.020809786046122547,0.024403332027525447,0.0035935459814029,0.0035935459814029,1.0,STABILIZED_POSTERIOR_MEAN,280500.0,REBALANCE
880,2026-05-21,X_CAP15_ONLY,012330,0.1767699952728155,0.15,-0.02676999527281551,-0.02676999527281551,1.0,STABILIZED_POSTERIOR_MEAN,670000.0,REBALANCE
881,2026-05-21,A_CURRENT,012330,0.18111670225021032,0.15,-0.03111670225021032,-0.03111670225021032,1.0,STABILIZED_POSTERIOR_MEAN,670000.0,REBALANCE
882,2026-05-21,B_EQUAL,010060,0.0,0.15,0.15,0.15,1.0,STABILIZED_POSTERIOR_MEAN,280500.0,ENTRY
883,2026-05-21,B_EQUAL,012330,0.1748823420933948,0.15,-0.024882342093394794,-0.024882342093394794,1.0,STABILIZED_POSTERIOR_MEAN,670000.0,REBALANCE
884,2026-05-21,C_CAP10,005490,0.0,0.1,0.1,0.1,1.0,STABILIZED_POSTERIOR_MEAN,441517.875,ENTRY
885,2026-05-21,C_CAP10,012330,0.11910860725832233,0.1,-0.01910860725832232,-0.01910860725832232,1.0,STABILIZED_POSTERIOR_MEAN,670000.0,REBALANCE
886,2026-05-21,C_CAP08,012330,0.09809797495928817,0.08,-0.018097974959288166,-0.018097974959288166,1.0,STABILIZED_POSTERIOR_MEAN,670000.0,REBALANCE
887,2026-05-21,C_CAP08,402340,0.08885015225406115,0.08,-0.008850152254061147,-0.008850152254061147,1.0,STABILIZED_POSTERIOR_MEAN,1179000.0,REBALANCE
888,2026-05-21,D_BAND20,005490,0.0,0.04207635983263593,0.04207635983263593,0.04207635983263593,1.0,STABILIZED_POSTERIOR_MEAN,441517.875,ENTRY
889,2026-05-21,D_BAND20,010060,0.143552787716211,0.10792364016736401,-0.03562914754884698,-0.03562914754884698,1.0,STABILIZED_POSTERIOR_MEAN,280500.0,REBALANCE
890,2026-05-21,D_BAND20,012330,0.1827933346741942,0.15,-0.03279333467419421,-0.03279333467419421,1.0,STABILIZED_POSTERIOR_MEAN,670000.0,REBALANCE
891,2026-05-22,A0_LEGACY,010060,0.026967675777539883,0.024403332027525447,-0.002564343750014436,-0.002564343750014436,1.0,STABILIZED_POSTERIOR_MEAN,314500.0,REBALANCE
892,2026-05-22,A0_LEGACY,443060,0.2075709378232439,0.184638525274774,-0.022932412548469894,-0.022932412548469894,1.0,STABILIZED_POSTERIOR_MEAN,245500.0,REBALANCE
893,2026-05-22,X_COOLDOWN5,443060,0.16965962214731717,0.15,-0.019659622147317174,-0.019659622147317174,1.0,STABILIZED_POSTERIOR_MEAN,245500.0,REBALANCE
894,2026-05-22,R_EXIT_RECOVERY,012330,0.0,0.15,0.15,0.15,1.0,STABILIZED_POSTERIOR_MEAN,646000.0,CONFIRMED_REENTRY
895,2026-05-22,C_CAP10,443060,0.11123068983060792,0.1,-0.011230689830607918,-0.011230689830607918,1.0,STABILIZED_POSTERIOR_MEAN,245500.0,REBALANCE
896,2026-05-26,A0_LEGACY,010060,0.027595781939636285,0.024403332027525447,-0.0031924499121108382,-0.0031924499121108382,1.0,STABILIZED_POSTERIOR_MEAN,360000.0,REBALANCE
897,2026-05-26,A_CURRENT,010060,0.16508407114590462,0.15,-0.015084071145904626,-0.015084071145904626,1.0,STABILIZED_POSTERIOR_MEAN,360000.0,REBALANCE
898,2026-05-26,A_CURRENT,278470,0.13368835042123728,0.15,0.016311649578762716,0.016311649578762716,1.0,STABILIZED_POSTERIOR_MEAN,389500.0,REBALANCE
899,2026-05-26,R_TREND_REARM,402340,0.0,0.15,0.15,0.15,1.0,STABILIZED_POSTERIOR_MEAN,1181000.0,CONFIRMED_REENTRY
900,2026-05-26,B_EQUAL,005490,0.13311564422609198,0.15,0.01688435577390801,0.01688435577390801,1.0,STABILIZED_POSTERIOR_MEAN,442000.0,REBALANCE
901,2026-05-26,C_CAP10,010060,0.11351124080699528,0.1,-0.01351124080699527,-0.01351124080699527,1.0,STABILIZED_POSTERIOR_MEAN,360000.0,REBALANCE
902,2026-05-26,C_CAP08,010060,0.09141397760626431,0.08,-0.011413977606264308,-0.011413977606264308,1.0,STABILIZED_POSTERIOR_MEAN,360000.0,REBALANCE
903,2026-05-26,C_CAP08,443060,0.0901254298552089,0.08,-0.010125429855208895,-0.010125429855208895,1.0,STABILIZED_POSTERIOR_MEAN,256500.0,REBALANCE
904,2026-05-26,D_BAND20,010060,0.13220939408815172,0.10792364016736401,-0.024285753920787703,-0.024285753920787703,1.0,STABILIZED_POSTERIOR_MEAN,360000.0,REBALANCE
905,2026-05-26,D_BAND20,402340,0.0,0.15,0.15,0.15,1.0,STABILIZED_POSTERIOR_MEAN,1181000.0,ENTRY
906,2026-05-26,E_VOL_RISK,010060,0.12331752836966382,0.1,-0.023317528369663817,-0.023317528369663817,1.0,STABILIZED_POSTERIOR_MEAN,360000.0,REBALANCE
907,2026-05-26,E_VOL_RISK,402340,0.0,0.1,0.1,0.1,1.0,STABILIZED_POSTERIOR_MEAN,1181000.0,ENTRY
908,2026-05-27,A0_LEGACY,278470,0.20649785991163855,0.2320637431352694,0.025565883223630848,0.025565883223630848,1.0,STABILIZED_POSTERIOR_MEAN,385000.0,REBALANCE
909,2026-05-27,X_CAP15_ONLY,005490,0.03646429992204322,0.04207635983263593,0.005612059910592715,0.005612059910592715,1.0,STABILIZED_POSTERIOR_MEAN,423500.0,REBALANCE
910,2026-05-27,X_CAP15_ONLY,010060,0.13143961614514418,0.10792364016736401,-0.02351597597778017,-0.02351597597778017,1.0,STABILIZED_POSTERIOR_MEAN,388000.0,REBALANCE
911,2026-05-27,X_CAP15_ONLY,086280,0.12946011387348128,0.15,0.02053988612651872,0.02053988612651872,1.0,STABILIZED_POSTERIOR_MEAN,229500.0,REBALANCE
912,2026-05-27,A_CURRENT,005490,0.0,0.15,0.15,0.15,1.0,STABILIZED_POSTERIOR_MEAN,423500.0,ENTRY
913,2026-05-27,X_COOLDOWN5,005490,0.0,0.15,0.15,0.15,1.0,STABILIZED_POSTERIOR_MEAN,423500.0,ENTRY
914,2026-05-27,X_COOLDOWN5,402340,0.0,0.15,0.15,0.15,1.0,STABILIZED_POSTERIOR_MEAN,1276000.0,ENTRY
915,2026-05-27,R_EXIT_RECOVERY,010060,0.0,0.15,0.15,0.15,1.0,STABILIZED_POSTERIOR_MEAN,388000.0,CONFIRMED_REENTRY
916,2026-05-27,R_TREND_REARM,012330,0.0,0.15,0.15,0.15,1.0,STABILIZED_POSTERIOR_MEAN,688000.0,CONFIRMED_REENTRY
917,2026-05-27,B_EQUAL,278470,0.0,0.15,0.15,0.15,1.0,STABILIZED_POSTERIOR_MEAN,385000.0,ENTRY
918,2026-05-27,C_CAP10,402340,0.11291396634215811,0.1,-0.012913966342158106,-0.012913966342158106,1.0,STABILIZED_POSTERIOR_MEAN,1276000.0,REBALANCE
919,2026-05-27,C_CAP08,278470,0.07197835994072255,0.08,0.008021640059277454,0.008021640059277454,1.0,STABILIZED_POSTERIOR_MEAN,385000.0,REBALANCE
920,2026-05-28,A0_LEGACY,005490,0.008352447754090294,0.009514165551802373,0.0011617177977120783,0.0011617177977120783,1.0,STABILIZED_POSTERIOR_MEAN,420000.0,REBALANCE
921,2026-05-28,A_CURRENT,443060,0.1403291831046021,0.0,-0.1403291831046021,-0.1403291831046021,1.0,STABILIZED_POSTERIOR_MEAN,226000.0,TRAILING_STOP
922,2026-05-28,X_COOLDOWN5,443060,0.14006389646152734,0.0,-0.14006389646152734,-0.14006389646152734,1.0,STABILIZED_POSTERIOR_MEAN,226000.0,TRAILING_STOP
923,2026-05-28,B_EQUAL,010060,0.18497196452156003,0.15,-0.03497196452156004,-0.03497196452156004,1.0,STABILIZED_POSTERIOR_MEAN,364000.0,REBALANCE
924,2026-05-28,B_EQUAL,443060,0.13509103743301834,0.0,-0.13509103743301834,-0.13509103743301834,1.0,STABILIZED_POSTERIOR_MEAN,226000.0,TRAILING_STOP
925,2026-05-28,C_CAP10,443060,0.09069885238022661,0.0,-0.09069885238022661,-0.09069885238022661,1.0,STABILIZED_POSTERIOR_MEAN,226000.0,TRAILING_STOP
926,2026-05-28,C_CAP08,443060,0.0707654826141224,0.0,-0.0707654826141224,-0.0707654826141224,1.0,STABILIZED_POSTERIOR_MEAN,226000.0,TRAILING_STOP
927,2026-05-28,D_BAND20,005490,0.03843181856091923,0.15,0.11156818143908076,0.11156818143908076,1.0,STABILIZED_POSTERIOR_MEAN,420000.0,REBALANCE
928,2026-05-28,D_BAND20,010060,0.1097718918485608,0.15,0.04022810815143919,0.04022810815143919,1.0,STABILIZED_POSTERIOR_MEAN,364000.0,REBALANCE
929,2026-05-28,D_BAND20,443060,0.14390541255454728,0.0,-0.14390541255454728,-0.14390541255454728,1.0,STABILIZED_POSTERIOR_MEAN,226000.0,TRAILING_STOP
930,2026-05-29,A0_LEGACY,005490,0.009474823700938077,0.0,-0.009474823700938077,-0.009474823700938077,1.0,STABILIZED_POSTERIOR_MEAN,423500.0,REBALANCE
931,2026-05-29,A0_LEGACY,010060,0.02360047257576874,0.0,-0.02360047257576874,-0.02360047257576874,1.0,STABILIZED_POSTERIOR_MEAN,349500.0,REBALANCE
932,2026-05-29,A0_LEGACY,012330,0.06649292846977911,0.08046922292851301,0.013976294458733898,0.013976294458733898,1.0,STABILIZED_POSTERIOR_MEAN,768000.0,REBALANCE
933,2026-05-29,A0_LEGACY,034730,0.0,0.17917775174850473,0.17917775174850473,0.17917775174850473,1.0,STABILIZED_POSTERIOR_MEAN,676000.0,ENTRY
934,2026-05-29,A0_LEGACY,086280,0.11084311400849829,0.09997948592083947,-0.010863628087658825,-0.010863628087658825,1.0,STABILIZED_POSTERIOR_MEAN,242500.0,REBALANCE
935,2026-05-29,A0_LEGACY,278470,0.23703201474245866,0.16078843665316464,-0.07624357808929402,-0.07624357808929402,1.0,STABILIZED_POSTERIOR_MEAN,395500.0,REBALANCE
936,2026-05-29,A0_LEGACY,329180,0.0,0.1599757494278495,0.1599757494278495,0.1599757494278495,1.0,STABILIZED_POSTERIOR_MEAN,696000.0,ENTRY
937,2026-05-29,A0_LEGACY,402340,0.17342015319764356,0.0,-0.17342015319764356,-0.17342015319764356,1.0,STABILIZED_POSTERIOR_MEAN,1233000.0,REBALANCE
938,2026-05-29,A0_LEGACY,443060,0.1657896674470038,0.0,-0.1657896674470038,-0.1657896674470038,1.0,STABILIZED_POSTERIOR_MEAN,224000.0,REBALANCE
939,2026-05-29,X_CAP15_ONLY,005490,0.041980981288566956,0.0,-0.041980981288566956,-0.041980981288566956,1.0,STABILIZED_POSTERIOR_MEAN,423500.0,REBALANCE
940,2026-05-29,X_CAP15_ONLY,010060,0.09699435627459849,0.0,-0.09699435627459849,-0.09699435627459849,1.0,STABILIZED_POSTERIOR_MEAN,349500.0,REBALANCE
941,2026-05-29,X_CAP15_ONLY,034730,0.0,0.15,0.15,0.15,1.0,STABILIZED_POSTERIOR_MEAN,676000.0,ENTRY
942,2026-05-29,X_CAP15_ONLY,086280,0.15813745219299105,0.11246059739499849,-0.045676854797992564,-0.045676854797992564,1.0,STABILIZED_POSTERIOR_MEAN,242500.0,REBALANCE
943,2026-05-29,X_CAP15_ONLY,402340,0.16083476746387423,0.0,-0.16083476746387423,-0.16083476746387423,1.0,STABILIZED_POSTERIOR_MEAN,1233000.0,REBALANCE
944,2026-05-29,X_CAP15_ONLY,443060,0.14085706010165422,0.0,-0.14085706010165422,-0.14085706010165422,1.0,STABILIZED_POSTERIOR_MEAN,224000.0,REBALANCE
945,2026-05-29,A_CURRENT,005490,0.1514602717043506,0.0,-0.1514602717043506,-0.1514602717043506,1.0,STABILIZED_POSTERIOR_MEAN,423500.0,REBALANCE
946,2026-05-29,A_CURRENT,021240,0.0,0.15,0.15,0.15,1.0,STABILIZED_POSTERIOR_MEAN,90000.0,ENTRY
947,2026-05-29,A_CURRENT,402340,0.15832433923072922,0.0,-0.15832433923072922,-0.15832433923072922,1.0,STABILIZED_POSTERIOR_MEAN,1233000.0,REBALANCE
948,2026-05-29,X_COOLDOWN5,005490,0.1515585970554522,0.0,-0.1515585970554522,-0.1515585970554522,1.0,STABILIZED_POSTERIOR_MEAN,423500.0,REBALANCE
949,2026-05-29,X_COOLDOWN5,012330,0.0,0.15,0.15,0.15,1.0,STABILIZED_POSTERIOR_MEAN,768000.0,ENTRY
950,2026-05-29,R_EXIT_RECOVERY,010060,0.13464305605016477,0.0,-0.13464305605016477,-0.13464305605016477,1.0,STABILIZED_POSTERIOR_MEAN,349500.0,REBALANCE
951,2026-05-29,R_EXIT_RECOVERY,012330,0.17598771295693574,0.15,-0.02598771295693575,-0.02598771295693575,1.0,STABILIZED_POSTERIOR_MEAN,768000.0,REBALANCE
952,2026-05-29,R_EXIT_RECOVERY,021240,0.0,0.15,0.15,0.15,1.0,STABILIZED_POSTERIOR_MEAN,90000.0,ENTRY
953,2026-05-29,R_EXIT_RECOVERY,329180,0.0,0.15,0.15,0.15,1.0,STABILIZED_POSTERIOR_MEAN,696000.0,ENTRY
954,2026-05-29,R_TREND_REARM,012330,0.16544894521683357,0.15,-0.01544894521683357,-0.01544894521683357,1.0,STABILIZED_POSTERIOR_MEAN,768000.0,REBALANCE
955,2026-05-29,R_TREND_REARM,329180,0.0,0.15,0.15,0.15,1.0,STABILIZED_POSTERIOR_MEAN,696000.0,ENTRY
956,2026-05-29,R_TREND_REARM,402340,0.15289579631965594,0.0,-0.15289579631965594,-0.15289579631965594,1.0,STABILIZED_POSTERIOR_MEAN,1233000.0,REBALANCE
957,2026-05-29,B_EQUAL,005490,0.14307814166965893,0.0,-0.14307814166965893,-0.14307814166965893,1.0,STABILIZED_POSTERIOR_MEAN,423500.0,REBALANCE
958,2026-05-29,B_EQUAL,010060,0.1425763818625144,0.0,-0.1425763818625144,-0.1425763818625144,1.0,STABILIZED_POSTERIOR_MEAN,349500.0,TRAILING_STOP
959,2026-05-29,B_EQUAL,021240,0.0,0.15,0.15,0.15,1.0,STABILIZED_POSTERIOR_MEAN,90000.0,ENTRY
960,2026-05-29,B_EQUAL,034730,0.0,0.15,0.15,0.15,1.0,STABILIZED_POSTERIOR_MEAN,676000.0,ENTRY
961,2026-05-29,B_EQUAL,161390,0.0,0.15,0.15,0.15,1.0,STABILIZED_POSTERIOR_MEAN,66800.0,ENTRY
962,2026-05-29,B_EQUAL,329180,0.0,0.15,0.15,0.15,1.0,STABILIZED_POSTERIOR_MEAN,696000.0,ENTRY
963,2026-05-29,B_EQUAL,402340,0.1574089087002254,0.0,-0.1574089087002254,-0.1574089087002254,1.0,STABILIZED_POSTERIOR_MEAN,1233000.0,REBALANCE
964,2026-05-29,C_CAP10,005490,0.09177483628126472,0.0,-0.09177483628126472,-0.09177483628126472,1.0,STABILIZED_POSTERIOR_MEAN,423500.0,REBALANCE
965,2026-05-29,C_CAP10,010060,0.09637799431440243,0.0,-0.09637799431440243,-0.09637799431440243,1.0,STABILIZED_POSTERIOR_MEAN,349500.0,TRAILING_STOP
966,2026-05-29,C_CAP08,005490,0.07597713175568725,0.0,-0.07597713175568725,-0.07597713175568725,1.0,STABILIZED_POSTERIOR_MEAN,423500.0,REBALANCE
967,2026-05-29,C_CAP08,010060,0.07753548345559458,0.0,-0.07753548345559458,-0.07753548345559458,1.0,STABILIZED_POSTERIOR_MEAN,349500.0,TRAILING_STOP
968,2026-05-29,C_CAP08,012330,0.08906213440036058,0.08,-0.009062134400360577,-0.009062134400360577,1.0,STABILIZED_POSTERIOR_MEAN,768000.0,REBALANCE
969,2026-05-29,C_CAP08,021240,0.0,0.08,0.08,0.08,1.0,STABILIZED_POSTERIOR_MEAN,90000.0,ENTRY
970,2026-05-29,C_CAP08,161390,0.0,0.08,0.08,0.08,1.0,STABILIZED_POSTERIOR_MEAN,66800.0,ENTRY
971,2026-05-29,C_CAP08,402340,0.08125609610179207,0.0,-0.08125609610179207,-0.08125609610179207,1.0,STABILIZED_POSTERIOR_MEAN,1233000.0,REBALANCE
972,2026-05-29,D_BAND20,005490,0.14834318229979424,0.0,-0.14834318229979424,-0.14834318229979424,1.0,STABILIZED_POSTERIOR_MEAN,423500.0,REBALANCE
973,2026-05-29,D_BAND20,010060,0.14125676745194282,0.0,-0.14125676745194282,-0.14125676745194282,1.0,STABILIZED_POSTERIOR_MEAN,349500.0,TRAILING_STOP
974,2026-05-29,D_BAND20,402340,0.15450848245113208,0.0,-0.15450848245113208,-0.15450848245113208,1.0,STABILIZED_POSTERIOR_MEAN,1233000.0,REBALANCE
975,2026-05-29,E_VOL_RISK,005490,0.09863888375399318,0.0,-0.09863888375399318,-0.09863888375399318,1.0,STABILIZED_POSTERIOR_MEAN,423500.0,REBALANCE
976,2026-05-29,E_VOL_RISK,010060,0.09875175863277154,0.0,-0.09875175863277154,-0.09875175863277154,1.0,STABILIZED_POSTERIOR_MEAN,349500.0,TRAILING_STOP
977,2026-05-29,E_VOL_RISK,012330,0.0,0.1,0.1,0.1,1.0,STABILIZED_POSTERIOR_MEAN,768000.0,ENTRY
978,2026-05-29,E_VOL_RISK,278470,0.0,0.1,0.1,0.1,1.0,STABILIZED_POSTERIOR_MEAN,395500.0,ENTRY
979,2026-05-29,E_VOL_RISK,402340,0.10619726650001911,0.0,-0.10619726650001911,-0.10619726650001911,1.0,STABILIZED_POSTERIOR_MEAN,1233000.0,REBALANCE
980,2026-05-29,E_VOL_RISK,443060,0.09917012071746165,0.0,-0.09917012071746165,-0.09917012071746165,1.0,STABILIZED_POSTERIOR_MEAN,224000.0,TRAILING_STOP
981,2026-06-01,A0_LEGACY,161390,0.12367279383861245,0.11019433660653116,-0.013478457232081284,-0.013478457232081284,1.0,STABILIZED_POSTERIOR_MEAN,68700.0,REBALANCE
982,2026-06-01,A0_LEGACY,267250,0.0,0.15192989266955925,0.15192989266955925,0.15192989266955925,1.0,STABILIZED_POSTERIOR_MEAN,281000.0,ENTRY
983,2026-06-01,A0_LEGACY,278470,0.17280650376934253,0.1336455811829185,-0.039160922586424035,-0.039160922586424035,1.0,STABILIZED_POSTERIOR_MEAN,426500.0,REBALANCE
984,2026-06-01,X_CAP15_ONLY,012330,0.1612088256030609,0.06705768577376084,-0.09415113982930007,-0.09415113982930007,1.0,STABILIZED_POSTERIOR_MEAN,761000.0,REBALANCE
985,2026-06-01,X_CAP15_ONLY,086280,0.10772476993660994,0.08331623826736621,-0.024408531669243727,-0.024408531669243727,1.0,STABILIZED_POSTERIOR_MEAN,232500.0,REBALANCE
986,2026-06-01,X_CAP15_ONLY,267250,0.0,0.15,0.15,0.15,1.0,STABILIZED_POSTERIOR_MEAN,281000.0,ENTRY
987,2026-06-01,X_CAP15_ONLY,278470,0.15463775766452992,0.13399036387763721,-0.020647393786892704,-0.020647393786892704,1.0,STABILIZED_POSTERIOR_MEAN,426500.0,REBALANCE
988,2026-06-01,X_CAP15_ONLY,329180,0.0,0.13331312452320793,0.13331312452320793,0.13331312452320793,1.0,STABILIZED_POSTERIOR_MEAN,684000.0,ENTRY
989,2026-06-01,A_CURRENT,010060,0.1435231122471392,0.0,-0.1435231122471392,-0.1435231122471392,1.0,STABILIZED_POSTERIOR_MEAN,351000.0,TRAILING_STOP
990,2026-06-01,A_CURRENT,021240,0.14837015129917633,0.07252917532485971,-0.07584097597431662,-0.07584097597431662,1.0,STABILIZED_POSTERIOR_MEAN,90000.0,REBALANCE
991,2026-06-01,A_CURRENT,034730,0.0,0.14931479312375395,0.14931479312375395,0.14931479312375395,1.0,STABILIZED_POSTERIOR_MEAN,657000.0,ENTRY
992,2026-06-01,A_CURRENT,086280,0.0,0.08331623826736621,0.08331623826736621,0.08331623826736621,1.0,STABILIZED_POSTERIOR_MEAN,232500.0,ENTRY
993,2026-06-01,A_CURRENT,161390,0.0,0.1104786191094142,0.1104786191094142,0.1104786191094142,1.0,STABILIZED_POSTERIOR_MEAN,68700.0,ENTRY
994,2026-06-01,A_CURRENT,267250,0.0,0.15,0.15,0.15,1.0,STABILIZED_POSTERIOR_MEAN,281000.0,ENTRY
995,2026-06-01,A_CURRENT,278470,0.16118655047142585,0.13399036387763721,-0.02719618659378864,-0.02719618659378864,1.0,STABILIZED_POSTERIOR_MEAN,426500.0,REBALANCE
996,2026-06-01,X_COOLDOWN5,012330,0.1466900703900236,0.06705768577376084,-0.07963238461626276,-0.07963238461626276,1.0,STABILIZED_POSTERIOR_MEAN,761000.0,REBALANCE
997,2026-06-01,X_COOLDOWN5,021240,0.0,0.07252917532485971,0.07252917532485971,0.07252917532485971,1.0,STABILIZED_POSTERIOR_MEAN,90000.0,ENTRY
998,2026-06-01,X_COOLDOWN5,034730,0.0,0.14931479312375395,0.14931479312375395,0.14931479312375395,1.0,STABILIZED_POSTERIOR_MEAN,657000.0,ENTRY
999,2026-06-01,X_COOLDOWN5,161390,0.0,0.1104786191094142,0.1104786191094142,0.1104786191094142,1.0,STABILIZED_POSTERIOR_MEAN,68700.0,ENTRY
1000,2026-06-01,X_COOLDOWN5,267250,0.0,0.15,0.15,0.15,1.0,STABILIZED_POSTERIOR_MEAN,281000.0,ENTRY
1001,2026-06-01,X_COOLDOWN5,278470,0.1612984152274186,0.13399036387763721,-0.027308051349781398,-0.027308051349781398,1.0,STABILIZED_POSTERIOR_MEAN,426500.0,REBALANCE
1002,2026-06-01,X_COOLDOWN5,329180,0.0,0.13331312452320793,0.13331312452320793,0.13331312452320793,1.0,STABILIZED_POSTERIOR_MEAN,684000.0,ENTRY
1003,2026-06-01,X_COOLDOWN5,402340,0.1472331360625136,0.0,-0.1472331360625136,-0.1472331360625136,1.0,STABILIZED_POSTERIOR_MEAN,1256000.0,REBALANCE
1004,2026-06-01,R_EXIT_RECOVERY,034730,0.0,0.15,0.15,0.15,1.0,STABILIZED_POSTERIOR_MEAN,657000.0,CONFIRMED_REENTRY
1005,2026-06-01,R_TREND_REARM,021240,0.0,0.15,0.15,0.15,1.0,STABILIZED_POSTERIOR_MEAN,90000.0,ENTRY
1006,2026-06-01,B_EQUAL,012330,0.1589676743799257,0.1125,-0.0464676743799257,-0.0464676743799257,1.0,STABILIZED_POSTERIOR_MEAN,761000.0,REBALANCE
1007,2026-06-01,B_EQUAL,021240,0.14877922795057194,0.1125,-0.03627922795057194,-0.03627922795057194,1.0,STABILIZED_POSTERIOR_MEAN,90000.0,REBALANCE
1008,2026-06-01,B_EQUAL,034730,0.1445975632596535,0.1125,-0.0320975632596535,-0.0320975632596535,1.0,STABILIZED_POSTERIOR_MEAN,657000.0,REBALANCE
1009,2026-06-01,B_EQUAL,161390,0.15301097245814807,0.1125,-0.04051097245814807,-0.04051097245814807,1.0,STABILIZED_POSTERIOR_MEAN,68700.0,REBALANCE
1010,2026-06-01,B_EQUAL,267250,0.0,0.1125,0.1125,0.1125,1.0,STABILIZED_POSTERIOR_MEAN,281000.0,ENTRY
1011,2026-06-01,B_EQUAL,278470,0.1666901169425646,0.1125,-0.054190116942564606,-0.054190116942564606,1.0,STABILIZED_POSTERIOR_MEAN,426500.0,REBALANCE
1012,2026-06-01,B_EQUAL,329180,0.14621406884797586,0.1125,-0.033714068847975856,-0.033714068847975856,1.0,STABILIZED_POSTERIOR_MEAN,684000.0,REBALANCE
1013,2026-06-01,C_CAP10,021240,0.0,0.1,0.1,0.1,1.0,STABILIZED_POSTERIOR_MEAN,90000.0,ENTRY
1014,2026-06-01,C_CAP10,034730,0.0,0.1,0.1,0.1,1.0,STABILIZED_POSTERIOR_MEAN,657000.0,ENTRY
1015,2026-06-01,C_CAP10,086280,0.0,0.1,0.1,0.1,1.0,STABILIZED_POSTERIOR_MEAN,232500.0,ENTRY
1016,2026-06-01,C_CAP10,267250,0.0,0.1,0.1,0.1,1.0,STABILIZED_POSTERIOR_MEAN,281000.0,ENTRY
1017,2026-06-01,C_CAP10,329180,0.0,0.1,0.1,0.1,1.0,STABILIZED_POSTERIOR_MEAN,684000.0,ENTRY
1018,2026-06-01,C_CAP10,402340,0.09729878667749042,0.0,-0.09729878667749042,-0.09729878667749042,1.0,STABILIZED_POSTERIOR_MEAN,1256000.0,REBALANCE
1019,2026-06-01,C_CAP08,086280,0.0,0.08,0.08,0.08,1.0,STABILIZED_POSTERIOR_MEAN,232500.0,ENTRY
1020,2026-06-01,C_CAP08,267250,0.0,0.08,0.08,0.08,1.0,STABILIZED_POSTERIOR_MEAN,281000.0,ENTRY
1021,2026-06-01,C_CAP08,278470,0.08832083910446328,0.08,-0.008320839104463282,-0.008320839104463282,1.0,STABILIZED_POSTERIOR_MEAN,426500.0,REBALANCE
1022,2026-06-01,C_CAP08,329180,0.0,0.08,0.08,0.08,1.0,STABILIZED_POSTERIOR_MEAN,684000.0,ENTRY
1023,2026-06-01,D_BAND20,161390,0.156320748794458,0.1104786191094142,-0.04584212968504381,-0.04584212968504381,1.0,STABILIZED_POSTERIOR_MEAN,68700.0,REBALANCE
1024,2026-06-01,D_BAND20,329180,0.0,0.13331312452320793,0.13331312452320793,0.13331312452320793,1.0,STABILIZED_POSTERIOR_MEAN,684000.0,ENTRY
1025,2026-06-01,E_VOL_RISK,034730,0.0,0.1,0.1,0.1,1.0,STABILIZED_POSTERIOR_MEAN,657000.0,ENTRY
1026,2026-06-01,E_VOL_RISK,267250,0.0,0.1,0.1,0.1,1.0,STABILIZED_POSTERIOR_MEAN,281000.0,ENTRY
1027,2026-06-01,E_VOL_RISK,329180,0.0,0.1,0.1,0.1,1.0,STABILIZED_POSTERIOR_MEAN,684000.0,ENTRY
1028,2026-06-02,A0_LEGACY,012330,0.08030207788186303,0.06688513359214432,-0.013416944289718707,-0.013416944289718707,1.0,STABILIZED_POSTERIOR_MEAN,759000.0,REBALANCE
1029,2026-06-02,A0_LEGACY,034730,0.17878466673446128,0.1489305777574789,-0.029854088976982385,-0.029854088976982385,1.0,STABILIZED_POSTERIOR_MEAN,668000.0,REBALANCE
1030,2026-06-02,A0_LEGACY,086280,0.09221239602633273,0.08310184973738295,-0.009110546288949778,-0.009110546288949778,1.0,STABILIZED_POSTERIOR_MEAN,221500.0,REBALANCE
1031,2026-06-02,A0_LEGACY,329180,0.15619833413292045,0.13297008449417674,-0.023228249638743703,-0.023228249638743703,1.0,STABILIZED_POSTERIOR_MEAN,673000.0,REBALANCE
1032,2026-06-02,X_CAP15_ONLY,021240,0.0,0.07252917532485971,0.07252917532485971,0.07252917532485971,1.0,STABILIZED_POSTERIOR_MEAN,94600.0,ENTRY
1033,2026-06-02,X_CAP15_ONLY,161390,0.0,0.1104786191094142,0.1104786191094142,0.1104786191094142,1.0,STABILIZED_POSTERIOR_MEAN,69800.0,ENTRY
1034,2026-06-02,A_CURRENT,012330,0.15976854768671298,0.06705768577376084,-0.09271086191295214,-0.09271086191295214,1.0,STABILIZED_POSTERIOR_MEAN,759000.0,REBALANCE
1035,2026-06-02,A_CURRENT,329180,0.0,0.13331312452320793,0.13331312452320793,0.13331312452320793,1.0,STABILIZED_POSTERIOR_MEAN,673000.0,ENTRY
1036,2026-06-02,X_COOLDOWN5,021240,0.07660065028828358,0.08701222007674286,0.01041156978845928,0.01041156978845928,1.0,STABILIZED_POSTERIOR_MEAN,94600.0,REBALANCE
1037,2026-06-02,X_COOLDOWN5,161390,0.11278413497115952,0.13253962804162897,0.01975549307046945,0.01975549307046945,1.0,STABILIZED_POSTERIOR_MEAN,69800.0,REBALANCE
1038,2026-06-02,X_COOLDOWN5,278470,0.12658142887247253,0.15,0.02341857112752746,0.02341857112752746,1.0,STABILIZED_POSTERIOR_MEAN,401000.0,REBALANCE
1039,2026-06-02,R_EXIT_RECOVERY,267250,0.0,0.15,0.15,0.15,1.0,STABILIZED_POSTERIOR_MEAN,276500.0,ENTRY
1040,2026-06-02,R_TREND_REARM,034730,0.0,0.15,0.15,0.15,1.0,STABILIZED_POSTERIOR_MEAN,668000.0,CONFIRMED_REENTRY
1041,2026-06-02,R_TREND_REARM,267250,0.0,0.15,0.15,0.15,1.0,STABILIZED_POSTERIOR_MEAN,276500.0,ENTRY
1042,2026-06-02,B_EQUAL,034730,0.11452074193167593,0.12857142857142856,0.014050686639752633,0.014050686639752633,1.0,STABILIZED_POSTERIOR_MEAN,668000.0,REBALANCE
1043,2026-06-02,B_EQUAL,161390,0.11443839168710514,0.12857142857142856,0.014133036884323422,0.014133036884323422,1.0,STABILIZED_POSTERIOR_MEAN,69800.0,REBALANCE
1044,2026-06-02,C_CAP08,034730,0.0,0.08,0.08,0.08,1.0,STABILIZED_POSTERIOR_MEAN,668000.0,ENTRY
1045,2026-06-02,D_BAND20,267250,0.0,0.15,0.15,0.15,1.0,STABILIZED_POSTERIOR_MEAN,276500.0,ENTRY
1046,2026-06-02,E_VOL_RISK,161390,0.0,0.1,0.1,0.1,1.0,STABILIZED_POSTERIOR_MEAN,69800.0,ENTRY
1047,2026-06-04,X_COOLDOWN5,012330,0.06619960693834553,0.08044815188162811,0.014248544943282579,0.014248544943282579,1.0,STABILIZED_POSTERIOR_MEAN,748000.0,REBALANCE
1048,2026-06-04,B_EQUAL,329180,0.10731990259350647,0.12857142857142856,0.021251525977922084,0.021251525977922084,1.0,STABILIZED_POSTERIOR_MEAN,651000.0,REBALANCE
1049,2026-06-04,D_BAND20,012330,0.15710226914089365,0.08044815188162811,-0.07665411725926553,-0.07665411725926553,1.0,STABILIZED_POSTERIOR_MEAN,748000.0,REBALANCE
1050,2026-06-04,D_BAND20,021240,0.0,0.08701222007674286,0.08701222007674286,0.08701222007674286,1.0,STABILIZED_POSTERIOR_MEAN,93000.0,ENTRY
1051,2026-06-04,D_BAND20,034730,0.0,0.15,0.15,0.15,1.0,STABILIZED_POSTERIOR_MEAN,668000.0,ENTRY
1052,2026-06-04,E_VOL_RISK,021240,0.0,0.1,0.1,0.1,1.0,STABILIZED_POSTERIOR_MEAN,93000.0,ENTRY
1053,2026-06-05,A0_LEGACY,021240,0.0,0.07234254395980819,0.07234254395980819,0.07234254395980819,1.0,STABILIZED_POSTERIOR_MEAN,94200.0,ENTRY
1054,2026-06-05,A_CURRENT,012330,0.06357059955823378,0.0,-0.06357059955823378,-0.06357059955823378,1.0,STABILIZED_POSTERIOR_MEAN,697000.0,TRAILING_STOP
1055,2026-06-05,A_CURRENT,086280,0.07803143391916006,0.15,0.07196856608083993,0.07196856608083993,1.0,STABILIZED_POSTERIOR_MEAN,209500.0,REBALANCE
1056,2026-06-05,A_CURRENT,278470,0.1270231845702776,0.0,-0.1270231845702776,-0.1270231845702776,1.0,STABILIZED_POSTERIOR_MEAN,389000.0,TRAILING_STOP
1057,2026-06-05,X_COOLDOWN5,012330,0.07724918419695416,0.15,0.07275081580304583,0.07275081580304583,1.0,STABILIZED_POSTERIOR_MEAN,697000.0,REBALANCE
1058,2026-06-05,X_COOLDOWN5,021240,0.08924943676656448,0.15,0.060750563233435514,0.060750563233435514,1.0,STABILIZED_POSTERIOR_MEAN,94200.0,REBALANCE
1059,2026-06-05,X_COOLDOWN5,161390,0.1328084068988846,0.15,0.0171915931011154,0.0171915931011154,1.0,STABILIZED_POSTERIOR_MEAN,67900.0,REBALANCE
1060,2026-06-05,X_COOLDOWN5,329180,0.1339434383351164,0.15,0.01605656166488359,0.01605656166488359,1.0,STABILIZED_POSTERIOR_MEAN,664000.0,REBALANCE
1061,2026-06-05,R_EXIT_RECOVERY,012330,0.13944642731035056,0.0,-0.13944642731035056,-0.13944642731035056,1.0,STABILIZED_POSTERIOR_MEAN,697000.0,TRAILING_STOP
1062,2026-06-05,R_EXIT_RECOVERY,161390,0.0,0.15,0.15,0.15,1.0,STABILIZED_POSTERIOR_MEAN,67900.0,CONFIRMED_REENTRY
1063,2026-06-05,R_TREND_REARM,012330,0.13979128721664685,0.0,-0.13979128721664685,-0.13979128721664685,1.0,STABILIZED_POSTERIOR_MEAN,697000.0,TRAILING_STOP
1064,2026-06-05,R_TREND_REARM,161390,0.0,0.15,0.15,0.15,1.0,STABILIZED_POSTERIOR_MEAN,67900.0,CONFIRMED_REENTRY
1065,2026-06-05,B_EQUAL,012330,0.10609967375074275,0.0,-0.10609967375074275,-0.10609967375074275,1.0,STABILIZED_POSTERIOR_MEAN,697000.0,TRAILING_STOP
1066,2026-06-05,B_EQUAL,034730,0.12372027919528747,0.15,0.026279720804712525,0.026279720804712525,1.0,STABILIZED_POSTERIOR_MEAN,625000.0,REBALANCE
1067,2026-06-05,B_EQUAL,161390,0.1286327896278852,0.15,0.02136721037211478,0.02136721037211478,1.0,STABILIZED_POSTERIOR_MEAN,67900.0,REBALANCE
1068,2026-06-05,B_EQUAL,278470,0.10565656639578645,0.0,-0.10565656639578645,-0.10565656639578645,1.0,STABILIZED_POSTERIOR_MEAN,389000.0,TRAILING_STOP
1069,2026-06-05,B_EQUAL,329180,0.13472311146069013,0.15,0.015276888539309863,0.015276888539309863,1.0,STABILIZED_POSTERIOR_MEAN,664000.0,REBALANCE
1070,2026-06-05,C_CAP10,012330,0.10206011692017833,0.0,-0.10206011692017833,-0.10206011692017833,1.0,STABILIZED_POSTERIOR_MEAN,697000.0,TRAILING_STOP
1071,2026-06-05,C_CAP10,278470,0.09358815637162794,0.0,-0.09358815637162794,-0.09358815637162794,1.0,STABILIZED_POSTERIOR_MEAN,389000.0,TRAILING_STOP
1072,2026-06-05,C_CAP08,012330,0.07417566053616895,0.0,-0.07417566053616895,-0.07417566053616895,1.0,STABILIZED_POSTERIOR_MEAN,697000.0,TRAILING_STOP
1073,2026-06-05,C_CAP08,278470,0.07514298168909075,0.0,-0.07514298168909075,-0.07514298168909075,1.0,STABILIZED_POSTERIOR_MEAN,389000.0,TRAILING_STOP
1074,2026-06-05,D_BAND20,012330,0.07710759167226837,0.0,-0.07710759167226837,-0.07710759167226837,1.0,STABILIZED_POSTERIOR_MEAN,697000.0,TRAILING_STOP
1075,2026-06-05,D_BAND20,021240,0.09065632106019395,0.15,0.05934367893980605,0.05934367893980605,1.0,STABILIZED_POSTERIOR_MEAN,94200.0,REBALANCE
1076,2026-06-05,D_BAND20,161390,0.1133895863306153,0.15,0.036610413669384695,0.036610413669384695,1.0,STABILIZED_POSTERIOR_MEAN,67900.0,REBALANCE
1077,2026-06-05,D_BAND20,278470,0.13526069526981546,0.0,-0.13526069526981546,-0.13526069526981546,1.0,STABILIZED_POSTERIOR_MEAN,389000.0,TRAILING_STOP
1078,2026-06-05,E_VOL_RISK,012330,0.09294597517072788,0.0,-0.09294597517072788,-0.09294597517072788,1.0,STABILIZED_POSTERIOR_MEAN,697000.0,HARD_STOP
1079,2026-06-05,E_VOL_RISK,034730,0.09810057299829876,0.0,-0.09810057299829876,-0.09810057299829876,1.0,STABILIZED_POSTERIOR_MEAN,625000.0,TRAILING_STOP
1080,2026-06-05,E_VOL_RISK,278470,0.10073076767219927,0.0,-0.10073076767219927,-0.10073076767219927,1.0,STABILIZED_POSTERIOR_MEAN,389000.0,TRAILING_STOP
1081,2026-06-08,A0_LEGACY,012330,0.05939770208356599,0.06688513359214432,0.007487431508578328,0.007487431508578328,1.0,STABILIZED_POSTERIOR_MEAN,612000.0,REBALANCE
1082,2026-06-08,A_CURRENT,034730,0.1428428787143858,0.0,-0.1428428787143858,-0.1428428787143858,1.0,STABILIZED_POSTERIOR_MEAN,572000.0,HARD_STOP
1083,2026-06-08,A_CURRENT,161390,0.11839173927427582,0.15,0.031608260725724174,0.031608260725724174,1.0,STABILIZED_POSTERIOR_MEAN,67000.0,REBALANCE
1084,2026-06-08,A_CURRENT,267250,0.14546607401248243,0.0,-0.14546607401248243,-0.14546607401248243,1.0,STABILIZED_POSTERIOR_MEAN,248000.0,HARD_STOP
1085,2026-06-08,A_CURRENT,329180,0.13424942078537366,0.15,0.01575057921462633,0.01575057921462633,1.0,STABILIZED_POSTERIOR_MEAN,621000.0,REBALANCE
1086,2026-06-08,X_COOLDOWN5,012330,0.1424070779084748,0.0,-0.1424070779084748,-0.1424070779084748,1.0,STABILIZED_POSTERIOR_MEAN,612000.0,HARD_STOP
1087,2026-06-08,X_COOLDOWN5,034730,0.14547612563813214,0.0,-0.14547612563813214,-0.14547612563813214,1.0,STABILIZED_POSTERIOR_MEAN,572000.0,HARD_STOP
1088,2026-06-08,X_COOLDOWN5,278470,0.1524807824571915,0.0,-0.1524807824571915,-0.1524807824571915,1.0,STABILIZED_POSTERIOR_MEAN,366000.0,HARD_STOP
1089,2026-06-08,R_EXIT_RECOVERY,034730,0.14004117514400674,0.0,-0.14004117514400674,-0.14004117514400674,1.0,STABILIZED_POSTERIOR_MEAN,572000.0,HARD_STOP
1090,2026-06-08,R_EXIT_RECOVERY,267250,0.14534470029224814,0.0,-0.14534470029224814,-0.14534470029224814,1.0,STABILIZED_POSTERIOR_MEAN,248000.0,HARD_STOP
1091,2026-06-08,R_EXIT_RECOVERY,329180,0.14408799163227787,0.0,-0.14408799163227787,-0.14408799163227787,1.0,STABILIZED_POSTERIOR_MEAN,621000.0,HARD_STOP
1092,2026-06-08,R_TREND_REARM,267250,0.14531998925927417,0.0,-0.14531998925927417,-0.14531998925927417,1.0,STABILIZED_POSTERIOR_MEAN,248000.0,HARD_STOP
1093,2026-06-08,R_TREND_REARM,329180,0.1444278978257594,0.0,-0.1444278978257594,-0.1444278978257594,1.0,STABILIZED_POSTERIOR_MEAN,621000.0,HARD_STOP
1094,2026-06-08,B_EQUAL,012330,0.0,0.15,0.15,0.15,1.0,STABILIZED_POSTERIOR_MEAN,612000.0,ENTRY
1095,2026-06-08,B_EQUAL,267250,0.10681615084129678,0.0,-0.10681615084129678,-0.10681615084129678,1.0,STABILIZED_POSTERIOR_MEAN,248000.0,HARD_STOP
1096,2026-06-08,C_CAP10,012330,0.0,0.1,0.1,0.1,1.0,STABILIZED_POSTERIOR_MEAN,612000.0,ENTRY
1097,2026-06-08,C_CAP10,034730,0.09407564485808434,0.0,-0.09407564485808434,-0.09407564485808434,1.0,STABILIZED_POSTERIOR_MEAN,572000.0,HARD_STOP
1098,2026-06-08,C_CAP10,086280,0.08923286070364836,0.0,-0.08923286070364836,-0.08923286070364836,1.0,STABILIZED_POSTERIOR_MEAN,192000.0,HARD_STOP
1099,2026-06-08,C_CAP10,161390,0.11098131268577185,0.1,-0.010981312685771849,-0.010981312685771849,1.0,STABILIZED_POSTERIOR_MEAN,67000.0,REBALANCE
1100,2026-06-08,C_CAP10,267250,0.0953656351603715,0.0,-0.0953656351603715,-0.0953656351603715,1.0,STABILIZED_POSTERIOR_MEAN,248000.0,HARD_STOP
1101,2026-06-08,C_CAP08,034730,0.07244651770827489,0.0,-0.07244651770827489,-0.07244651770827489,1.0,STABILIZED_POSTERIOR_MEAN,572000.0,HARD_STOP
1102,2026-06-08,C_CAP08,086280,0.07028792731276096,0.0,-0.07028792731276096,-0.07028792731276096,1.0,STABILIZED_POSTERIOR_MEAN,192000.0,HARD_STOP
1103,2026-06-08,C_CAP08,267250,0.07511865897193426,0.0,-0.07511865897193426,-0.07511865897193426,1.0,STABILIZED_POSTERIOR_MEAN,248000.0,HARD_STOP
1104,2026-06-08,D_BAND20,034730,0.13861535547903203,0.0,-0.13861535547903203,-0.13861535547903203,1.0,STABILIZED_POSTERIOR_MEAN,572000.0,HARD_STOP
1105,2026-06-08,E_VOL_RISK,021240,0.09851858210589097,0.0,-0.09851858210589097,-0.09851858210589097,1.0,STABILIZED_POSTERIOR_MEAN,87400.0,TRAILING_STOP
1106,2026-06-08,E_VOL_RISK,161390,0.10057979176760744,0.0,-0.10057979176760744,-0.10057979176760744,1.0,STABILIZED_POSTERIOR_MEAN,67000.0,TRAILING_STOP
1107,2026-06-08,E_VOL_RISK,329180,0.09591830474824033,0.0,-0.09591830474824033,-0.09591830474824033,1.0,STABILIZED_POSTERIOR_MEAN,621000.0,HARD_STOP
1108,2026-06-09,X_CAP15_ONLY,012330,0.05697482353283188,0.06705768577376084,0.010082862240928962,0.010082862240928962,1.0,STABILIZED_POSTERIOR_MEAN,595000.0,REBALANCE
1109,2026-06-09,X_CAP15_ONLY,161390,0.12377144069687891,0.1104786191094142,-0.013292821587464712,-0.013292821587464712,1.0,STABILIZED_POSTERIOR_MEAN,73000.0,REBALANCE
1110,2026-06-09,A_CURRENT,034730,0.0,0.15,0.15,0.15,1.0,STABILIZED_POSTERIOR_MEAN,594000.0,ENTRY
1111,2026-06-09,A_CURRENT,086280,0.14689986496026353,0.0,-0.14689986496026353,-0.14689986496026353,1.0,STABILIZED_POSTERIOR_MEAN,198000.0,HARD_STOP
1112,2026-06-09,X_COOLDOWN5,161390,0.17152715149551467,0.15,-0.02152715149551468,-0.02152715149551468,1.0,STABILIZED_POSTERIOR_MEAN,73000.0,REBALANCE
1113,2026-06-09,X_COOLDOWN5,329180,0.147049357876007,0.0,-0.147049357876007,-0.147049357876007,1.0,STABILIZED_POSTERIOR_MEAN,612000.0,HARD_STOP
1114,2026-06-09,R_EXIT_RECOVERY,161390,0.16569890140114268,0.15,-0.01569890140114269,-0.01569890140114269,1.0,STABILIZED_POSTERIOR_MEAN,73000.0,REBALANCE
1115,2026-06-09,R_TREND_REARM,034730,0.14011725315442522,0.0,-0.14011725315442522,-0.14011725315442522,1.0,STABILIZED_POSTERIOR_MEAN,594000.0,HARD_STOP
1116,2026-06-09,B_EQUAL,161390,0.16521744352103335,0.15,-0.015217443521033353,-0.015217443521033353,1.0,STABILIZED_POSTERIOR_MEAN,73000.0,REBALANCE
1117,2026-06-09,B_EQUAL,329180,0.14164007719978203,0.0,-0.14164007719978203,-0.14164007719978203,1.0,STABILIZED_POSTERIOR_MEAN,612000.0,HARD_STOP
1118,2026-06-09,C_CAP10,034730,0.0,0.1,0.1,0.1,1.0,STABILIZED_POSTERIOR_MEAN,594000.0,ENTRY
1119,2026-06-09,C_CAP10,278470,0.0,0.1,0.1,0.1,1.0,STABILIZED_POSTERIOR_MEAN,405000.0,ENTRY
1120,2026-06-09,C_CAP08,034730,0.0,0.08,0.08,0.08,1.0,STABILIZED_POSTERIOR_MEAN,594000.0,ENTRY
1121,2026-06-09,C_CAP08,329180,0.07531473525543825,0.0,-0.07531473525543825,-0.07531473525543825,1.0,STABILIZED_POSTERIOR_MEAN,612000.0,HARD_STOP
1122,2026-06-09,D_BAND20,034730,0.0,0.15,0.15,0.15,1.0,STABILIZED_POSTERIOR_MEAN,594000.0,ENTRY
1123,2026-06-09,D_BAND20,267250,0.13885908681421855,0.0,-0.13885908681421855,-0.13885908681421855,1.0,STABILIZED_POSTERIOR_MEAN,241000.0,HARD_STOP
1124,2026-06-09,D_BAND20,278470,0.0,0.15,0.15,0.15,1.0,STABILIZED_POSTERIOR_MEAN,405000.0,ENTRY
1125,2026-06-09,D_BAND20,329180,0.12787927101431304,0.0,-0.12787927101431304,-0.12787927101431304,1.0,STABILIZED_POSTERIOR_MEAN,612000.0,HARD_STOP
1126,2026-06-09,E_VOL_RISK,267250,0.09084922238263167,0.0,-0.09084922238263167,-0.09084922238263167,1.0,STABILIZED_POSTERIOR_MEAN,241000.0,HARD_STOP
1127,2026-06-10,A_CURRENT,021240,0.0800550148584557,0.15,0.06994498514154429,0.06994498514154429,1.0,STABILIZED_POSTERIOR_MEAN,92000.0,REBALANCE
1128,2026-06-10,A_CURRENT,278470,0.0,0.15,0.15,0.15,1.0,STABILIZED_POSTERIOR_MEAN,410500.0,ENTRY
1129,2026-06-10,X_COOLDOWN5,267250,0.14317914810889548,0.0,-0.14317914810889548,-0.14317914810889548,1.0,STABILIZED_POSTERIOR_MEAN,242500.0,HARD_STOP
1130,2026-06-10,B_EQUAL,034730,0.1445552162161684,0.0,-0.1445552162161684,-0.1445552162161684,1.0,STABILIZED_POSTERIOR_MEAN,579000.0,HARD_STOP
1131,2026-06-10,C_CAP08,161390,0.08873454615423068,0.08,-0.00873454615423068,-0.00873454615423068,1.0,STABILIZED_POSTERIOR_MEAN,70600.0,REBALANCE
1132,2026-06-10,C_CAP08,329180,0.0,0.08,0.08,0.08,1.0,STABILIZED_POSTERIOR_MEAN,641000.0,ENTRY
1133,2026-06-10,D_BAND20,329180,0.0,0.15,0.15,0.15,1.0,STABILIZED_POSTERIOR_MEAN,641000.0,ENTRY
1134,2026-06-11,A0_LEGACY,161390,0.12367511189739777,0.11019433660653116,-0.013480775290866609,-0.013480775290866609,1.0,STABILIZED_POSTERIOR_MEAN,71100.0,REBALANCE
1135,2026-06-11,B_EQUAL,278470,0.0,0.15,0.15,0.15,1.0,STABILIZED_POSTERIOR_MEAN,410500.0,ENTRY
1136,2026-06-11,B_EQUAL,329180,0.0,0.15,0.15,0.15,1.0,STABILIZED_POSTERIOR_MEAN,646000.0,ENTRY
1137,2026-06-11,C_CAP08,012330,0.0,0.08,0.08,0.08,1.0,STABILIZED_POSTERIOR_MEAN,576000.0,ENTRY
1138,2026-06-12,A0_LEGACY,021240,0.0704655893199049,0.07970184476840389,0.009236255448498987,0.009236255448498987,1.0,STABILIZED_POSTERIOR_MEAN,89000.0,REBALANCE
1139,2026-06-12,A0_LEGACY,086280,0.0832240401921364,0.0,-0.0832240401921364,-0.0832240401921364,1.0,STABILIZED_POSTERIOR_MEAN,208500.0,REBALANCE
1140,2026-06-12,X_CAP15_ONLY,086280,0.08063369844944222,0.0,-0.08063369844944222,-0.08063369844944222,1.0,STABILIZED_POSTERIOR_MEAN,208500.0,REBALANCE
1141,2026-06-12,A_CURRENT,012330,0.0,0.15,0.15,0.15,1.0,STABILIZED_POSTERIOR_MEAN,607000.0,ENTRY
1142,2026-06-12,B_EQUAL,021240,0.118832236740673,0.15,0.03116776325932699,0.03116776325932699,1.0,STABILIZED_POSTERIOR_MEAN,89000.0,REBALANCE
1143,2026-06-12,D_BAND20,012330,0.0,0.15,0.15,0.15,1.0,STABILIZED_POSTERIOR_MEAN,607000.0,ENTRY
1144,2026-06-15,A0_LEGACY,012330,0.06402632727070087,0.07368926005472999,0.009662932784029118,0.009662932784029118,1.0,STABILIZED_POSTERIOR_MEAN,640000.0,REBALANCE
1145,2026-06-15,A0_LEGACY,034730,0.14520138805185406,0.1640810668241084,0.018879678772254327,0.018879678772254327,1.0,STABILIZED_POSTERIOR_MEAN,646000.0,REBALANCE
1146,2026-06-15,A0_LEGACY,161390,0.10729546693620515,0.12140424472009786,0.014108777783892718,0.014108777783892718,1.0,STABILIZED_POSTERIOR_MEAN,73500.0,REBALANCE
1147,2026-06-15,X_CAP15_ONLY,021240,0.0705688481512487,0.08701222007674286,0.016443371925494166,0.016443371925494166,1.0,STABILIZED_POSTERIOR_MEAN,91300.0,REBALANCE
1148,2026-06-15,A_CURRENT,021240,0.1418140734320452,0.08701222007674286,-0.05480185335530233,-0.05480185335530233,1.0,STABILIZED_POSTERIOR_MEAN,91300.0,REBALANCE
1149,2026-06-15,A_CURRENT,161390,0.15404737606169236,0.13253962804162897,-0.02150774802006339,-0.02150774802006339,1.0,STABILIZED_POSTERIOR_MEAN,73500.0,REBALANCE
1150,2026-06-15,R_TREND_REARM,161390,0.16608255132134062,0.15,-0.01608255132134062,-0.01608255132134062,1.0,STABILIZED_POSTERIOR_MEAN,73500.0,REBALANCE
1151,2026-06-15,B_EQUAL,012330,0.15005517992198558,0.12857142857142856,-0.021483751350557023,-0.021483751350557023,1.0,STABILIZED_POSTERIOR_MEAN,640000.0,REBALANCE
1152,2026-06-15,B_EQUAL,021240,0.14825453924142534,0.12857142857142856,-0.019683110669996784,-0.019683110669996784,1.0,STABILIZED_POSTERIOR_MEAN,91300.0,REBALANCE
1153,2026-06-15,B_EQUAL,034730,0.0,0.12857142857142856,0.12857142857142856,0.12857142857142856,1.0,STABILIZED_POSTERIOR_MEAN,646000.0,ENTRY
1154,2026-06-15,B_EQUAL,161390,0.1473333290364529,0.12857142857142856,-0.01876190046502435,-0.01876190046502435,1.0,STABILIZED_POSTERIOR_MEAN,73500.0,REBALANCE
1155,2026-06-15,B_EQUAL,267250,0.0,0.12857142857142856,0.12857142857142856,0.12857142857142856,1.0,STABILIZED_POSTERIOR_MEAN,268000.0,ENTRY
1156,2026-06-15,B_EQUAL,329180,0.15968253227659382,0.12857142857142856,-0.03111110370516526,-0.03111110370516526,1.0,STABILIZED_POSTERIOR_MEAN,714000.0,REBALANCE
1157,2026-06-15,C_CAP10,267250,0.0,0.1,0.1,0.1,1.0,STABILIZED_POSTERIOR_MEAN,268000.0,ENTRY
1158,2026-06-15,C_CAP08,278470,0.0,0.08,0.08,0.08,1.0,STABILIZED_POSTERIOR_MEAN,416000.0,ENTRY
1159,2026-06-15,D_BAND20,021240,0.14410457163607363,0.08701222007674286,-0.05709235155933076,-0.05709235155933076,1.0,STABILIZED_POSTERIOR_MEAN,91300.0,REBALANCE
1160,2026-06-15,D_BAND20,161390,0.16094424386043563,0.13253962804162897,-0.028404615818806656,-0.028404615818806656,1.0,STABILIZED_POSTERIOR_MEAN,73500.0,REBALANCE
1161,2026-06-15,D_BAND20,267250,0.0,0.15,0.15,0.15,1.0,STABILIZED_POSTERIOR_MEAN,268000.0,ENTRY
1162,2026-06-15,E_VOL_RISK,012330,0.0,0.1,0.1,0.1,1.0,STABILIZED_POSTERIOR_MEAN,640000.0,ENTRY
1163,2026-06-15,E_VOL_RISK,034730,0.0,0.1,0.1,0.1,1.0,STABILIZED_POSTERIOR_MEAN,646000.0,ENTRY
1164,2026-06-15,E_VOL_RISK,278470,0.0,0.1,0.1,0.1,1.0,STABILIZED_POSTERIOR_MEAN,416000.0,ENTRY
1165,2026-06-16,A0_LEGACY,012330,0.07609194162977534,0.06217032576325224,-0.013921615866523102,-0.013921615866523102,1.0,STABILIZED_POSTERIOR_MEAN,660000.0,REBALANCE
1166,2026-06-16,A0_LEGACY,021240,0.07749412459860504,0.06724303717398737,-0.010251087424617666,-0.010251087424617666,1.0,STABILIZED_POSTERIOR_MEAN,91200.0,REBALANCE
1167,2026-06-16,A0_LEGACY,161390,0.11742900743184362,0.10242661464756564,-0.01500239278427798,-0.01500239278427798,1.0,STABILIZED_POSTERIOR_MEAN,71000.0,REBALANCE
1168,2026-06-16,A0_LEGACY,180640,0.0,0.14068591345102724,0.14068591345102724,0.14068591345102724,1.0,STABILIZED_POSTERIOR_MEAN,127900.0,ENTRY
1169,2026-06-16,A0_LEGACY,329180,0.13921808329120616,0.12359687460863622,-0.015621208682569943,-0.015621208682569943,1.0,STABILIZED_POSTERIOR_MEAN,698000.0,REBALANCE
1170,2026-06-16,X_CAP15_ONLY,021240,0.08706667665462063,0.06724303717398737,-0.01982363948063326,-0.01982363948063326,1.0,STABILIZED_POSTERIOR_MEAN,91200.0,REBALANCE
1171,2026-06-16,X_CAP15_ONLY,034730,0.15284782198743063,0.1384322948616987,-0.014415527125731936,-0.014415527125731936,1.0,STABILIZED_POSTERIOR_MEAN,673000.0,REBALANCE
1172,2026-06-16,X_CAP15_ONLY,180640,0.0,0.14068591345102724,0.14068591345102724,0.14068591345102724,1.0,STABILIZED_POSTERIOR_MEAN,127900.0,ENTRY
1173,2026-06-16,A_CURRENT,180640,0.0,0.15,0.15,0.15,1.0,STABILIZED_POSTERIOR_MEAN,127900.0,ENTRY
1174,2026-06-16,X_COOLDOWN5,012330,0.0,0.15,0.15,0.15,1.0,STABILIZED_POSTERIOR_MEAN,660000.0,ENTRY
1175,2026-06-16,X_COOLDOWN5,034730,0.0,0.15,0.15,0.15,1.0,STABILIZED_POSTERIOR_MEAN,673000.0,ENTRY
1176,2026-06-16,X_COOLDOWN5,278470,0.0,0.15,0.15,0.15,1.0,STABILIZED_POSTERIOR_MEAN,399500.0,ENTRY
1177,2026-06-16,R_EXIT_RECOVERY,180640,0.0,0.15,0.15,0.15,1.0,STABILIZED_POSTERIOR_MEAN,127900.0,ENTRY
1178,2026-06-16,B_EQUAL,021240,0.12867402255398122,0.1125,-0.016174022553981218,-0.016174022553981218,1.0,STABILIZED_POSTERIOR_MEAN,91200.0,REBALANCE
1179,2026-06-16,B_EQUAL,034730,0.1341990258613587,0.1125,-0.021699025861358703,-0.021699025861358703,1.0,STABILIZED_POSTERIOR_MEAN,673000.0,REBALANCE
1180,2026-06-16,B_EQUAL,161390,0.12443364607973392,0.1125,-0.01193364607973392,-0.01193364607973392,1.0,STABILIZED_POSTERIOR_MEAN,71000.0,REBALANCE
1181,2026-06-16,B_EQUAL,267250,0.13073772611026072,0.1125,-0.018237726110260713,-0.018237726110260713,1.0,STABILIZED_POSTERIOR_MEAN,272000.0,REBALANCE
1182,2026-06-16,B_EQUAL,278470,0.14086973162748548,0.1125,-0.028369731627485476,-0.028369731627485476,1.0,STABILIZED_POSTERIOR_MEAN,399500.0,REBALANCE
1183,2026-06-16,B_EQUAL,329180,0.12592849932592792,0.1125,-0.01342849932592792,-0.01342849932592792,1.0,STABILIZED_POSTERIOR_MEAN,698000.0,REBALANCE
1184,2026-06-16,C_CAP08,012330,0.08923157069143424,0.08,-0.009231570691434238,-0.009231570691434238,1.0,STABILIZED_POSTERIOR_MEAN,660000.0,REBALANCE
1185,2026-06-16,C_CAP08,034730,0.08865266841863895,0.08,-0.008652668418638945,-0.008652668418638945,1.0,STABILIZED_POSTERIOR_MEAN,673000.0,REBALANCE
1186,2026-06-16,D_BAND20,012330,0.1550930523402465,0.06217032576325224,-0.09292272657699427,-0.09292272657699427,1.0,STABILIZED_POSTERIOR_MEAN,660000.0,REBALANCE
1187,2026-06-16,D_BAND20,021240,0.08696518502230544,0.06724303717398737,-0.019722147848318064,-0.019722147848318064,1.0,STABILIZED_POSTERIOR_MEAN,91200.0,REBALANCE
1188,2026-06-16,D_BAND20,161390,0.12810257863727495,0.10242661464756564,-0.02567596398970931,-0.02567596398970931,1.0,STABILIZED_POSTERIOR_MEAN,71000.0,REBALANCE
1189,2026-06-16,D_BAND20,180640,0.0,0.14068591345102724,0.14068591345102724,0.14068591345102724,1.0,STABILIZED_POSTERIOR_MEAN,127900.0,ENTRY
1190,2026-06-16,D_BAND20,329180,0.1556716860360193,0.12359687460863622,-0.03207481142738308,-0.03207481142738308,1.0,STABILIZED_POSTERIOR_MEAN,698000.0,REBALANCE
1191,2026-06-16,E_VOL_RISK,161390,0.0,0.1,0.1,0.1,1.0,STABILIZED_POSTERIOR_MEAN,71000.0,ENTRY
1192,2026-06-17,X_CAP15_ONLY,329180,0.14206678498544634,0.12359687460863622,-0.018469910376810117,-0.018469910376810117,1.0,STABILIZED_POSTERIOR_MEAN,707000.0,REBALANCE
1193,2026-06-17,A_CURRENT,012330,0.1493289733016641,0.08044815188162811,-0.06888082142003597,-0.06888082142003597,1.0,STABILIZED_POSTERIOR_MEAN,631000.0,REBALANCE
1194,2026-06-17,A_CURRENT,034730,0.17202515166060597,0.15,-0.02202515166060598,-0.02202515166060598,1.0,STABILIZED_POSTERIOR_MEAN,708000.0,REBALANCE
1195,2026-06-17,R_EXIT_RECOVERY,034730,0.0,0.15,0.15,0.15,1.0,STABILIZED_POSTERIOR_MEAN,708000.0,CONFIRMED_REENTRY
1196,2026-06-17,R_EXIT_RECOVERY,329180,0.0,0.15,0.15,0.15,1.0,STABILIZED_POSTERIOR_MEAN,707000.0,CONFIRMED_REENTRY
1197,2026-06-17,C_CAP10,034730,0.11569669138266493,0.1,-0.015696691382664926,-0.015696691382664926,1.0,STABILIZED_POSTERIOR_MEAN,708000.0,REBALANCE
1198,2026-06-17,E_VOL_RISK,021240,0.0,0.1,0.1,0.1,1.0,STABILIZED_POSTERIOR_MEAN,91800.0,ENTRY
1199,2026-06-17,E_VOL_RISK,329180,0.0,0.1,0.1,0.1,1.0,STABILIZED_POSTERIOR_MEAN,707000.0,ENTRY
1200,2026-06-18,A0_LEGACY,034730,0.1826859171758851,0.1384322948616987,-0.04425362231418639,-0.04425362231418639,1.0,STABILIZED_POSTERIOR_MEAN,687000.0,REBALANCE
1201,2026-06-18,A_CURRENT,012330,0.07916111801337586,0.0,-0.07916111801337586,-0.07916111801337586,1.0,STABILIZED_POSTERIOR_MEAN,603000.0,TRAILING_STOP
1202,2026-06-18,A_CURRENT,161390,0.12270895321665784,0.0,-0.12270895321665784,-0.12270895321665784,1.0,STABILIZED_POSTERIOR_MEAN,65600.0,TRAILING_STOP
1203,2026-06-18,A_CURRENT,278470,0.1364988597643632,0.0,-0.1364988597643632,-0.1364988597643632,1.0,STABILIZED_POSTERIOR_MEAN,378000.0,TRAILING_STOP
1204,2026-06-18,X_COOLDOWN5,161390,0.1396122229726853,0.0,-0.1396122229726853,-0.1396122229726853,1.0,STABILIZED_POSTERIOR_MEAN,65600.0,TRAILING_STOP
1205,2026-06-18,R_EXIT_RECOVERY,161390,0.13941138187512964,0.0,-0.13941138187512964,-0.13941138187512964,1.0,STABILIZED_POSTERIOR_MEAN,65600.0,TRAILING_STOP
1206,2026-06-18,R_TREND_REARM,161390,0.13614373785318334,0.0,-0.13614373785318334,-0.13614373785318334,1.0,STABILIZED_POSTERIOR_MEAN,65600.0,TRAILING_STOP
1207,2026-06-18,B_EQUAL,012330,0.1264384178880869,0.0,-0.1264384178880869,-0.1264384178880869,1.0,STABILIZED_POSTERIOR_MEAN,603000.0,TRAILING_STOP
1208,2026-06-18,B_EQUAL,021240,0.11694293086756333,0.15,0.03305706913243667,0.03305706913243667,1.0,STABILIZED_POSTERIOR_MEAN,91000.0,REBALANCE
1209,2026-06-18,B_EQUAL,267250,0.10276539584221656,0.0,-0.10276539584221656,-0.10276539584221656,1.0,STABILIZED_POSTERIOR_MEAN,238500.0,HARD_STOP
1210,2026-06-18,B_EQUAL,278470,0.11089256685021198,0.0,-0.11089256685021198,-0.11089256685021198,1.0,STABILIZED_POSTERIOR_MEAN,378000.0,TRAILING_STOP
1211,2026-06-18,B_EQUAL,329180,0.11484923300266531,0.15,0.03515076699733469,0.03515076699733469,1.0,STABILIZED_POSTERIOR_MEAN,684000.0,REBALANCE
1212,2026-06-18,C_CAP10,012330,0.09767180604447659,0.0,-0.09767180604447659,-0.09767180604447659,1.0,STABILIZED_POSTERIOR_MEAN,603000.0,TRAILING_STOP
1213,2026-06-18,C_CAP10,161390,0.09705822953958593,0.0,-0.09705822953958593,-0.09705822953958593,1.0,STABILIZED_POSTERIOR_MEAN,65600.0,TRAILING_STOP
1214,2026-06-18,C_CAP10,267250,0.09220931477207792,0.0,-0.09220931477207792,-0.09220931477207792,1.0,STABILIZED_POSTERIOR_MEAN,238500.0,HARD_STOP
1215,2026-06-18,C_CAP10,278470,0.09351636375697754,0.0,-0.09351636375697754,-0.09351636375697754,1.0,STABILIZED_POSTERIOR_MEAN,378000.0,TRAILING_STOP
1216,2026-06-18,C_CAP08,012330,0.07437161763352437,0.0,-0.07437161763352437,-0.07437161763352437,1.0,STABILIZED_POSTERIOR_MEAN,603000.0,TRAILING_STOP
1217,2026-06-18,C_CAP08,161390,0.07357975566276224,0.0,-0.07357975566276224,-0.07357975566276224,1.0,STABILIZED_POSTERIOR_MEAN,65600.0,TRAILING_STOP
1218,2026-06-18,D_BAND20,012330,0.05946133988715356,0.0,-0.05946133988715356,-0.05946133988715356,1.0,STABILIZED_POSTERIOR_MEAN,603000.0,TRAILING_STOP
1219,2026-06-18,D_BAND20,021240,0.07023798544097933,0.15,0.07976201455902067,0.07976201455902067,1.0,STABILIZED_POSTERIOR_MEAN,91000.0,REBALANCE
1220,2026-06-18,D_BAND20,267250,0.13981833783510791,0.0,-0.13981833783510791,-0.13981833783510791,1.0,STABILIZED_POSTERIOR_MEAN,238500.0,HARD_STOP
1221,2026-06-18,D_BAND20,278470,0.14078744239485824,0.0,-0.14078744239485824,-0.14078744239485824,1.0,STABILIZED_POSTERIOR_MEAN,378000.0,TRAILING_STOP
1222,2026-06-18,E_VOL_RISK,012330,0.09617421012920896,0.0,-0.09617421012920896,-0.09617421012920896,1.0,STABILIZED_POSTERIOR_MEAN,603000.0,TRAILING_STOP
1223,2026-06-18,E_VOL_RISK,278470,0.092751247426562,0.0,-0.092751247426562,-0.092751247426562,1.0,STABILIZED_POSTERIOR_MEAN,378000.0,HARD_STOP
1224,2026-06-19,A0_LEGACY,021240,0.06735365557314058,0.07975796434925646,0.012404308776115883,0.012404308776115883,1.0,STABILIZED_POSTERIOR_MEAN,87400.0,REBALANCE
1225,2026-06-19,A0_LEGACY,180640,0.13922636028640314,0.16686964987075764,0.027643289584354497,0.027643289584354497,1.0,STABILIZED_POSTERIOR_MEAN,121100.0,REBALANCE
1226,2026-06-19,A0_LEGACY,267250,0.13322635340811498,0.0,-0.13322635340811498,-0.13322635340811498,1.0,STABILIZED_POSTERIOR_MEAN,230500.0,REBALANCE
1227,2026-06-19,X_CAP15_ONLY,012330,0.0679729863108416,0.08044815188162811,0.012475165570786512,0.012475165570786512,1.0,STABILIZED_POSTERIOR_MEAN,612000.0,REBALANCE
1228,2026-06-19,X_CAP15_ONLY,021240,0.06736335578445948,0.08701222007674286,0.01964886429228338,0.01964886429228338,1.0,STABILIZED_POSTERIOR_MEAN,87400.0,REBALANCE
1229,2026-06-19,X_CAP15_ONLY,267250,0.1317684143742046,0.0,-0.1317684143742046,-0.1317684143742046,1.0,STABILIZED_POSTERIOR_MEAN,230500.0,REBALANCE
1230,2026-06-19,X_CAP15_ONLY,278470,0.12969832412539367,0.15,0.020301675874606323,0.020301675874606323,1.0,STABILIZED_POSTERIOR_MEAN,385500.0,REBALANCE
1231,2026-06-19,X_CAP15_ONLY,329180,0.12111920933273358,0.15,0.028880790667266412,0.028880790667266412,1.0,STABILIZED_POSTERIOR_MEAN,667000.0,REBALANCE
1232,2026-06-19,A_CURRENT,021240,0.08650571195696379,0.15,0.06349428804303621,0.06349428804303621,1.0,STABILIZED_POSTERIOR_MEAN,87400.0,REBALANCE
1233,2026-06-19,X_COOLDOWN5,329180,0.0,0.15,0.15,0.15,1.0,STABILIZED_POSTERIOR_MEAN,667000.0,ENTRY
1234,2026-06-19,B_EQUAL,012330,0.0,0.15,0.15,0.15,1.0,STABILIZED_POSTERIOR_MEAN,612000.0,ENTRY
1235,2026-06-19,B_EQUAL,161390,0.11025661078119824,0.0,-0.11025661078119824,-0.11025661078119824,1.0,STABILIZED_POSTERIOR_MEAN,66700.0,TRAILING_STOP
1236,2026-06-19,B_EQUAL,180640,0.0,0.15,0.15,0.15,1.0,STABILIZED_POSTERIOR_MEAN,121100.0,ENTRY
1237,2026-06-19,C_CAP10,012330,0.0,0.1,0.1,0.1,1.0,STABILIZED_POSTERIOR_MEAN,612000.0,ENTRY
1238,2026-06-19,C_CAP10,180640,0.0,0.1,0.1,0.1,1.0,STABILIZED_POSTERIOR_MEAN,121100.0,ENTRY
1239,2026-06-19,D_BAND20,012330,0.0,0.15,0.15,0.15,1.0,STABILIZED_POSTERIOR_MEAN,612000.0,ENTRY
1240,2026-06-19,D_BAND20,034730,0.1837904829196634,0.15,-0.03379048291966341,-0.03379048291966341,1.0,STABILIZED_POSTERIOR_MEAN,724000.0,REBALANCE
1241,2026-06-19,D_BAND20,161390,0.10069368406233466,0.0,-0.10069368406233466,-0.10069368406233466,1.0,STABILIZED_POSTERIOR_MEAN,66700.0,TRAILING_STOP
1242,2026-06-19,E_VOL_RISK,180640,0.0,0.1,0.1,0.1,1.0,STABILIZED_POSTERIOR_MEAN,121100.0,ENTRY
1243,2026-06-22,A0_LEGACY,329180,0.12104950071099375,0.14660008728053978,0.02555058656954602,0.02555058656954602,1.0,STABILIZED_POSTERIOR_MEAN,636000.0,REBALANCE
1244,2026-06-22,X_CAP15_ONLY,180640,0.1347975798403321,0.15,0.015202420159667884,0.015202420159667884,1.0,STABILIZED_POSTERIOR_MEAN,113800.0,REBALANCE
1245,2026-06-22,A_CURRENT,021240,0.15018634615329676,0.0,-0.15018634615329676,-0.15018634615329676,1.0,STABILIZED_POSTERIOR_MEAN,86000.0,TRAILING_STOP
1246,2026-06-22,A_CURRENT,161390,0.0,0.15,0.15,0.15,1.0,STABILIZED_POSTERIOR_MEAN,64500.0,ENTRY
1247,2026-06-22,A_CURRENT,329180,0.15197891451925347,0.0,-0.15197891451925347,-0.15197891451925347,1.0,STABILIZED_POSTERIOR_MEAN,636000.0,TRAILING_STOP
1248,2026-06-22,X_COOLDOWN5,012330,0.1353763928243944,0.0,-0.1353763928243944,-0.1353763928243944,1.0,STABILIZED_POSTERIOR_MEAN,569000.0,HARD_STOP
1249,2026-06-22,X_COOLDOWN5,021240,0.1532855929665899,0.0,-0.1532855929665899,-0.1532855929665899,1.0,STABILIZED_POSTERIOR_MEAN,86000.0,TRAILING_STOP
1250,2026-06-22,X_COOLDOWN5,034730,0.1703265708531513,0.15,-0.020326570853151316,-0.020326570853151316,1.0,STABILIZED_POSTERIOR_MEAN,730000.0,REBALANCE
1251,2026-06-22,X_COOLDOWN5,278470,0.1466110334997367,0.0,-0.1466110334997367,-0.1466110334997367,1.0,STABILIZED_POSTERIOR_MEAN,373000.0,TRAILING_STOP
1252,2026-06-22,R_EXIT_RECOVERY,021240,0.1593142653966131,0.0,-0.1593142653966131,-0.1593142653966131,1.0,STABILIZED_POSTERIOR_MEAN,86000.0,TRAILING_STOP
1253,2026-06-22,R_EXIT_RECOVERY,180640,0.14006937922056834,0.0,-0.14006937922056834,-0.14006937922056834,1.0,STABILIZED_POSTERIOR_MEAN,113800.0,HARD_STOP
1254,2026-06-22,R_EXIT_RECOVERY,329180,0.13994771927179203,0.0,-0.13994771927179203,-0.13994771927179203,1.0,STABILIZED_POSTERIOR_MEAN,636000.0,HARD_STOP
1255,2026-06-22,R_TREND_REARM,021240,0.15385683900383143,0.0,-0.15385683900383143,-0.15385683900383143,1.0,STABILIZED_POSTERIOR_MEAN,86000.0,TRAILING_STOP
1256,2026-06-22,B_EQUAL,329180,0.14364186953802954,0.0,-0.14364186953802954,-0.14364186953802954,1.0,STABILIZED_POSTERIOR_MEAN,636000.0,TRAILING_STOP
1257,2026-06-22,C_CAP10,021240,0.10446787245490102,0.0,-0.10446787245490102,-0.10446787245490102,1.0,STABILIZED_POSTERIOR_MEAN,86000.0,TRAILING_STOP
1258,2026-06-22,C_CAP10,161390,0.0,0.1,0.1,0.1,1.0,STABILIZED_POSTERIOR_MEAN,64500.0,ENTRY
1259,2026-06-22,C_CAP10,329180,0.1016547840901424,0.0,-0.1016547840901424,-0.1016547840901424,1.0,STABILIZED_POSTERIOR_MEAN,636000.0,TRAILING_STOP
1260,2026-06-22,C_CAP08,012330,0.0,0.08,0.08,0.08,1.0,STABILIZED_POSTERIOR_MEAN,569000.0,ENTRY
1261,2026-06-22,C_CAP08,021240,0.07991819763707513,0.0,-0.07991819763707513,-0.07991819763707513,1.0,STABILIZED_POSTERIOR_MEAN,86000.0,TRAILING_STOP
1262,2026-06-22,C_CAP08,161390,0.0,0.08,0.08,0.08,1.0,STABILIZED_POSTERIOR_MEAN,64500.0,ENTRY
1263,2026-06-22,C_CAP08,278470,0.07357768029844582,0.0,-0.07357768029844582,-0.07357768029844582,1.0,STABILIZED_POSTERIOR_MEAN,373000.0,HARD_STOP
1264,2026-06-22,D_BAND20,180640,0.13445404754537987,0.0,-0.13445404754537987,-0.13445404754537987,1.0,STABILIZED_POSTERIOR_MEAN,113800.0,HARD_STOP
1265,2026-06-22,D_BAND20,329180,0.12096527864541984,0.0,-0.12096527864541984,-0.12096527864541984,1.0,STABILIZED_POSTERIOR_MEAN,636000.0,TRAILING_STOP
1266,2026-06-22,E_VOL_RISK,161390,0.09429793033889045,0.0,-0.09429793033889045,-0.09429793033889045,1.0,STABILIZED_POSTERIOR_MEAN,64500.0,HARD_STOP
1267,2026-06-23,A0_LEGACY,161390,0.09936357097399168,0.1214897277518547,0.022126156777863018,0.022126156777863018,1.0,STABILIZED_POSTERIOR_MEAN,61600.0,REBALANCE
1268,2026-06-23,A_CURRENT,021240,0.0,0.15,0.15,0.15,1.0,STABILIZED_POSTERIOR_MEAN,86000.0,ENTRY
1269,2026-06-23,X_COOLDOWN5,329180,0.13755078050426317,0.0,-0.13755078050426317,-0.13755078050426317,1.0,STABILIZED_POSTERIOR_MEAN,588000.0,HARD_STOP
1270,2026-06-23,R_TREND_REARM,034730,0.0,0.15,0.15,0.15,1.0,STABILIZED_POSTERIOR_MEAN,705000.0,CONFIRMED_REENTRY
1271,2026-06-23,B_EQUAL,012330,0.13181156999359286,0.0,-0.13181156999359286,-0.13181156999359286,1.0,STABILIZED_POSTERIOR_MEAN,510000.0,HARD_STOP
1272,2026-06-23,B_EQUAL,021240,0.14969302716296312,0.0,-0.14969302716296312,-0.14969302716296312,1.0,STABILIZED_POSTERIOR_MEAN,86000.0,TRAILING_STOP
1273,2026-06-23,C_CAP10,012330,0.08679473934330305,0.0,-0.08679473934330305,-0.08679473934330305,1.0,STABILIZED_POSTERIOR_MEAN,510000.0,HARD_STOP
1274,2026-06-23,C_CAP10,021240,0.0,0.1,0.1,0.1,1.0,STABILIZED_POSTERIOR_MEAN,86000.0,ENTRY
1275,2026-06-23,C_CAP08,012330,0.07323557572704793,0.0,-0.07323557572704793,-0.07323557572704793,1.0,STABILIZED_POSTERIOR_MEAN,510000.0,HARD_STOP
1276,2026-06-23,C_CAP08,329180,0.07466356664419198,0.0,-0.07466356664419198,-0.07466356664419198,1.0,STABILIZED_POSTERIOR_MEAN,588000.0,TRAILING_STOP
1277,2026-06-23,D_BAND20,021240,0.1484452433604847,0.0,-0.1484452433604847,-0.1484452433604847,1.0,STABILIZED_POSTERIOR_MEAN,86000.0,TRAILING_STOP
1278,2026-06-23,E_VOL_RISK,180640,0.09317219519096977,0.0,-0.09317219519096977,-0.09317219519096977,1.0,STABILIZED_POSTERIOR_MEAN,109600.0,HARD_STOP
1279,2026-06-23,E_VOL_RISK,329180,0.08747632977706986,0.0,-0.08747632977706986,-0.08747632977706986,1.0,STABILIZED_POSTERIOR_MEAN,588000.0,HARD_STOP
1280,2026-06-24,A0_LEGACY,012330,0.05303061999447366,0.08817720741568838,0.03514658742121472,0.03514658742121472,1.0,STABILIZED_POSTERIOR_MEAN,509000.0,REBALANCE
1281,2026-06-24,A0_LEGACY,021240,0.0833385389771177,0.09537191840896277,0.01203337943184507,0.01203337943184507,1.0,STABILIZED_POSTERIOR_MEAN,86300.0,REBALANCE
1282,2026-06-24,A0_LEGACY,034730,0.15176740870076166,0.19634082702948977,0.044573418328728104,0.044573418328728104,1.0,STABILIZED_POSTERIOR_MEAN,712000.0,REBALANCE
1283,2026-06-24,A0_LEGACY,180640,0.16623042731848534,0.19953717177028785,0.03330674445180251,0.03330674445180251,1.0,STABILIZED_POSTERIOR_MEAN,114000.0,REBALANCE
1284,2026-06-24,A0_LEGACY,329180,0.13922945037663448,0.17529950365385424,0.036070053277219766,0.036070053277219766,1.0,STABILIZED_POSTERIOR_MEAN,587000.0,REBALANCE
1285,2026-06-24,X_CAP15_ONLY,021240,0.09125856846780626,0.15,0.05874143153219373,0.05874143153219373,1.0,STABILIZED_POSTERIOR_MEAN,86300.0,REBALANCE
1286,2026-06-24,X_CAP15_ONLY,278470,0.15333271495435505,0.0,-0.15333271495435505,-0.15333271495435505,1.0,STABILIZED_POSTERIOR_MEAN,371000.0,REBALANCE
1287,2026-06-24,A_CURRENT,180640,0.14275429261478267,0.0,-0.14275429261478267,-0.14275429261478267,1.0,STABILIZED_POSTERIOR_MEAN,114000.0,HARD_STOP
1288,2026-06-24,B_EQUAL,021240,0.0,0.15,0.15,0.15,1.0,STABILIZED_POSTERIOR_MEAN,86300.0,ENTRY
1289,2026-06-24,B_EQUAL,034730,0.13001736136048647,0.15,0.019982638639513522,0.019982638639513522,1.0,STABILIZED_POSTERIOR_MEAN,712000.0,REBALANCE
1290,2026-06-24,C_CAP08,021240,0.0,0.08,0.08,0.08,1.0,STABILIZED_POSTERIOR_MEAN,86300.0,ENTRY
1291,2026-06-24,C_CAP08,034730,0.088586267692542,0.08,-0.008586267692542005,-0.008586267692542005,1.0,STABILIZED_POSTERIOR_MEAN,712000.0,REBALANCE
1292,2026-06-24,D_BAND20,012330,0.1305220507923625,0.0,-0.1305220507923625,-0.1305220507923625,1.0,STABILIZED_POSTERIOR_MEAN,509000.0,HARD_STOP
1293,2026-06-24,D_BAND20,021240,0.0,0.15,0.15,0.15,1.0,STABILIZED_POSTERIOR_MEAN,86300.0,ENTRY
1294,2026-06-25,A0_LEGACY,161390,0.1107591623551936,0.14527337172171698,0.03451420936652337,0.03451420936652337,1.0,STABILIZED_POSTERIOR_MEAN,59900.0,REBALANCE
1295,2026-06-25,X_CAP15_ONLY,034730,0.18793892932827397,0.15,-0.037938929328273974,-0.037938929328273974,1.0,STABILIZED_POSTERIOR_MEAN,858000.0,REBALANCE
1296,2026-06-25,X_CAP15_ONLY,161390,0.0910086851582051,0.15,0.0589913148417949,0.0589913148417949,1.0,STABILIZED_POSTERIOR_MEAN,59900.0,REBALANCE
1297,2026-06-25,X_CAP15_ONLY,329180,0.13333240643765157,0.15,0.016667593562348426,0.016667593562348426,1.0,STABILIZED_POSTERIOR_MEAN,582000.0,REBALANCE
1298,2026-06-25,A_CURRENT,034730,0.18699863389834495,0.15,-0.03699863389834496,-0.03699863389834496,1.0,STABILIZED_POSTERIOR_MEAN,858000.0,REBALANCE
1299,2026-06-25,A_CURRENT,180640,0.0,0.15,0.15,0.15,1.0,STABILIZED_POSTERIOR_MEAN,120900.0,ENTRY
1300,2026-06-25,X_COOLDOWN5,034730,0.17365239670395227,0.15,-0.023652396703952278,-0.023652396703952278,1.0,STABILIZED_POSTERIOR_MEAN,858000.0,REBALANCE
1301,2026-06-25,R_TREND_REARM,034730,0.17679785699567277,0.15,-0.026797856995672775,-0.026797856995672775,1.0,STABILIZED_POSTERIOR_MEAN,858000.0,REBALANCE
1302,2026-06-25,B_EQUAL,034730,0.17365180583528658,0.15,-0.023651805835286588,-0.023651805835286588,1.0,STABILIZED_POSTERIOR_MEAN,858000.0,REBALANCE
1303,2026-06-25,C_CAP10,034730,0.1265111901480472,0.1,-0.026511190148047203,-0.026511190148047203,1.0,STABILIZED_POSTERIOR_MEAN,858000.0,REBALANCE
1304,2026-06-25,C_CAP08,034730,0.0948353222131016,0.08,-0.014835322213101604,-0.014835322213101604,1.0,STABILIZED_POSTERIOR_MEAN,858000.0,REBALANCE
1305,2026-06-25,D_BAND20,034730,0.18006249525407553,0.15,-0.030062495254075533,-0.030062495254075533,1.0,STABILIZED_POSTERIOR_MEAN,858000.0,REBALANCE
1306,2026-06-25,D_BAND20,180640,0.0,0.15,0.15,0.15,1.0,STABILIZED_POSTERIOR_MEAN,120900.0,ENTRY
1307,2026-06-26,A0_LEGACY,278470,0.12605001435622254,0.0,-0.12605001435622254,-0.12605001435622254,1.0,STABILIZED_POSTERIOR_MEAN,363000.0,REBALANCE
1308,2026-06-26,X_CAP15_ONLY,012330,0.06647952539116102,0.15,0.08352047460883898,0.08352047460883898,1.0,STABILIZED_POSTERIOR_MEAN,486500.0,REBALANCE
1309,2026-06-26,R_TREND_REARM,180640,0.0,0.15,0.15,0.15,1.0,STABILIZED_POSTERIOR_MEAN,115200.0,ENTRY
1310,2026-06-26,C_CAP08,180640,0.0,0.08,0.08,0.08,1.0,STABILIZED_POSTERIOR_MEAN,115200.0,ENTRY
1311,2026-06-29,A_CURRENT,034730,0.13701733185242132,0.0,-0.13701733185242132,-0.13701733185242132,1.0,STABILIZED_POSTERIOR_MEAN,785000.0,TRAILING_STOP
1312,2026-06-29,X_COOLDOWN5,034730,0.13901186470692403,0.0,-0.13901186470692403,-0.13901186470692403,1.0,STABILIZED_POSTERIOR_MEAN,785000.0,TRAILING_STOP
1313,2026-06-29,X_COOLDOWN5,161390,0.0,0.15,0.15,0.15,1.0,STABILIZED_POSTERIOR_MEAN,65100.0,ENTRY
1314,2026-06-29,X_COOLDOWN5,180640,0.0,0.15,0.15,0.15,1.0,STABILIZED_POSTERIOR_MEAN,117100.0,ENTRY
1315,2026-06-29,R_EXIT_RECOVERY,034730,0.1704305336791992,0.0,-0.1704305336791992,-0.1704305336791992,1.0,STABILIZED_POSTERIOR_MEAN,785000.0,TRAILING_STOP
1316,2026-06-29,R_TREND_REARM,034730,0.1386669858558892,0.0,-0.1386669858558892,-0.1386669858558892,1.0,STABILIZED_POSTERIOR_MEAN,785000.0,TRAILING_STOP
1317,2026-06-29,B_EQUAL,034730,0.13866841123533108,0.0,-0.13866841123533108,-0.13866841123533108,1.0,STABILIZED_POSTERIOR_MEAN,785000.0,TRAILING_STOP
1318,2026-06-29,C_CAP10,034730,0.09138589971110873,0.0,-0.09138589971110873,-0.09138589971110873,1.0,STABILIZED_POSTERIOR_MEAN,785000.0,TRAILING_STOP
1319,2026-06-29,C_CAP08,034730,0.07283542494782137,0.0,-0.07283542494782137,-0.07283542494782137,1.0,STABILIZED_POSTERIOR_MEAN,785000.0,TRAILING_STOP
1320,2026-06-29,D_BAND20,034730,0.13865772201001944,0.0,-0.13865772201001944,-0.13865772201001944,1.0,STABILIZED_POSTERIOR_MEAN,785000.0,TRAILING_STOP
1321,2026-06-29,E_VOL_RISK,034730,0.12518562643910539,0.0,-0.12518562643910539,-0.12518562643910539,1.0,STABILIZED_POSTERIOR_MEAN,785000.0,TRAILING_STOP
1322,2026-06-30,A0_LEGACY,012330,0.08276930932675687,0.10950659903538178,0.026737289708624906,0.026737289708624906,1.0,STABILIZED_POSTERIOR_MEAN,500000.0,REBALANCE
1323,2026-06-30,A0_LEGACY,021240,0.09535824329893054,0.11844165555403237,0.023083412255101826,0.023083412255101826,1.0,STABILIZED_POSTERIOR_MEAN,90300.0,REBALANCE
1324,2026-06-30,A0_LEGACY,161390,0.15135414680877807,0.18041388850808207,0.029059741699304004,0.029059741699304004,1.0,STABILIZED_POSTERIOR_MEAN,61900.0,REBALANCE
1325,2026-06-30,A0_LEGACY,329180,0.16893711004916268,0.0,-0.16893711004916268,-0.16893711004916268,1.0,STABILIZED_POSTERIOR_MEAN,592000.0,REBALANCE
1326,2026-06-30,X_CAP15_ONLY,329180,0.1517214185576848,0.0,-0.1517214185576848,-0.1517214185576848,1.0,STABILIZED_POSTERIOR_MEAN,592000.0,REBALANCE
1327,2026-06-30,A_CURRENT,034730,0.0,0.15,0.15,0.15,1.0,STABILIZED_POSTERIOR_MEAN,834000.0,ENTRY
1328,2026-06-30,X_COOLDOWN5,021240,0.0,0.15,0.15,0.15,1.0,STABILIZED_POSTERIOR_MEAN,90300.0,ENTRY
1329,2026-06-30,B_EQUAL,034730,0.0,0.15,0.15,0.15,1.0,STABILIZED_POSTERIOR_MEAN,834000.0,ENTRY
1330,2026-06-30,C_CAP08,034730,0.0,0.08,0.08,0.08,1.0,STABILIZED_POSTERIOR_MEAN,834000.0,ENTRY
1331,2026-06-30,D_BAND20,034730,0.0,0.15,0.15,0.15,1.0,STABILIZED_POSTERIOR_MEAN,834000.0,ENTRY
1332,2026-07-01,X_CAP15_ONLY,034730,0.1319547119639382,0.15,0.018045288036061785,0.018045288036061785,1.0,STABILIZED_POSTERIOR_MEAN,763000.0,REBALANCE
1333,2026-07-01,R_EXIT_RECOVERY,021240,0.0,0.15,0.15,0.15,1.0,STABILIZED_POSTERIOR_MEAN,95000.0,CONFIRMED_REENTRY
1334,2026-07-01,R_EXIT_RECOVERY,180640,0.0,0.15,0.15,0.15,1.0,STABILIZED_POSTERIOR_MEAN,125200.0,CONFIRMED_REENTRY
1335,2026-07-01,R_TREND_REARM,021240,0.0,0.15,0.15,0.15,1.0,STABILIZED_POSTERIOR_MEAN,95000.0,CONFIRMED_REENTRY
1336,2026-07-01,E_VOL_RISK,180640,0.0,0.1,0.1,0.1,1.0,STABILIZED_POSTERIOR_MEAN,125200.0,ENTRY
1337,2026-07-02,A0_LEGACY,034730,0.17927891331350862,0.24383417041588254,0.06455525710237392,0.06455525710237392,1.0,STABILIZED_POSTERIOR_MEAN,683000.0,REBALANCE
1338,2026-07-02,X_CAP15_ONLY,161390,0.16598965268196586,0.15,-0.015989652681965866,-0.015989652681965866,1.0,STABILIZED_POSTERIOR_MEAN,67300.0,REBALANCE
1339,2026-07-02,X_CAP15_ONLY,180640,0.1684347479591841,0.15,-0.018434747959184095,-0.018434747959184095,1.0,STABILIZED_POSTERIOR_MEAN,131200.0,REBALANCE
1340,2026-07-02,A_CURRENT,034730,0.12144229929986809,0.0,-0.12144229929986809,-0.12144229929986809,1.0,STABILIZED_POSTERIOR_MEAN,683000.0,HARD_STOP
1341,2026-07-02,R_TREND_REARM,180640,0.16792831933509278,0.15,-0.017928319335092785,-0.017928319335092785,1.0,STABILIZED_POSTERIOR_MEAN,131200.0,REBALANCE
1342,2026-07-02,B_EQUAL,180640,0.16539660858089011,0.15,-0.01539660858089012,-0.01539660858089012,1.0,STABILIZED_POSTERIOR_MEAN,131200.0,REBALANCE
1343,2026-07-02,C_CAP10,034730,0.0,0.1,0.1,0.1,1.0,STABILIZED_POSTERIOR_MEAN,683000.0,ENTRY
1344,2026-07-02,C_CAP08,034730,0.06508157117782438,0.0,-0.06508157117782438,-0.06508157117782438,1.0,STABILIZED_POSTERIOR_MEAN,683000.0,HARD_STOP
1345,2026-07-02,C_CAP08,180640,0.0902169810114411,0.08,-0.010216981011441098,-0.010216981011441098,1.0,STABILIZED_POSTERIOR_MEAN,131200.0,REBALANCE
1346,2026-07-02,D_BAND20,034730,0.12293210600187714,0.0,-0.12293210600187714,-0.12293210600187714,1.0,STABILIZED_POSTERIOR_MEAN,683000.0,HARD_STOP
1347,2026-07-03,A_CURRENT,034730,0.0,0.15,0.15,0.15,1.0,STABILIZED_POSTERIOR_MEAN,690000.0,ENTRY
1348,2026-07-03,A_CURRENT,180640,0.1650161854442888,0.15,-0.015016185444288815,-0.015016185444288815,1.0,STABILIZED_POSTERIOR_MEAN,134000.0,REBALANCE
1349,2026-07-03,X_COOLDOWN5,180640,0.16582179124396615,0.15,-0.015821791243966155,-0.015821791243966155,1.0,STABILIZED_POSTERIOR_MEAN,134000.0,REBALANCE
1350,2026-07-03,R_EXIT_RECOVERY,161390,0.0,0.15,0.15,0.15,1.0,STABILIZED_POSTERIOR_MEAN,67300.0,CONFIRMED_REENTRY
1351,2026-07-03,B_EQUAL,034730,0.1237866415162652,0.0,-0.1237866415162652,-0.1237866415162652,1.0,STABILIZED_POSTERIOR_MEAN,690000.0,HARD_STOP
1352,2026-07-03,B_EQUAL,161390,0.0,0.15,0.15,0.15,1.0,STABILIZED_POSTERIOR_MEAN,67300.0,ENTRY
1353,2026-07-03,C_CAP08,034730,0.0,0.08,0.08,0.08,1.0,STABILIZED_POSTERIOR_MEAN,690000.0,ENTRY
1354,2026-07-03,D_BAND20,034730,0.0,0.15,0.15,0.15,1.0,STABILIZED_POSTERIOR_MEAN,690000.0,ENTRY
1355,2026-07-03,D_BAND20,161390,0.0,0.15,0.15,0.15,1.0,STABILIZED_POSTERIOR_MEAN,67300.0,ENTRY
1356,2026-07-06,A0_LEGACY,161390,0.2032634475463767,0.18041388850808207,-0.022849559038294637,-0.022849559038294637,1.0,STABILIZED_POSTERIOR_MEAN,70500.0,REBALANCE
1357,2026-07-06,A0_LEGACY,180640,0.21690685309188484,0.24780368648662116,0.03089683339473631,0.03089683339473631,1.0,STABILIZED_POSTERIOR_MEAN,131100.0,REBALANCE
1358,2026-07-06,X_CAP15_ONLY,034730,0.12940139269958076,0.15,0.020598607300419236,0.020598607300419236,1.0,STABILIZED_POSTERIOR_MEAN,667000.0,REBALANCE
1359,2026-07-06,B_EQUAL,034730,0.0,0.15,0.15,0.15,1.0,STABILIZED_POSTERIOR_MEAN,667000.0,ENTRY
1360,2026-07-07,A_CURRENT,161390,0.1671371045273803,0.15,-0.017137104527380292,-0.017137104527380292,1.0,STABILIZED_POSTERIOR_MEAN,74100.0,REBALANCE
1361,2026-07-07,C_CAP10,034730,0.09121905144797084,0.0,-0.09121905144797084,-0.09121905144797084,1.0,STABILIZED_POSTERIOR_MEAN,626000.0,TRAILING_STOP
1362,2026-07-07,C_CAP10,161390,0.110888167423081,0.1,-0.010888167423080991,-0.010888167423080991,1.0,STABILIZED_POSTERIOR_MEAN,74100.0,REBALANCE
1363,2026-07-07,C_CAP08,161390,0.0914488391930435,0.08,-0.0114488391930435,-0.0114488391930435,1.0,STABILIZED_POSTERIOR_MEAN,74100.0,REBALANCE
1364,2026-07-07,E_VOL_RISK,161390,0.0,0.1,0.1,0.1,1.0,STABILIZED_POSTERIOR_MEAN,74100.0,ENTRY
1365,2026-07-08,R_TREND_REARM,161390,0.0,0.15,0.15,0.15,1.0,STABILIZED_POSTERIOR_MEAN,73000.0,CONFIRMED_REENTRY
1366,2026-07-08,B_EQUAL,034730,0.1354240403135305,0.0,-0.1354240403135305,-0.1354240403135305,1.0,STABILIZED_POSTERIOR_MEAN,596000.0,HARD_STOP
1367,2026-07-08,C_CAP08,034730,0.06950077094483087,0.0,-0.06950077094483087,-0.06950077094483087,1.0,STABILIZED_POSTERIOR_MEAN,596000.0,HARD_STOP
1368,2026-07-08,D_BAND20,034730,0.13105733252377721,0.0,-0.13105733252377721,-0.13105733252377721,1.0,STABILIZED_POSTERIOR_MEAN,596000.0,HARD_STOP
1369,2026-07-09,A0_LEGACY,021240,0.11647759958517265,0.13484931040354167,0.018371710818369025,0.018371710818369025,1.0,STABILIZED_POSTERIOR_MEAN,85000.0,REBALANCE
1370,2026-07-09,A0_LEGACY,180640,0.25153100807046885,0.2821317895453771,0.030600781474908245,0.030600781474908245,1.0,STABILIZED_POSTERIOR_MEAN,126000.0,REBALANCE
1371,2026-07-09,X_CAP15_ONLY,012330,0.14424854343110508,0.0,-0.14424854343110508,-0.14424854343110508,1.0,STABILIZED_POSTERIOR_MEAN,465000.0,REBALANCE
1372,2026-07-09,A_CURRENT,021240,0.14695851819534245,0.0,-0.14695851819534245,-0.14695851819534245,1.0,STABILIZED_POSTERIOR_MEAN,85000.0,TRAILING_STOP
1373,2026-07-09,A_CURRENT,034730,0.13744805805091959,0.0,-0.13744805805091959,-0.13744805805091959,1.0,STABILIZED_POSTERIOR_MEAN,610000.0,HARD_STOP
1374,2026-07-09,X_COOLDOWN5,021240,0.13803567035123637,0.0,-0.13803567035123637,-0.13803567035123637,1.0,STABILIZED_POSTERIOR_MEAN,85000.0,TRAILING_STOP
1375,2026-07-09,R_EXIT_RECOVERY,021240,0.13517953598208893,0.0,-0.13517953598208893,-0.13517953598208893,1.0,STABILIZED_POSTERIOR_MEAN,85000.0,HARD_STOP
1376,2026-07-09,B_EQUAL,021240,0.1483294873449098,0.0,-0.1483294873449098,-0.1483294873449098,1.0,STABILIZED_POSTERIOR_MEAN,85000.0,TRAILING_STOP
1377,2026-07-09,B_EQUAL,034730,0.0,0.15,0.15,0.15,1.0,STABILIZED_POSTERIOR_MEAN,610000.0,ENTRY
1378,2026-07-09,C_CAP10,021240,0.09562520474842719,0.0,-0.09562520474842719,-0.09562520474842719,1.0,STABILIZED_POSTERIOR_MEAN,85000.0,TRAILING_STOP
1379,2026-07-09,C_CAP10,034730,0.0,0.1,0.1,0.1,1.0,STABILIZED_POSTERIOR_MEAN,610000.0,ENTRY
1380,2026-07-09,C_CAP08,021240,0.07847171148774301,0.0,-0.07847171148774301,-0.07847171148774301,1.0,STABILIZED_POSTERIOR_MEAN,85000.0,TRAILING_STOP
1381,2026-07-09,C_CAP08,034730,0.0,0.08,0.08,0.08,1.0,STABILIZED_POSTERIOR_MEAN,610000.0,ENTRY
1382,2026-07-09,D_BAND20,021240,0.15047349658011844,0.0,-0.15047349658011844,-0.15047349658011844,1.0,STABILIZED_POSTERIOR_MEAN,85000.0,TRAILING_STOP
1383,2026-07-09,D_BAND20,034730,0.0,0.15,0.15,0.15,1.0,STABILIZED_POSTERIOR_MEAN,610000.0,ENTRY
1384,2026-07-09,E_VOL_RISK,021240,0.09663768812603211,0.0,-0.09663768812603211,-0.09663768812603211,1.0,STABILIZED_POSTERIOR_MEAN,85000.0,TRAILING_STOP
1385,2026-07-09,E_VOL_RISK,034730,0.0,0.1,0.1,0.1,1.0,STABILIZED_POSTERIOR_MEAN,610000.0,ENTRY
1386,2026-07-09,E_VOL_RISK,180640,0.10219091653878523,0.0,-0.10219091653878523,-0.10219091653878523,1.0,STABILIZED_POSTERIOR_MEAN,126000.0,TRAILING_STOP
1387,2026-07-10,A0_LEGACY,012330,0.10611256901497994,0.0,-0.10611256901497994,-0.10611256901497994,1.0,STABILIZED_POSTERIOR_MEAN,488000.0,REBALANCE
1388,2026-07-10,A_CURRENT,021240,0.0,0.15,0.15,0.15,1.0,STABILIZED_POSTERIOR_MEAN,89900.0,ENTRY
1389,2026-07-10,A_CURRENT,034730,0.0,0.15,0.15,0.15,1.0,STABILIZED_POSTERIOR_MEAN,657000.0,ENTRY
1390,2026-07-10,B_EQUAL,021240,0.0,0.15,0.15,0.15,1.0,STABILIZED_POSTERIOR_MEAN,89900.0,ENTRY
1391,2026-07-10,C_CAP10,021240,0.0,0.1,0.1,0.1,1.0,STABILIZED_POSTERIOR_MEAN,89900.0,ENTRY
1392,2026-07-10,C_CAP10,180640,0.110315053588673,0.1,-0.01031505358867299,-0.01031505358867299,1.0,STABILIZED_POSTERIOR_MEAN,134700.0,REBALANCE
1393,2026-07-10,C_CAP08,021240,0.0,0.08,0.08,0.08,1.0,STABILIZED_POSTERIOR_MEAN,89900.0,ENTRY
1394,2026-07-13,A0_LEGACY,034730,0.21493208361556088,0.2776123786821046,0.06268029506654371,0.06268029506654371,1.0,STABILIZED_POSTERIOR_MEAN,583000.0,REBALANCE
1395,2026-07-13,A_CURRENT,034730,0.13598695219004225,0.0,-0.13598695219004225,-0.13598695219004225,1.0,STABILIZED_POSTERIOR_MEAN,583000.0,HARD_STOP
1396,2026-07-13,B_EQUAL,034730,0.14325483051248508,0.0,-0.14325483051248508,-0.14325483051248508,1.0,STABILIZED_POSTERIOR_MEAN,583000.0,TRAILING_STOP
1397,2026-07-13,C_CAP10,034730,0.09546621615344814,0.0,-0.09546621615344814,-0.09546621615344814,1.0,STABILIZED_POSTERIOR_MEAN,583000.0,TRAILING_STOP
1398,2026-07-13,C_CAP08,034730,0.07642398309541401,0.0,-0.07642398309541401,-0.07642398309541401,1.0,STABILIZED_POSTERIOR_MEAN,583000.0,TRAILING_STOP
1399,2026-07-13,D_BAND20,034730,0.1435980759692805,0.0,-0.1435980759692805,-0.1435980759692805,1.0,STABILIZED_POSTERIOR_MEAN,583000.0,TRAILING_STOP
1400,2026-07-13,E_VOL_RISK,034730,0.09613217757116428,0.0,-0.09613217757116428,-0.09613217757116428,1.0,STABILIZED_POSTERIOR_MEAN,583000.0,TRAILING_STOP
1401,2026-07-14,A0_LEGACY,021240,0.15551686959404842,0.13484931040354167,-0.02066755919050675,-0.02066755919050675,1.0,STABILIZED_POSTERIOR_MEAN,94200.0,REBALANCE
1402,2026-07-14,A_CURRENT,180640,0.1334433593497689,0.0,-0.1334433593497689,-0.1334433593497689,1.0,STABILIZED_POSTERIOR_MEAN,111400.0,TRAILING_STOP
1403,2026-07-14,X_COOLDOWN5,180640,0.1297909749100765,0.0,-0.1297909749100765,-0.1297909749100765,1.0,STABILIZED_POSTERIOR_MEAN,111400.0,TRAILING_STOP
1404,2026-07-14,R_EXIT_RECOVERY,180640,0.1375401935135768,0.0,-0.1375401935135768,-0.1375401935135768,1.0,STABILIZED_POSTERIOR_MEAN,111400.0,HARD_STOP
1405,2026-07-14,R_TREND_REARM,180640,0.13196081246074068,0.0,-0.13196081246074068,-0.13196081246074068,1.0,STABILIZED_POSTERIOR_MEAN,111400.0,TRAILING_STOP
1406,2026-07-14,B_EQUAL,180640,0.1344671351438658,0.0,-0.1344671351438658,-0.1344671351438658,1.0,STABILIZED_POSTERIOR_MEAN,111400.0,TRAILING_STOP
1407,2026-07-14,C_CAP10,180640,0.08513163805181549,0.0,-0.08513163805181549,-0.08513163805181549,1.0,STABILIZED_POSTERIOR_MEAN,111400.0,TRAILING_STOP
1408,2026-07-14,C_CAP08,180640,0.07005306322972932,0.0,-0.07005306322972932,-0.07005306322972932,1.0,STABILIZED_POSTERIOR_MEAN,111400.0,TRAILING_STOP
1409,2026-07-14,D_BAND20,180640,0.15001780729638034,0.0,-0.15001780729638034,-0.15001780729638034,1.0,STABILIZED_POSTERIOR_MEAN,111400.0,TRAILING_STOP
1410,2026-07-15,A0_LEGACY,180640,0.25232974429575433,0.2821317895453771,0.029802045249622766,0.029802045249622766,1.0,STABILIZED_POSTERIOR_MEAN,112200.0,REBALANCE
1411,2026-07-15,A_CURRENT,021240,0.16528671427828798,0.15,-0.015286714278287983,-0.015286714278287983,1.0,STABILIZED_POSTERIOR_MEAN,95700.0,REBALANCE
1412,2026-07-15,A_CURRENT,034730,0.0,0.15,0.15,0.15,1.0,STABILIZED_POSTERIOR_MEAN,609000.0,ENTRY
1413,2026-07-15,X_COOLDOWN5,034730,0.0,0.15,0.15,0.15,1.0,STABILIZED_POSTERIOR_MEAN,609000.0,ENTRY
1414,2026-07-15,R_EXIT_RECOVERY,021240,0.0,0.15,0.15,0.15,1.0,STABILIZED_POSTERIOR_MEAN,95700.0,CONFIRMED_REENTRY
1415,2026-07-15,B_EQUAL,021240,0.1654651389220166,0.15,-0.015465138922016619,-0.015465138922016619,1.0,STABILIZED_POSTERIOR_MEAN,95700.0,REBALANCE
1416,2026-07-15,B_EQUAL,034730,0.0,0.15,0.15,0.15,1.0,STABILIZED_POSTERIOR_MEAN,609000.0,ENTRY
1417,2026-07-15,B_EQUAL,161390,0.1671800372606683,0.15,-0.0171800372606683,-0.0171800372606683,1.0,STABILIZED_POSTERIOR_MEAN,71500.0,REBALANCE
1418,2026-07-15,C_CAP10,034730,0.0,0.1,0.1,0.1,1.0,STABILIZED_POSTERIOR_MEAN,609000.0,ENTRY
1419,2026-07-16,X_CAP15_ONLY,161390,0.17018813257685528,0.15,-0.020188132576855283,-0.020188132576855283,1.0,STABILIZED_POSTERIOR_MEAN,73600.0,REBALANCE
1420,2026-07-16,X_CAP15_ONLY,180640,0.1346258781911678,0.15,0.015374121808832186,0.015374121808832186,1.0,STABILIZED_POSTERIOR_MEAN,113500.0,REBALANCE
1421,2026-07-16,X_COOLDOWN5,161390,0.1697306246115517,0.15,-0.0197306246115517,-0.0197306246115517,1.0,STABILIZED_POSTERIOR_MEAN,73600.0,REBALANCE
1422,2026-07-16,R_EXIT_RECOVERY,161390,0.16867351033323433,0.15,-0.018673510333234333,-0.018673510333234333,1.0,STABILIZED_POSTERIOR_MEAN,73600.0,REBALANCE
1423,2026-07-16,C_CAP10,021240,0.11014906747244868,0.1,-0.010149067472448675,-0.010149067472448675,1.0,STABILIZED_POSTERIOR_MEAN,96700.0,REBALANCE
1424,2026-07-16,D_BAND20,021240,0.0,0.15,0.15,0.15,1.0,STABILIZED_POSTERIOR_MEAN,96700.0,ENTRY
1425,2026-07-20,X_COOLDOWN5,021240,0.0,0.15,0.15,0.15,1.0,STABILIZED_POSTERIOR_MEAN,92400.0,ENTRY
1426,2026-07-20,E_VOL_RISK,021240,0.0,0.1,0.1,0.1,1.0,STABILIZED_POSTERIOR_MEAN,92400.0,ENTRY
1427,2026-07-22,A0_LEGACY,034730,0.3100929625842692,0.2776123786821046,-0.03248058390216463,-0.03248058390216463,1.0,STABILIZED_POSTERIOR_MEAN,624000.0,REBALANCE
1428,2026-07-22,E_VOL_RISK,034730,0.0,0.1,0.1,0.1,1.0,STABILIZED_POSTERIOR_MEAN,624000.0,ENTRY
1429,2026-07-23,C_CAP08,034730,0.0,0.08,0.08,0.08,1.0,STABILIZED_POSTERIOR_MEAN,655000.0,ENTRY
1430,2026-07-23,D_BAND20,161390,0.18197505205890332,0.15,-0.03197505205890333,-0.03197505205890333,1.0,STABILIZED_POSTERIOR_MEAN,76700.0,REBALANCE
1431,2026-07-24,X_COOLDOWN5,161390,0.1429588325642192,0.0,-0.1429588325642192,-0.1429588325642192,1.0,STABILIZED_POSTERIOR_MEAN,70500.0,TRAILING_STOP
1432,2026-07-24,R_TREND_REARM,161390,0.14984628609167586,0.0,-0.14984628609167586,-0.14984628609167586,1.0,STABILIZED_POSTERIOR_MEAN,70500.0,TRAILING_STOP
1433,2026-07-24,B_EQUAL,161390,0.1483528444272446,0.0,-0.1483528444272446,-0.1483528444272446,1.0,STABILIZED_POSTERIOR_MEAN,70500.0,TRAILING_STOP
1434,2026-07-24,C_CAP10,161390,0.09835040207288545,0.0,-0.09835040207288545,-0.09835040207288545,1.0,STABILIZED_POSTERIOR_MEAN,70500.0,TRAILING_STOP
1435,2026-07-24,C_CAP08,161390,0.07898669506873768,0.0,-0.07898669506873768,-0.07898669506873768,1.0,STABILIZED_POSTERIOR_MEAN,70500.0,TRAILING_STOP
1436,2026-07-24,D_BAND20,034730,0.0,0.15,0.15,0.15,1.0,STABILIZED_POSTERIOR_MEAN,630000.0,ENTRY
1437,2026-07-24,D_BAND20,161390,0.1393259857781691,0.0,-0.1393259857781691,-0.1393259857781691,1.0,STABILIZED_POSTERIOR_MEAN,70500.0,TRAILING_STOP
1438,2026-07-27,B_EQUAL,161390,0.0,0.15,0.15,0.15,1.0,STABILIZED_POSTERIOR_MEAN,69800.0,ENTRY
1439,2026-07-27,D_BAND20,161390,0.0,0.15,0.15,0.15,1.0,STABILIZED_POSTERIOR_MEAN,69800.0,ENTRY
1440,2026-07-27,E_VOL_RISK,161390,0.0970758501871356,0.0,-0.0970758501871356,-0.0970758501871356,1.0,STABILIZED_POSTERIOR_MEAN,69800.0,TRAILING_STOP
1441,2026-07-28,A0_LEGACY,034730,0.24923760570956996,0.2776123786821046,0.02837477297253463,0.02837477297253463,1.0,STABILIZED_POSTERIOR_MEAN,541000.0,REBALANCE
1442,2026-07-28,A_CURRENT,034730,0.13796161085148764,0.0,-0.13796161085148764,-0.13796161085148764,1.0,STABILIZED_POSTERIOR_MEAN,541000.0,HARD_STOP
1443,2026-07-28,A_CURRENT,161390,0.1487709919585259,0.0,-0.1487709919585259,-0.1487709919585259,1.0,STABILIZED_POSTERIOR_MEAN,66700.0,TRAILING_STOP
1444,2026-07-28,X_COOLDOWN5,034730,0.13599140985221164,0.0,-0.13599140985221164,-0.13599140985221164,1.0,STABILIZED_POSTERIOR_MEAN,541000.0,HARD_STOP
1445,2026-07-28,B_EQUAL,034730,0.1377324030573239,0.0,-0.1377324030573239,-0.1377324030573239,1.0,STABILIZED_POSTERIOR_MEAN,541000.0,HARD_STOP
1446,2026-07-28,C_CAP10,034730,0.09037998749077497,0.0,-0.09037998749077497,-0.09037998749077497,1.0,STABILIZED_POSTERIOR_MEAN,541000.0,HARD_STOP
1447,2026-07-28,C_CAP08,034730,0.06744926795446674,0.0,-0.06744926795446674,-0.06744926795446674,1.0,STABILIZED_POSTERIOR_MEAN,541000.0,HARD_STOP
1448,2026-07-28,C_CAP08,161390,0.0,0.08,0.08,0.08,1.0,STABILIZED_POSTERIOR_MEAN,66700.0,ENTRY
1449,2026-07-28,D_BAND20,034730,0.13262772460539116,0.0,-0.13262772460539116,-0.13262772460539116,1.0,STABILIZED_POSTERIOR_MEAN,541000.0,HARD_STOP
1450,2026-07-28,E_VOL_RISK,034730,0.08824775979161123,0.0,-0.08824775979161123,-0.08824775979161123,1.0,STABILIZED_POSTERIOR_MEAN,541000.0,HARD_STOP
1451,2026-07-29,X_CAP15_ONLY,021240,0.16251876846985464,0.0,-0.16251876846985464,-0.16251876846985464,1.0,STABILIZED_POSTERIOR_MEAN,90600.0,REBALANCE
1452,2026-07-29,X_CAP15_ONLY,161390,0.14143720757494024,0.0,-0.14143720757494024,-0.14143720757494024,1.0,STABILIZED_POSTERIOR_MEAN,65900.0,REBALANCE
1453,2026-07-29,X_CAP15_ONLY,180640,0.1549014117702682,0.0,-0.1549014117702682,-0.1549014117702682,1.0,STABILIZED_POSTERIOR_MEAN,111300.0,REBALANCE
1454,2026-07-29,A_CURRENT,021240,0.14716943249253484,0.0,-0.14716943249253484,-0.14716943249253484,1.0,STABILIZED_POSTERIOR_MEAN,90600.0,REBALANCE
1455,2026-07-29,X_COOLDOWN5,021240,0.14879679832870565,0.0,-0.14879679832870565,-0.14879679832870565,1.0,STABILIZED_POSTERIOR_MEAN,90600.0,REBALANCE
1456,2026-07-29,R_EXIT_RECOVERY,161390,0.13777813143496495,0.0,-0.13777813143496495,-0.13777813143496495,1.0,STABILIZED_POSTERIOR_MEAN,65900.0,TRAILING_STOP
1457,2026-07-29,R_TREND_REARM,021240,0.14705638097548365,0.0,-0.14705638097548365,-0.14705638097548365,1.0,STABILIZED_POSTERIOR_MEAN,90600.0,REBALANCE
1458,2026-07-29,B_EQUAL,161390,0.14619994533217756,0.0,-0.14619994533217756,-0.14619994533217756,1.0,STABILIZED_POSTERIOR_MEAN,65900.0,REBALANCE
1459,2026-07-29,C_CAP10,021240,0.09531564269012575,0.0,-0.09531564269012575,-0.09531564269012575,1.0,STABILIZED_POSTERIOR_MEAN,90600.0,REBALANCE
1460,2026-07-29,C_CAP08,021240,0.08389192393404897,0.0,-0.08389192393404897,-0.08389192393404897,1.0,STABILIZED_POSTERIOR_MEAN,90600.0,REBALANCE
1461,2026-07-29,C_CAP08,161390,0.0791603486832069,0.0,-0.0791603486832069,-0.0791603486832069,1.0,STABILIZED_POSTERIOR_MEAN,65900.0,REBALANCE
1462,2026-07-29,E_VOL_RISK,021240,0.09961593422954855,0.0,-0.09961593422954855,-0.09961593422954855,1.0,STABILIZED_POSTERIOR_MEAN,90600.0,REBALANCE
1463,2026-07-30,A0_LEGACY,034730,0.25024431152891874,0.0,-0.25024431152891874,-0.25024431152891874,1.0,STABILIZED_POSTERIOR_MEAN,464000.0,REBALANCE
1464,2026-07-30,X_CAP15_ONLY,034730,0.11573961886412537,0.0,-0.11573961886412537,-0.11573961886412537,1.0,STABILIZED_POSTERIOR_MEAN,464000.0,REBALANCE
1465,2026-07-30,R_EXIT_RECOVERY,021240,0.14529455481189432,0.0,-0.14529455481189432,-0.14529455481189432,1.0,STABILIZED_POSTERIOR_MEAN,91000.0,REBALANCE
1466,2026-07-30,B_EQUAL,021240,0.14773927304711848,0.0,-0.14773927304711848,-0.14773927304711848,1.0,STABILIZED_POSTERIOR_MEAN,91000.0,REBALANCE
1467,2026-07-30,D_BAND20,021240,0.1479289496271804,0.0,-0.1479289496271804,-0.1479289496271804,1.0,STABILIZED_POSTERIOR_MEAN,91000.0,REBALANCE
1468,2026-07-30,D_BAND20,161390,0.14333674460373272,0.0,-0.14333674460373272,-0.14333674460373272,1.0,STABILIZED_POSTERIOR_MEAN,64500.0,REBALANCE
