CMP_KOR,부채비율,유동비율
삼성전기,41.88786637190692,192.73845824043474
영풍,43.0684233589662,167.69222956614246
SK하이닉스,62.15121079006431,169.34962983233945
NHN,80.87136998813091,161.51595586125939
삼지전자,87.7263657575325,182.60972760945128
삼성SDI,88.23618586164035,95.19716368385531
현대오토에버,93.55480888185747,178.34502884386688
에코프로비엠,118.69584541030804,106.22774579023162
아이티센글로벌,193.1696038671252,119.36152344644557
LG디스플레이,307.0401534435296,63.831158218217396
