,date,variant,ticker,previous_weight,target_weight,delta_weight,requested_delta_weight,execution_fill_fraction,execution_model,price,reason
0,2026-01-30,A0_LEGACY,000880,0.0,0.3207474201377242,0.3207474201377242,0.3207474201377242,1.0,STABILIZED_WILSON_LOWER,113370.40625,ENTRY
1,2026-01-30,A0_LEGACY,161390,0.0,0.15014857638957402,0.15014857638957402,0.15014857638957402,1.0,STABILIZED_WILSON_LOWER,61857.757813,ENTRY
2,2026-01-30,X_CAP15_ONLY,000880,0.0,0.15,0.15,0.15,1.0,STABILIZED_WILSON_LOWER,113370.40625,ENTRY
3,2026-01-30,X_CAP15_ONLY,086280,0.0,0.15,0.15,0.15,1.0,STABILIZED_WILSON_LOWER,235936.9375,ENTRY
4,2026-01-30,X_CAP15_ONLY,161390,0.0,0.15,0.15,0.15,1.0,STABILIZED_WILSON_LOWER,61857.757813,ENTRY
5,2026-01-30,A_CURRENT,086280,0.0,0.15,0.15,0.15,1.0,STABILIZED_WILSON_LOWER,235936.9375,ENTRY
6,2026-01-30,R_EXIT_RECOVERY,000880,0.0,0.15,0.15,0.15,1.0,STABILIZED_WILSON_LOWER,113370.40625,ENTRY
7,2026-01-30,R_EXIT_RECOVERY,012330,0.0,0.15,0.15,0.15,1.0,STABILIZED_WILSON_LOWER,443779.0625,ENTRY
8,2026-01-30,R_EXIT_RECOVERY,161390,0.0,0.15,0.15,0.15,1.0,STABILIZED_WILSON_LOWER,61857.757813,ENTRY
9,2026-01-30,R_TREND_REARM,012330,0.0,0.15,0.15,0.15,1.0,STABILIZED_WILSON_LOWER,443779.0625,ENTRY
10,2026-01-30,B_EQUAL,000880,0.0,0.15,0.15,0.15,1.0,STABILIZED_WILSON_LOWER,113370.40625,ENTRY
11,2026-01-30,B_EQUAL,012330,0.0,0.15,0.15,0.15,1.0,STABILIZED_WILSON_LOWER,443779.0625,ENTRY
12,2026-01-30,B_EQUAL,086280,0.0,0.15,0.15,0.15,1.0,STABILIZED_WILSON_LOWER,235936.9375,ENTRY
13,2026-01-30,C_CAP10,012330,0.0,0.1,0.1,0.1,1.0,STABILIZED_WILSON_LOWER,443779.0625,ENTRY
14,2026-01-30,C_CAP10,086280,0.0,0.1,0.1,0.1,1.0,STABILIZED_WILSON_LOWER,235936.9375,ENTRY
15,2026-01-30,C_CAP08,078930,0.0,0.08,0.08,0.08,1.0,STABILIZED_WILSON_LOWER,65888.265625,ENTRY
16,2026-01-30,D_BAND20,078930,0.0,0.15,0.15,0.15,1.0,STABILIZED_WILSON_LOWER,65888.265625,ENTRY
17,2026-01-30,D_BAND20,086280,0.0,0.15,0.15,0.15,1.0,STABILIZED_WILSON_LOWER,235936.9375,ENTRY
18,2026-02-02,A0_LEGACY,000880,0.30998266042586203,0.23242227712579783,-0.0775603833000642,-0.0775603833000642,1.0,STABILIZED_WILSON_LOWER,107330.585938,REBALANCE
19,2026-02-02,A0_LEGACY,078930,0.0,0.1461902065747032,0.1461902065747032,0.1461902065747032,1.0,STABILIZED_WILSON_LOWER,61764.253906,ENTRY
20,2026-02-02,A0_LEGACY,086280,0.0,0.06761375334568662,0.06761375334568662,0.06761375334568662,1.0,STABILIZED_WILSON_LOWER,239836.71875,ENTRY
21,2026-02-02,A0_LEGACY,161390,0.1498958214869548,0.10880172946263125,-0.04109409202432354,-0.04109409202432354,1.0,STABILIZED_WILSON_LOWER,60493.964844,REBALANCE
22,2026-02-02,X_CAP15_ONLY,078930,0.0,0.15,0.15,0.15,1.0,STABILIZED_WILSON_LOWER,61764.253906,ENTRY
23,2026-02-02,X_CAP15_ONLY,278470,0.0,0.15,0.15,0.15,1.0,STABILIZED_WILSON_LOWER,272743.125,ENTRY
24,2026-02-02,A_CURRENT,000880,0.0,0.15,0.15,0.15,1.0,STABILIZED_WILSON_LOWER,107330.585938,ENTRY
25,2026-02-02,X_COOLDOWN5,000880,0.0,0.15,0.15,0.15,1.0,STABILIZED_WILSON_LOWER,107330.585938,ENTRY
26,2026-02-02,X_COOLDOWN5,078930,0.0,0.15,0.15,0.15,1.0,STABILIZED_WILSON_LOWER,61764.253906,ENTRY
27,2026-02-02,R_EXIT_RECOVERY,278470,0.0,0.15,0.15,0.15,1.0,STABILIZED_WILSON_LOWER,272743.125,ENTRY
28,2026-02-02,B_EQUAL,078930,0.0,0.15,0.15,0.15,1.0,STABILIZED_WILSON_LOWER,61764.253906,ENTRY
29,2026-02-02,B_EQUAL,161390,0.0,0.15,0.15,0.15,1.0,STABILIZED_WILSON_LOWER,60493.964844,ENTRY
30,2026-02-02,C_CAP08,086280,0.0,0.08,0.08,0.08,1.0,STABILIZED_WILSON_LOWER,239836.71875,ENTRY
31,2026-02-02,D_BAND20,000880,0.0,0.15,0.15,0.15,1.0,STABILIZED_WILSON_LOWER,107330.585938,ENTRY
32,2026-02-02,D_BAND20,161390,0.0,0.15,0.15,0.15,1.0,STABILIZED_WILSON_LOWER,60493.964844,ENTRY
33,2026-02-02,D_BAND20,278470,0.0,0.15,0.15,0.15,1.0,STABILIZED_WILSON_LOWER,272743.125,ENTRY
34,2026-02-02,E_VOL_RISK,012330,0.0,0.1,0.1,0.1,1.0,STABILIZED_WILSON_LOWER,430930.21875,ENTRY
35,2026-02-02,E_VOL_RISK,078930,0.0,0.1,0.1,0.1,1.0,STABILIZED_WILSON_LOWER,61764.253906,ENTRY
36,2026-02-02,E_VOL_RISK,086280,0.0,0.1,0.1,0.1,1.0,STABILIZED_WILSON_LOWER,239836.71875,ENTRY
37,2026-02-02,E_VOL_RISK,161390,0.0,0.1,0.1,0.1,1.0,STABILIZED_WILSON_LOWER,60493.964844,ENTRY
38,2026-02-02,E_VOL_RISK,278470,0.0,0.1,0.1,0.1,1.0,STABILIZED_WILSON_LOWER,272743.125,ENTRY
39,2026-02-03,A0_LEGACY,000880,0.24429045528548268,0.21983458109745543,-0.02445587418802725,-0.02445587418802725,1.0,STABILIZED_WILSON_LOWER,116340.804688,REBALANCE
40,2026-02-03,A0_LEGACY,012330,0.0,0.09187564912584387,0.09187564912584387,0.09187564912584387,1.0,STABILIZED_WILSON_LOWER,439331.40625,ENTRY
41,2026-02-03,A0_LEGACY,278470,0.0,0.23441313614332704,0.23441313614332704,0.23441313614332704,1.0,STABILIZED_WILSON_LOWER,270752.28125,ENTRY
42,2026-02-03,A_CURRENT,161390,0.0,0.15,0.15,0.15,1.0,STABILIZED_WILSON_LOWER,61760.34375,ENTRY
43,2026-02-03,X_COOLDOWN5,011200,0.0,0.07148081453922366,0.07148081453922366,0.07148081453922366,1.0,STABILIZED_WILSON_LOWER,19500.0,ENTRY
44,2026-02-03,X_COOLDOWN5,012330,0.0,0.1347345290697213,0.1347345290697213,0.1347345290697213,1.0,STABILIZED_WILSON_LOWER,439331.40625,ENTRY
45,2026-02-03,X_COOLDOWN5,161390,0.0,0.15,0.15,0.15,1.0,STABILIZED_WILSON_LOWER,61760.34375,ENTRY
46,2026-02-03,X_COOLDOWN5,278470,0.0,0.15,0.15,0.15,1.0,STABILIZED_WILSON_LOWER,270752.28125,ENTRY
47,2026-02-03,R_EXIT_RECOVERY,012330,0.14833160289861516,0.1347345290697213,-0.013597073828893858,-0.013597073828893858,1.0,STABILIZED_WILSON_LOWER,439331.40625,REBALANCE
48,2026-02-03,R_EXIT_RECOVERY,086280,0.0,0.09378465639105496,0.09378465639105496,0.09378465639105496,1.0,STABILIZED_WILSON_LOWER,243736.5,ENTRY
49,2026-02-03,R_TREND_REARM,012330,0.14872024165029554,0.1347345290697213,-0.013985712580574239,-0.013985712580574239,1.0,STABILIZED_WILSON_LOWER,439331.40625,REBALANCE
50,2026-02-03,R_TREND_REARM,078930,0.0,0.15,0.15,0.15,1.0,STABILIZED_WILSON_LOWER,65312.824219,ENTRY
51,2026-02-03,R_TREND_REARM,161390,0.0,0.15,0.15,0.15,1.0,STABILIZED_WILSON_LOWER,61760.34375,ENTRY
52,2026-02-03,R_TREND_REARM,278470,0.0,0.15,0.15,0.15,1.0,STABILIZED_WILSON_LOWER,270752.28125,ENTRY
53,2026-02-03,B_EQUAL,012330,0.145723874680362,0.12857142857142856,-0.017152446108933433,-0.017152446108933433,1.0,STABILIZED_WILSON_LOWER,439331.40625,REBALANCE
54,2026-02-03,B_EQUAL,078930,0.15412225971213536,0.12857142857142856,-0.025550831140706803,-0.025550831140706803,1.0,STABILIZED_WILSON_LOWER,65312.824219,REBALANCE
55,2026-02-03,B_EQUAL,161390,0.1487995983235161,0.12857142857142856,-0.02022816975208755,-0.02022816975208755,1.0,STABILIZED_WILSON_LOWER,61760.34375,REBALANCE
56,2026-02-03,C_CAP10,000880,0.0,0.1,0.1,0.1,1.0,STABILIZED_WILSON_LOWER,116340.804688,ENTRY
57,2026-02-03,C_CAP08,000880,0.0,0.08,0.08,0.08,1.0,STABILIZED_WILSON_LOWER,116340.804688,ENTRY
58,2026-02-03,C_CAP08,161390,0.0,0.08,0.08,0.08,1.0,STABILIZED_WILSON_LOWER,61760.34375,ENTRY
59,2026-02-03,D_BAND20,086280,0.15219108850135232,0.09378465639105496,-0.05840643211029736,-0.05840643211029736,1.0,STABILIZED_WILSON_LOWER,243736.5,REBALANCE
60,2026-02-04,A0_LEGACY,011200,0.0,0.048742859615717476,0.048742859615717476,0.048742859615717476,1.0,STABILIZED_WILSON_LOWER,19888.060547,ENTRY
61,2026-02-04,A0_LEGACY,078930,0.15253346208025426,0.13827273022329928,-0.014260731856954978,-0.014260731856954978,1.0,STABILIZED_WILSON_LOWER,67230.96875,REBALANCE
62,2026-02-04,X_CAP15_ONLY,011200,0.0,0.07148081453922366,0.07148081453922366,0.07148081453922366,1.0,STABILIZED_WILSON_LOWER,19888.060547,ENTRY
63,2026-02-04,X_CAP15_ONLY,086280,0.15132690074831306,0.09378465639105496,-0.057542244357258104,-0.057542244357258104,1.0,STABILIZED_WILSON_LOWER,244711.453125,REBALANCE
64,2026-02-04,A_CURRENT,011200,0.0,0.07148081453922366,0.07148081453922366,0.07148081453922366,1.0,STABILIZED_WILSON_LOWER,19888.060547,ENTRY
65,2026-02-04,A_CURRENT,012330,0.0,0.1347345290697213,0.1347345290697213,0.1347345290697213,1.0,STABILIZED_WILSON_LOWER,443284.875,ENTRY
66,2026-02-04,A_CURRENT,086280,0.15107854394928377,0.09378465639105496,-0.05729388755822881,-0.05729388755822881,1.0,STABILIZED_WILSON_LOWER,244711.453125,REBALANCE
67,2026-02-04,A_CURRENT,278470,0.0,0.15,0.15,0.15,1.0,STABILIZED_WILSON_LOWER,262789.0,ENTRY
68,2026-02-04,R_EXIT_RECOVERY,078930,0.0,0.15,0.15,0.15,1.0,STABILIZED_WILSON_LOWER,67230.96875,ENTRY
69,2026-02-04,R_TREND_REARM,000880,0.0,0.15,0.15,0.15,1.0,STABILIZED_WILSON_LOWER,121687.53125,ENTRY
70,2026-02-04,R_TREND_REARM,011200,0.0,0.07148081453922366,0.07148081453922366,0.07148081453922366,1.0,STABILIZED_WILSON_LOWER,19888.060547,ENTRY
71,2026-02-04,R_TREND_REARM,086280,0.0,0.09378465639105496,0.09378465639105496,0.09378465639105496,1.0,STABILIZED_WILSON_LOWER,244711.453125,ENTRY
72,2026-02-04,B_EQUAL,000880,0.1555204458776263,0.12857142857142856,-0.026949017306197753,-0.026949017306197753,1.0,STABILIZED_WILSON_LOWER,121687.53125,REBALANCE
73,2026-02-04,B_EQUAL,086280,0.15027940718839106,0.12857142857142856,-0.021707978616962498,-0.021707978616962498,1.0,STABILIZED_WILSON_LOWER,244711.453125,REBALANCE
74,2026-02-04,C_CAP10,078930,0.0,0.1,0.1,0.1,1.0,STABILIZED_WILSON_LOWER,67230.96875,ENTRY
75,2026-02-04,C_CAP10,278470,0.0,0.1,0.1,0.1,1.0,STABILIZED_WILSON_LOWER,262789.0,ENTRY
76,2026-02-04,C_CAP08,011200,0.0,0.08,0.08,0.08,1.0,STABILIZED_WILSON_LOWER,19888.060547,ENTRY
77,2026-02-04,C_CAP08,278470,0.0,0.08,0.08,0.08,1.0,STABILIZED_WILSON_LOWER,262789.0,ENTRY
78,2026-02-04,E_VOL_RISK,011200,0.0,0.1,0.1,0.1,1.0,STABILIZED_WILSON_LOWER,19888.060547,ENTRY
79,2026-02-05,X_CAP15_ONLY,012330,0.0,0.1347345290697213,0.1347345290697213,0.1347345290697213,1.0,STABILIZED_WILSON_LOWER,428459.3125,ENTRY
80,2026-02-05,B_EQUAL,011200,0.0,0.12857142857142856,0.12857142857142856,0.12857142857142856,1.0,STABILIZED_WILSON_LOWER,19694.03125,ENTRY
81,2026-02-05,B_EQUAL,278470,0.0,0.12857142857142856,0.12857142857142856,0.12857142857142856,1.0,STABILIZED_WILSON_LOWER,276724.78125,ENTRY
82,2026-02-05,C_CAP10,161390,0.0,0.1,0.1,0.1,1.0,STABILIZED_WILSON_LOWER,64877.585938,ENTRY
83,2026-02-05,E_VOL_RISK,000880,0.0,0.1,0.1,0.1,1.0,STABILIZED_WILSON_LOWER,117330.945313,ENTRY
84,2026-02-06,A0_LEGACY,161390,0.1168748917440208,0.10290916565691535,-0.013965726087105446,-0.013965726087105446,1.0,STABILIZED_WILSON_LOWER,65462.066406,REBALANCE
85,2026-02-06,D_BAND20,011200,0.0,0.07148081453922366,0.07148081453922366,0.07148081453922366,1.0,STABILIZED_WILSON_LOWER,19500.0,ENTRY
86,2026-02-06,D_BAND20,012330,0.0,0.1347345290697213,0.1347345290697213,0.1347345290697213,1.0,STABILIZED_WILSON_LOWER,421046.5,ENTRY
87,2026-02-09,C_CAP08,012330,0.0,0.08,0.08,0.08,1.0,STABILIZED_WILSON_LOWER,429941.84375,ENTRY
88,2026-02-10,X_CAP15_ONLY,161390,0.16673146167548364,0.15,-0.016731461675483644,-0.016731461675483644,1.0,STABILIZED_WILSON_LOWER,71793.960938,REBALANCE
89,2026-02-10,A_CURRENT,161390,0.1703423632230812,0.15,-0.020342363223081195,-0.020342363223081195,1.0,STABILIZED_WILSON_LOWER,71793.960938,REBALANCE
90,2026-02-10,X_COOLDOWN5,161390,0.1695857042741007,0.15,-0.019585704274100696,-0.019585704274100696,1.0,STABILIZED_WILSON_LOWER,71793.960938,REBALANCE
91,2026-02-10,R_EXIT_RECOVERY,011200,0.0,0.07148081453922366,0.07148081453922366,0.07148081453922366,1.0,STABILIZED_WILSON_LOWER,20567.164063,ENTRY
92,2026-02-10,C_CAP10,011200,0.0,0.1,0.1,0.1,1.0,STABILIZED_WILSON_LOWER,20567.164063,ENTRY
93,2026-02-10,C_CAP08,161390,0.09137903278855694,0.08,-0.01137903278855694,-0.01137903278855694,1.0,STABILIZED_WILSON_LOWER,71793.960938,REBALANCE
94,2026-02-10,E_VOL_RISK,278470,0.09788659510542429,0.0,-0.09788659510542429,-0.09788659510542429,1.0,STABILIZED_WILSON_LOWER,274236.21875,REBALANCE
95,2026-02-11,R_EXIT_RECOVERY,161390,0.16736822752823674,0.15,-0.017368227528236746,-0.017368227528236746,1.0,STABILIZED_WILSON_LOWER,70819.828125,REBALANCE
96,2026-02-11,B_EQUAL,161390,0.14310668055779177,0.12857142857142856,-0.014535251986363212,-0.014535251986363212,1.0,STABILIZED_WILSON_LOWER,70819.828125,REBALANCE
97,2026-02-12,X_COOLDOWN5,086280,0.0,0.09378465639105496,0.09378465639105496,0.09378465639105496,1.0,STABILIZED_WILSON_LOWER,254460.90625,ENTRY
98,2026-02-12,R_TREND_REARM,161390,0.16760315182586227,0.15,-0.01760315182586228,-0.01760315182586228,1.0,STABILIZED_WILSON_LOWER,71599.132813,REBALANCE
99,2026-02-13,A_CURRENT,078930,0.0,0.15,0.15,0.15,1.0,STABILIZED_WILSON_LOWER,68094.132813,ENTRY
100,2026-02-19,A0_LEGACY,078930,0.1389209702122455,0.1250492467850981,-0.013871723427147403,-0.013871723427147403,1.0,STABILIZED_WILSON_LOWER,70204.09375,REBALANCE
101,2026-02-19,A0_LEGACY,096770,0.0,0.08607000870787523,0.08607000870787523,0.08607000870787523,1.0,STABILIZED_WILSON_LOWER,118600.0,ENTRY
102,2026-02-19,A0_LEGACY,161390,0.105710642997456,0.09306761811890327,-0.012643024878552733,-0.012643024878552733,1.0,STABILIZED_WILSON_LOWER,72378.445313,REBALANCE
103,2026-02-19,A0_LEGACY,278470,0.23401941066434204,0.21199542428877535,-0.022023986375566684,-0.022023986375566684,1.0,STABILIZED_WILSON_LOWER,284190.375,REBALANCE
104,2026-02-19,X_CAP15_ONLY,012330,0.13032211340806776,0.10267956101709261,-0.027642552390975156,-0.027642552390975156,1.0,STABILIZED_WILSON_LOWER,435377.90625,REBALANCE
105,2026-02-19,X_CAP15_ONLY,086280,0.09345550720825785,0.07147215650554772,-0.021983350702710125,-0.021983350702710125,1.0,STABILIZED_WILSON_LOWER,255923.328125,REBALANCE
106,2026-02-19,A_CURRENT,011200,0.0758403899878696,0.054474667397498754,-0.021365722590370846,-0.021365722590370846,1.0,STABILIZED_WILSON_LOWER,22022.388672,REBALANCE
107,2026-02-19,A_CURRENT,012330,0.1267948040900178,0.10267956101709261,-0.024115243072925202,-0.024115243072925202,1.0,STABILIZED_WILSON_LOWER,435377.90625,REBALANCE
108,2026-02-19,A_CURRENT,086280,0.0939780535069679,0.07147215650554772,-0.02250589700142018,-0.02250589700142018,1.0,STABILIZED_WILSON_LOWER,255923.328125,REBALANCE
109,2026-02-19,R_EXIT_RECOVERY,011200,0.0740927271275596,0.054474667397498754,-0.019618059730060845,-0.019618059730060845,1.0,STABILIZED_WILSON_LOWER,22022.388672,REBALANCE
110,2026-02-19,R_EXIT_RECOVERY,012330,0.12705314215931457,0.10267956101709261,-0.02437358114222196,-0.02437358114222196,1.0,STABILIZED_WILSON_LOWER,435377.90625,REBALANCE
111,2026-02-19,R_EXIT_RECOVERY,086280,0.09370299263308043,0.07147215650554772,-0.02223083612753271,-0.02223083612753271,1.0,STABILIZED_WILSON_LOWER,255923.328125,REBALANCE
112,2026-02-19,R_EXIT_RECOVERY,096770,0.0,0.10636307578218514,0.10636307578218514,0.10636307578218514,1.0,STABILIZED_WILSON_LOWER,118600.0,ENTRY
113,2026-02-19,R_EXIT_RECOVERY,161390,0.149511270356134,0.11501053929767571,-0.0345007310584583,-0.0345007310584583,1.0,STABILIZED_WILSON_LOWER,72378.445313,REBALANCE
114,2026-02-19,R_TREND_REARM,011200,0.07568441508482823,0.054474667397498754,-0.02120974768732948,-0.02120974768732948,1.0,STABILIZED_WILSON_LOWER,22022.388672,REBALANCE
115,2026-02-19,R_TREND_REARM,012330,0.12700868330679396,0.10267956101709261,-0.024329122289701355,-0.024329122289701355,1.0,STABILIZED_WILSON_LOWER,435377.90625,REBALANCE
116,2026-02-19,R_TREND_REARM,086280,0.09378477631276953,0.07147215650554772,-0.02231261980722181,-0.02231261980722181,1.0,STABILIZED_WILSON_LOWER,255923.328125,REBALANCE
117,2026-02-19,R_TREND_REARM,096770,0.0,0.10636307578218514,0.10636307578218514,0.10636307578218514,1.0,STABILIZED_WILSON_LOWER,118600.0,ENTRY
118,2026-02-19,R_TREND_REARM,161390,0.14965121647214136,0.11501053929767571,-0.034640677174465645,-0.034640677174465645,1.0,STABILIZED_WILSON_LOWER,72378.445313,REBALANCE
119,2026-02-19,B_EQUAL,011200,0.1361744785479846,0.1125,-0.023674478547984587,-0.023674478547984587,1.0,STABILIZED_WILSON_LOWER,22022.388672,REBALANCE
120,2026-02-19,B_EQUAL,086280,0.12896723302705349,0.1125,-0.016467233027053482,-0.016467233027053482,1.0,STABILIZED_WILSON_LOWER,255923.328125,REBALANCE
121,2026-02-19,B_EQUAL,096770,0.0,0.1125,0.1125,0.1125,1.0,STABILIZED_WILSON_LOWER,118600.0,ENTRY
122,2026-02-19,C_CAP10,096770,0.0,0.1,0.1,0.1,1.0,STABILIZED_WILSON_LOWER,118600.0,ENTRY
123,2026-02-19,D_BAND20,086280,0.09243703285585904,0.07147215650554772,-0.020964876350311315,-0.020964876350311315,1.0,STABILIZED_WILSON_LOWER,255923.328125,REBALANCE
124,2026-02-19,D_BAND20,161390,0.16431439111056967,0.11501053929767571,-0.049303851812893956,-0.049303851812893956,1.0,STABILIZED_WILSON_LOWER,72378.445313,REBALANCE
125,2026-02-19,E_VOL_RISK,096770,0.0,0.1,0.1,0.1,1.0,STABILIZED_WILSON_LOWER,118600.0,ENTRY
126,2026-02-19,E_VOL_RISK,278470,0.0,0.1,0.1,0.1,1.0,STABILIZED_WILSON_LOWER,284190.375,ENTRY
127,2026-02-20,A0_LEGACY,086280,0.06641301223215644,0.057835946239469825,-0.008577065992686615,-0.008577065992686615,1.0,STABILIZED_WILSON_LOWER,263235.4375,REBALANCE
128,2026-02-20,X_CAP15_ONLY,011200,0.07525536143195939,0.054474667397498754,-0.020780694034460638,-0.020780694034460638,1.0,STABILIZED_WILSON_LOWER,22458.955078,REBALANCE
129,2026-02-20,X_COOLDOWN5,011200,0.07614846004485937,0.054474667397498754,-0.021673792647360614,-0.021673792647360614,1.0,STABILIZED_WILSON_LOWER,22458.955078,REBALANCE
130,2026-02-20,X_COOLDOWN5,086280,0.09354252675430189,0.07147215650554772,-0.022070370248754162,-0.022070370248754162,1.0,STABILIZED_WILSON_LOWER,263235.4375,REBALANCE
131,2026-02-20,X_COOLDOWN5,161390,0.1463330835810151,0.11501053929767571,-0.03132254428333939,-0.03132254428333939,1.0,STABILIZED_WILSON_LOWER,73644.828125,REBALANCE
132,2026-02-20,D_BAND20,011200,0.07486146526127532,0.054474667397498754,-0.02038679786377657,-0.02038679786377657,1.0,STABILIZED_WILSON_LOWER,22458.955078,REBALANCE
133,2026-02-20,D_BAND20,012330,0.12740514010610518,0.10267956101709261,-0.024725579089012573,-0.024725579089012573,1.0,STABILIZED_WILSON_LOWER,437848.84375,REBALANCE
134,2026-02-23,A_CURRENT,161390,0.14324319614252484,0.11501053929767571,-0.02823265684484913,-0.02823265684484913,1.0,STABILIZED_WILSON_LOWER,71793.960938,REBALANCE
135,2026-02-23,X_COOLDOWN5,012330,0.12572712197464891,0.10267956101709261,-0.023047560957556307,-0.023047560957556307,1.0,STABILIZED_WILSON_LOWER,440319.75,REBALANCE
136,2026-02-23,B_EQUAL,078930,0.12716349386042156,0.1125,-0.014663493860421553,-0.014663493860421553,1.0,STABILIZED_WILSON_LOWER,70012.273438,REBALANCE
137,2026-02-23,B_EQUAL,161390,0.12389378081664322,0.1125,-0.011393780816643218,-0.011393780816643218,1.0,STABILIZED_WILSON_LOWER,71793.960938,REBALANCE
138,2026-02-23,B_EQUAL,278470,0.12736061574295815,0.1125,-0.014860615742958147,-0.014860615742958147,1.0,STABILIZED_WILSON_LOWER,296135.3125,REBALANCE
139,2026-02-23,D_BAND20,096770,0.0,0.10636307578218514,0.10636307578218514,0.10636307578218514,1.0,STABILIZED_WILSON_LOWER,128400.0,ENTRY
140,2026-02-24,A0_LEGACY,000880,0.22410928736896002,0.19881106519817757,-0.025298222170782453,-0.025298222170782453,1.0,STABILIZED_WILSON_LOWER,130697.757813,REBALANCE
141,2026-02-24,A0_LEGACY,011200,0.05009254525252151,0.04408141700286021,-0.006011128249661303,-0.006011128249661303,1.0,STABILIZED_WILSON_LOWER,22264.925781,REBALANCE
142,2026-02-24,A0_LEGACY,096770,0.09534461584583213,0.08607000870787523,-0.0092746071379569,-0.0092746071379569,1.0,STABILIZED_WILSON_LOWER,137700.0,REBALANCE
143,2026-02-24,A_CURRENT,096770,0.0,0.10636307578218514,0.10636307578218514,0.10636307578218514,1.0,STABILIZED_WILSON_LOWER,137700.0,ENTRY
144,2026-02-24,X_COOLDOWN5,096770,0.0,0.10636307578218514,0.10636307578218514,0.10636307578218514,1.0,STABILIZED_WILSON_LOWER,137700.0,ENTRY
145,2026-02-24,R_TREND_REARM,096770,0.11844775367896249,0.10636307578218514,-0.012084677896777349,-0.012084677896777349,1.0,STABILIZED_WILSON_LOWER,137700.0,REBALANCE
146,2026-02-24,B_EQUAL,096770,0.12522075105952235,0.1125,-0.012720751059522348,-0.012720751059522348,1.0,STABILIZED_WILSON_LOWER,137700.0,REBALANCE
147,2026-02-24,C_CAP08,096770,0.0,0.08,0.08,0.08,1.0,STABILIZED_WILSON_LOWER,137700.0,ENTRY
148,2026-02-25,A_CURRENT,000880,0.17227335965240104,0.15,-0.022273359652401042,-0.022273359652401042,1.0,STABILIZED_WILSON_LOWER,137727.71875,REBALANCE
149,2026-02-25,B_EQUAL,000880,0.1318817270682805,0.1125,-0.019381727068280494,-0.019381727068280494,1.0,STABILIZED_WILSON_LOWER,137727.71875,REBALANCE
150,2026-02-25,C_CAP08,000880,0.08851763086205892,0.08,-0.008517630862058923,-0.008517630862058923,1.0,STABILIZED_WILSON_LOWER,137727.71875,REBALANCE
151,2026-02-26,X_CAP15_ONLY,161390,0.1394653018526088,0.11501053929767571,-0.02445476255493309,-0.02445476255493309,1.0,STABILIZED_WILSON_LOWER,73937.070313,REBALANCE
152,2026-02-26,X_COOLDOWN5,000880,0.16708844301729928,0.15,-0.017088443017299282,-0.017088443017299282,1.0,STABILIZED_WILSON_LOWER,137826.734375,REBALANCE
153,2026-02-26,X_COOLDOWN5,012330,0.11600539757332298,0.10267956101709261,-0.013325836556230375,-0.013325836556230375,1.0,STABILIZED_WILSON_LOWER,522848.84375,REBALANCE
154,2026-02-26,B_EQUAL,012330,0.13329511420497273,0.1125,-0.020795114204972723,-0.020795114204972723,1.0,STABILIZED_WILSON_LOWER,522848.84375,REBALANCE
155,2026-02-26,C_CAP08,012330,0.0903547981367299,0.08,-0.010354798136729904,-0.010354798136729904,1.0,STABILIZED_WILSON_LOWER,522848.84375,REBALANCE
156,2026-02-26,C_CAP08,278470,0.0890444753679879,0.08,-0.0090444753679879,-0.0090444753679879,1.0,STABILIZED_WILSON_LOWER,315545.875,REBALANCE
157,2026-02-27,A0_LEGACY,034730,0.0,0.052386681468478455,0.052386681468478455,0.052386681468478455,1.0,STABILIZED_WILSON_LOWER,392967.65625,ENTRY
158,2026-02-27,A0_LEGACY,078930,0.11417092117786107,0.0,-0.11417092117786107,-0.11417092117786107,1.0,STABILIZED_WILSON_LOWER,68700.0,REBALANCE
159,2026-02-27,A0_LEGACY,086280,0.059624696993441674,0.07851128896405395,0.018886591970612272,0.018886591970612272,1.0,STABILIZED_WILSON_LOWER,282246.875,REBALANCE
160,2026-02-27,A0_LEGACY,096770,0.07805376457994911,0.11683853665717386,0.03878477207722475,0.03878477207722475,1.0,STABILIZED_WILSON_LOWER,127700.0,REBALANCE
161,2026-02-27,X_CAP15_ONLY,000880,0.1575298878288349,0.0,-0.1575298878288349,-0.1575298878288349,1.0,STABILIZED_WILSON_LOWER,135252.375,REBALANCE
162,2026-02-27,X_CAP15_ONLY,004020,0.0,0.08090075609716092,0.08090075609716092,0.08090075609716092,1.0,STABILIZED_WILSON_LOWER,45835.714844,ENTRY
163,2026-02-27,X_CAP15_ONLY,011200,0.050270368311814126,0.07389414639746762,0.023623778085653496,0.023623778085653496,1.0,STABILIZED_WILSON_LOWER,21350.0,REBALANCE
164,2026-02-27,X_CAP15_ONLY,034730,0.0,0.06469059060865003,0.06469059060865003,0.06469059060865003,1.0,STABILIZED_WILSON_LOWER,392967.65625,ENTRY
165,2026-02-27,A_CURRENT,000880,0.14666460278305038,0.0,-0.14666460278305038,-0.14666460278305038,1.0,STABILIZED_WILSON_LOWER,135252.375,REBALANCE
166,2026-02-27,A_CURRENT,012330,0.11513317317611532,0.13928342982729494,0.02415025665117962,0.02415025665117962,1.0,STABILIZED_WILSON_LOWER,510988.375,REBALANCE
167,2026-02-27,A_CURRENT,078930,0.14064278519425086,0.0,-0.14064278519425086,-0.14064278519425086,1.0,STABILIZED_WILSON_LOWER,68700.0,REBALANCE
168,2026-02-27,A_CURRENT,161390,0.11030503398055144,0.15,0.03969496601944855,0.03969496601944855,1.0,STABILIZED_WILSON_LOWER,71014.65625,REBALANCE
169,2026-02-27,X_COOLDOWN5,000880,0.15005394404326086,0.0,-0.15005394404326086,-0.15005394404326086,1.0,STABILIZED_WILSON_LOWER,135252.375,REBALANCE
170,2026-02-27,X_COOLDOWN5,004020,0.0,0.08090075609716092,0.08090075609716092,0.08090075609716092,1.0,STABILIZED_WILSON_LOWER,45835.714844,ENTRY
171,2026-02-27,X_COOLDOWN5,011200,0.050558164994672465,0.07389414639746762,0.023335981402795157,0.023335981402795157,1.0,STABILIZED_WILSON_LOWER,21350.0,REBALANCE
172,2026-02-27,X_COOLDOWN5,086280,0.07481868247087417,0.09695100949631792,0.02213232702544375,0.02213232702544375,1.0,STABILIZED_WILSON_LOWER,282246.875,REBALANCE
173,2026-02-27,R_EXIT_RECOVERY,000880,0.16030713473696329,0.0,-0.16030713473696329,-0.16030713473696329,1.0,STABILIZED_WILSON_LOWER,135252.375,REBALANCE
174,2026-02-27,R_EXIT_RECOVERY,004020,0.0,0.08090075609716092,0.08090075609716092,0.08090075609716092,1.0,STABILIZED_WILSON_LOWER,45835.714844,ENTRY
175,2026-02-27,R_EXIT_RECOVERY,011200,0.04977314521509002,0.07389414639746762,0.024121001182377602,0.024121001182377602,1.0,STABILIZED_WILSON_LOWER,21350.0,REBALANCE
176,2026-02-27,R_EXIT_RECOVERY,078930,0.1386095684966739,0.0,-0.1386095684966739,-0.1386095684966739,1.0,STABILIZED_WILSON_LOWER,68700.0,REBALANCE
177,2026-02-27,R_EXIT_RECOVERY,086280,0.07428877467715121,0.09695100949631792,0.02266223481916671,0.02266223481916671,1.0,STABILIZED_WILSON_LOWER,282246.875,REBALANCE
178,2026-02-27,R_EXIT_RECOVERY,096770,0.10793545772350856,0.14428006757310852,0.03634460984959996,0.03634460984959996,1.0,STABILIZED_WILSON_LOWER,127700.0,REBALANCE
179,2026-02-27,R_TREND_REARM,000880,0.1502641353883538,0.0,-0.1502641353883538,-0.1502641353883538,1.0,STABILIZED_WILSON_LOWER,135252.375,REBALANCE
180,2026-02-27,R_TREND_REARM,078930,0.1414653841606196,0.0,-0.1414653841606196,-0.1414653841606196,1.0,STABILIZED_WILSON_LOWER,68700.0,REBALANCE
181,2026-02-27,R_TREND_REARM,096770,0.09693518342831654,0.14428006757310852,0.047344884144791974,0.047344884144791974,1.0,STABILIZED_WILSON_LOWER,127700.0,REBALANCE
182,2026-02-27,B_EQUAL,034730,0.0,0.1125,0.1125,0.1125,1.0,STABILIZED_WILSON_LOWER,392967.65625,ENTRY
183,2026-02-27,B_EQUAL,078930,0.10629875584645598,0.0,-0.10629875584645598,-0.10629875584645598,1.0,STABILIZED_WILSON_LOWER,68700.0,REBALANCE
184,2026-02-27,C_CAP10,034730,0.0,0.1,0.1,0.1,1.0,STABILIZED_WILSON_LOWER,392967.65625,ENTRY
185,2026-02-27,C_CAP10,078930,0.09425094237440353,0.0,-0.09425094237440353,-0.09425094237440353,1.0,STABILIZED_WILSON_LOWER,68700.0,REBALANCE
186,2026-02-27,C_CAP08,034730,0.0,0.08,0.08,0.08,1.0,STABILIZED_WILSON_LOWER,392967.65625,ENTRY
187,2026-02-27,D_BAND20,000880,0.16431117705952503,0.0,-0.16431117705952503,-0.16431117705952503,1.0,STABILIZED_WILSON_LOWER,135252.375,REBALANCE
188,2026-02-27,D_BAND20,086280,0.07483822171238219,0.09695100949631792,0.02211278778393573,0.02211278778393573,1.0,STABILIZED_WILSON_LOWER,282246.875,REBALANCE
189,2026-02-27,E_VOL_RISK,000880,0.10551315119240383,0.0,-0.10551315119240383,-0.10551315119240383,1.0,STABILIZED_WILSON_LOWER,135252.375,REBALANCE
190,2026-02-27,E_VOL_RISK,078930,0.10053213548451873,0.0,-0.10053213548451873,-0.10053213548451873,1.0,STABILIZED_WILSON_LOWER,68700.0,REBALANCE
191,2026-03-03,X_CAP15_ONLY,011200,0.08818540780792124,0.07389414639746762,-0.014291261410453615,-0.014291261410453615,1.0,STABILIZED_WILSON_LOWER,24500.0,REBALANCE
192,2026-03-03,X_CAP15_ONLY,078930,0.1553606865795538,0.0,-0.1553606865795538,-0.1553606865795538,1.0,STABILIZED_WILSON_LOWER,70500.0,REBALANCE
193,2026-03-03,A_CURRENT,004020,0.0,0.15,0.15,0.15,1.0,STABILIZED_WILSON_LOWER,40808.570313,ENTRY
194,2026-03-03,A_CURRENT,012330,0.13114771332400682,0.0,-0.13114771332400682,-0.13114771332400682,1.0,STABILIZED_WILSON_LOWER,463052.3125,TRAILING_STOP
195,2026-03-03,A_CURRENT,086280,0.0701389124825712,0.0,-0.0701389124825712,-0.0701389124825712,1.0,STABILIZED_WILSON_LOWER,252998.5,TRAILING_STOP
196,2026-03-03,X_COOLDOWN5,004020,0.07454967676114765,0.0,-0.07454967676114765,-0.07454967676114765,1.0,STABILIZED_WILSON_LOWER,40808.570313,HARD_STOP
197,2026-03-03,X_COOLDOWN5,034730,0.0,0.15,0.15,0.15,1.0,STABILIZED_WILSON_LOWER,371898.3125,ENTRY
198,2026-03-03,X_COOLDOWN5,086280,0.08994705588915862,0.0,-0.08994705588915862,-0.08994705588915862,1.0,STABILIZED_WILSON_LOWER,252998.5,TRAILING_STOP
199,2026-03-03,X_COOLDOWN5,161390,0.10268960309423762,0.0,-0.10268960309423762,-0.10268960309423762,1.0,STABILIZED_WILSON_LOWER,65072.410156,TRAILING_STOP
200,2026-03-03,R_EXIT_RECOVERY,004020,0.07479438594054573,0.0,-0.07479438594054573,-0.07479438594054573,1.0,STABILIZED_WILSON_LOWER,40808.570313,HARD_STOP
201,2026-03-03,R_EXIT_RECOVERY,011200,0.08805363540009932,0.15,0.061946364599900675,0.061946364599900675,1.0,STABILIZED_WILSON_LOWER,24500.0,REBALANCE
202,2026-03-03,R_EXIT_RECOVERY,012330,0.10687687952730672,0.0,-0.10687687952730672,-0.10687687952730672,1.0,STABILIZED_WILSON_LOWER,463052.3125,TRAILING_STOP
203,2026-03-03,R_EXIT_RECOVERY,278470,0.1431151545568882,0.0,-0.1431151545568882,-0.1431151545568882,1.0,STABILIZED_WILSON_LOWER,284190.375,TRAILING_STOP
204,2026-03-03,B_EQUAL,000880,0.11479860713760563,0.0,-0.11479860713760563,-0.11479860713760563,1.0,STABILIZED_WILSON_LOWER,137133.640625,REBALANCE
205,2026-03-03,B_EQUAL,004020,0.0,0.15,0.15,0.15,1.0,STABILIZED_WILSON_LOWER,40808.570313,ENTRY
206,2026-03-03,B_EQUAL,012330,0.10456413330492231,0.0,-0.10456413330492231,-0.10456413330492231,1.0,STABILIZED_WILSON_LOWER,463052.3125,TRAILING_STOP
207,2026-03-03,C_CAP10,000880,0.11099096365735311,0.0,-0.11099096365735311,-0.11099096365735311,1.0,STABILIZED_WILSON_LOWER,137133.640625,REBALANCE
208,2026-03-03,C_CAP10,011200,0.11306351674380304,0.1,-0.01306351674380303,-0.01306351674380303,1.0,STABILIZED_WILSON_LOWER,24500.0,REBALANCE
209,2026-03-03,C_CAP10,012330,0.09802563311344817,0.0,-0.09802563311344817,-0.09802563311344817,1.0,STABILIZED_WILSON_LOWER,463052.3125,TRAILING_STOP
210,2026-03-03,C_CAP10,086280,0.10073918088570924,0.0,-0.10073918088570924,-0.10073918088570924,1.0,STABILIZED_WILSON_LOWER,252998.5,TRAILING_STOP
211,2026-03-03,C_CAP10,161390,0.09433924137213191,0.0,-0.09433924137213191,-0.09433924137213191,1.0,STABILIZED_WILSON_LOWER,65072.410156,TRAILING_STOP
212,2026-03-03,C_CAP08,000880,0.0808527089137819,0.0,-0.0808527089137819,-0.0808527089137819,1.0,STABILIZED_WILSON_LOWER,137133.640625,REBALANCE
213,2026-03-03,C_CAP08,078930,0.08116053012593831,0.0,-0.08116053012593831,-0.08116053012593831,1.0,STABILIZED_WILSON_LOWER,70500.0,REBALANCE
214,2026-03-03,C_CAP08,086280,0.07961337037738173,0.0,-0.07961337037738173,-0.07961337037738173,1.0,STABILIZED_WILSON_LOWER,252998.5,TRAILING_STOP
215,2026-03-03,C_CAP08,161390,0.07000886638658298,0.0,-0.07000886638658298,-0.07000886638658298,1.0,STABILIZED_WILSON_LOWER,65072.410156,TRAILING_STOP
216,2026-03-03,C_CAP08,278470,0.07436554272338845,0.0,-0.07436554272338845,-0.07436554272338845,1.0,STABILIZED_WILSON_LOWER,284190.375,TRAILING_STOP
217,2026-03-03,D_BAND20,011200,0.05937845391041739,0.15,0.0906215460895826,0.0906215460895826,1.0,STABILIZED_WILSON_LOWER,24500.0,REBALANCE
218,2026-03-03,D_BAND20,034730,0.0,0.15,0.15,0.15,1.0,STABILIZED_WILSON_LOWER,371898.3125,ENTRY
219,2026-03-03,D_BAND20,078930,0.14471492977171024,0.0,-0.14471492977171024,-0.14471492977171024,1.0,STABILIZED_WILSON_LOWER,70500.0,REBALANCE
220,2026-03-03,D_BAND20,086280,0.08951929214407889,0.0,-0.08951929214407889,-0.08951929214407889,1.0,STABILIZED_WILSON_LOWER,252998.5,TRAILING_STOP
221,2026-03-03,D_BAND20,161390,0.10112722448104527,0.0,-0.10112722448104527,-0.10112722448104527,1.0,STABILIZED_WILSON_LOWER,65072.410156,TRAILING_STOP
222,2026-03-03,E_VOL_RISK,011200,0.11553021523565839,0.0,-0.11553021523565839,-0.11553021523565839,1.0,STABILIZED_WILSON_LOWER,24500.0,REBALANCE
223,2026-03-03,E_VOL_RISK,012330,0.09929061817145701,0.0,-0.09929061817145701,-0.09929061817145701,1.0,STABILIZED_WILSON_LOWER,463052.3125,TRAILING_STOP
224,2026-03-03,E_VOL_RISK,278470,0.09735559783537083,0.0,-0.09735559783537083,-0.09735559783537083,1.0,STABILIZED_WILSON_LOWER,284190.375,TRAILING_STOP
225,2026-03-04,A0_LEGACY,000880,0.19592401470274032,0.0,-0.19592401470274032,-0.19592401470274032,1.0,STABILIZED_WILSON_LOWER,112182.242188,REBALANCE
226,2026-03-04,X_CAP15_ONLY,011200,0.06724989345950592,0.10508384970028685,0.037833956240780925,0.037833956240780925,1.0,STABILIZED_WILSON_LOWER,20500.0,REBALANCE
227,2026-03-04,X_CAP15_ONLY,034730,0.06021753299522124,0.09199559954285005,0.03177806654762881,0.03177806654762881,1.0,STABILIZED_WILSON_LOWER,323389.84375,REBALANCE
228,2026-03-04,A_CURRENT,004020,0.13337535945562332,0.0,-0.13337535945562332,-0.13337535945562332,1.0,STABILIZED_WILSON_LOWER,33267.855469,HARD_STOP
229,2026-03-04,A_CURRENT,034730,0.0,0.15,0.15,0.15,1.0,STABILIZED_WILSON_LOWER,323389.84375,ENTRY
230,2026-03-04,A_CURRENT,086280,0.0,0.15,0.15,0.15,1.0,STABILIZED_WILSON_LOWER,226187.484375,ENTRY
231,2026-03-04,A_CURRENT,096770,0.09361864217484384,0.0,-0.09361864217484384,-0.09361864217484384,1.0,STABILIZED_WILSON_LOWER,109000.0,HARD_STOP
232,2026-03-04,A_CURRENT,161390,0.13571874448847376,0.0,-0.13571874448847376,-0.13571874448847376,1.0,STABILIZED_WILSON_LOWER,56694.824219,TRAILING_STOP
233,2026-03-04,X_COOLDOWN5,012330,0.09029796264501115,0.0,-0.09029796264501115,-0.09029796264501115,1.0,STABILIZED_WILSON_LOWER,394360.46875,HARD_STOP
234,2026-03-04,X_COOLDOWN5,034730,0.14413837402099267,0.0,-0.14413837402099267,-0.14413837402099267,1.0,STABILIZED_WILSON_LOWER,323389.84375,HARD_STOP
235,2026-03-04,X_COOLDOWN5,078930,0.15081493241034488,0.0,-0.15081493241034488,-0.15081493241034488,1.0,STABILIZED_WILSON_LOWER,61400.0,TRAILING_STOP
236,2026-03-04,X_COOLDOWN5,096770,0.09450451750839198,0.0,-0.09450451750839198,-0.09450451750839198,1.0,STABILIZED_WILSON_LOWER,109000.0,HARD_STOP
237,2026-03-04,R_EXIT_RECOVERY,011200,0.1353611131852033,0.0,-0.1353611131852033,-0.1353611131852033,1.0,STABILIZED_WILSON_LOWER,20500.0,TRAILING_STOP
238,2026-03-04,R_EXIT_RECOVERY,086280,0.08701130748497735,0.0,-0.08701130748497735,-0.08701130748497735,1.0,STABILIZED_WILSON_LOWER,226187.484375,TRAILING_STOP
239,2026-03-04,R_EXIT_RECOVERY,096770,0.13791956179540749,0.0,-0.13791956179540749,-0.13791956179540749,1.0,STABILIZED_WILSON_LOWER,109000.0,TRAILING_STOP
240,2026-03-04,R_EXIT_RECOVERY,161390,0.09508735683115185,0.0,-0.09508735683115185,-0.09508735683115185,1.0,STABILIZED_WILSON_LOWER,56694.824219,TRAILING_STOP
241,2026-03-04,R_TREND_REARM,011200,0.05356882797416368,0.0,-0.05356882797416368,-0.05356882797416368,1.0,STABILIZED_WILSON_LOWER,20500.0,TRAILING_STOP
242,2026-03-04,R_TREND_REARM,096770,0.13802246374256663,0.0,-0.13802246374256663,-0.13802246374256663,1.0,STABILIZED_WILSON_LOWER,109000.0,TRAILING_STOP
243,2026-03-04,B_EQUAL,004020,0.13758500245397956,0.0,-0.13758500245397956,-0.13758500245397956,1.0,STABILIZED_WILSON_LOWER,33267.855469,HARD_STOP
244,2026-03-04,B_EQUAL,011200,0.11410255374452358,0.0,-0.11410255374452358,-0.11410255374452358,1.0,STABILIZED_WILSON_LOWER,20500.0,TRAILING_STOP
245,2026-03-04,B_EQUAL,086280,0.10833396095099207,0.0,-0.10833396095099207,-0.10833396095099207,1.0,STABILIZED_WILSON_LOWER,226187.484375,TRAILING_STOP
246,2026-03-04,B_EQUAL,278470,0.11256493593194078,0.0,-0.11256493593194078,-0.11256493593194078,1.0,STABILIZED_WILSON_LOWER,265775.21875,TRAILING_STOP
247,2026-03-04,C_CAP10,004020,0.0,0.1,0.1,0.1,1.0,STABILIZED_WILSON_LOWER,33267.855469,ENTRY
248,2026-03-04,C_CAP10,011200,0.08841988287522655,0.0,-0.08841988287522655,-0.08841988287522655,1.0,STABILIZED_WILSON_LOWER,20500.0,TRAILING_STOP
249,2026-03-04,C_CAP10,034730,0.08930227395721341,0.0,-0.08930227395721341,-0.08930227395721341,1.0,STABILIZED_WILSON_LOWER,323389.84375,HARD_STOP
250,2026-03-04,C_CAP10,096770,0.09488241698749707,0.0,-0.09488241698749707,-0.09488241698749707,1.0,STABILIZED_WILSON_LOWER,109000.0,TRAILING_STOP
251,2026-03-04,C_CAP08,004020,0.0,0.08,0.08,0.08,1.0,STABILIZED_WILSON_LOWER,33267.855469,ENTRY
252,2026-03-04,C_CAP08,011200,0.08296592889254442,0.0,-0.08296592889254442,-0.08296592889254442,1.0,STABILIZED_WILSON_LOWER,20500.0,TRAILING_STOP
253,2026-03-04,C_CAP08,034730,0.07043680918502113,0.0,-0.07043680918502113,-0.07043680918502113,1.0,STABILIZED_WILSON_LOWER,323389.84375,HARD_STOP
254,2026-03-04,C_CAP08,086280,0.0,0.08,0.08,0.08,1.0,STABILIZED_WILSON_LOWER,226187.484375,ENTRY
255,2026-03-04,C_CAP08,096770,0.06689835003626556,0.0,-0.06689835003626556,-0.06689835003626556,1.0,STABILIZED_WILSON_LOWER,109000.0,HARD_STOP
256,2026-03-04,D_BAND20,011200,0.13750474626586315,0.0,-0.13750474626586315,-0.13750474626586315,1.0,STABILIZED_WILSON_LOWER,20500.0,TRAILING_STOP
257,2026-03-04,D_BAND20,278470,0.14339055055125075,0.0,-0.14339055055125075,-0.14339055055125075,1.0,STABILIZED_WILSON_LOWER,265775.21875,TRAILING_STOP
258,2026-03-04,E_VOL_RISK,004020,0.0,0.1,0.1,0.1,1.0,STABILIZED_WILSON_LOWER,33267.855469,ENTRY
259,2026-03-04,E_VOL_RISK,034730,0.0,0.1,0.1,0.1,1.0,STABILIZED_WILSON_LOWER,323389.84375,ENTRY
260,2026-03-04,E_VOL_RISK,086280,0.0908795460443369,0.0,-0.0908795460443369,-0.0908795460443369,1.0,STABILIZED_WILSON_LOWER,226187.484375,TRAILING_STOP
261,2026-03-04,E_VOL_RISK,096770,0.09331057859780349,0.0,-0.09331057859780349,-0.09331057859780349,1.0,STABILIZED_WILSON_LOWER,109000.0,HARD_STOP
262,2026-03-04,E_VOL_RISK,161390,0.09031182447397297,0.0,-0.09031182447397297,-0.09031182447397297,1.0,STABILIZED_WILSON_LOWER,56694.824219,TRAILING_STOP
263,2026-03-05,A0_LEGACY,096770,0.12885956212383867,0.11683853665717386,-0.012021025466664809,-0.012021025466664809,1.0,STABILIZED_WILSON_LOWER,126500.0,REBALANCE
264,2026-03-05,X_CAP15_ONLY,011200,0.10440143810707715,0.07389414639746762,-0.03050729170960953,-0.03050729170960953,1.0,STABILIZED_WILSON_LOWER,21250.0,REBALANCE
265,2026-03-05,A_CURRENT,004020,0.0,0.15,0.15,0.15,1.0,STABILIZED_WILSON_LOWER,35288.570313,ENTRY
266,2026-03-05,A_CURRENT,011200,0.0550299900963792,0.0,-0.0550299900963792,-0.0550299900963792,1.0,STABILIZED_WILSON_LOWER,21250.0,TRAILING_STOP
267,2026-03-05,A_CURRENT,012330,0.0,0.15,0.15,0.15,1.0,STABILIZED_WILSON_LOWER,426976.75,ENTRY
268,2026-03-05,A_CURRENT,278470,0.16129584406082093,0.0,-0.16129584406082093,-0.16129584406082093,1.0,STABILIZED_WILSON_LOWER,281701.84375,TRAILING_STOP
269,2026-03-05,R_TREND_REARM,034730,0.0,0.15,0.15,0.15,1.0,STABILIZED_WILSON_LOWER,352298.9375,ENTRY
270,2026-03-05,R_TREND_REARM,161390,0.09825161127978295,0.0,-0.09825161127978295,-0.09825161127978295,1.0,STABILIZED_WILSON_LOWER,60104.308594,TRAILING_STOP
271,2026-03-05,R_TREND_REARM,278470,0.15271963559059,0.0,-0.15271963559059,-0.15271963559059,1.0,STABILIZED_WILSON_LOWER,281701.84375,TRAILING_STOP
272,2026-03-05,B_EQUAL,004020,0.0,0.15,0.15,0.15,1.0,STABILIZED_WILSON_LOWER,35288.570313,ENTRY
273,2026-03-05,B_EQUAL,012330,0.0,0.15,0.15,0.15,1.0,STABILIZED_WILSON_LOWER,426976.75,ENTRY
274,2026-03-05,B_EQUAL,034730,0.11317483340971375,0.0,-0.11317483340971375,-0.11317483340971375,1.0,STABILIZED_WILSON_LOWER,352298.9375,HARD_STOP
275,2026-03-05,B_EQUAL,086280,0.0,0.15,0.15,0.15,1.0,STABILIZED_WILSON_LOWER,240324.1875,ENTRY
276,2026-03-05,C_CAP10,011200,0.0,0.1,0.1,0.1,1.0,STABILIZED_WILSON_LOWER,21250.0,ENTRY
277,2026-03-05,C_CAP10,012330,0.0,0.1,0.1,0.1,1.0,STABILIZED_WILSON_LOWER,426976.75,ENTRY
278,2026-03-05,C_CAP10,278470,0.1060066559178976,0.0,-0.1060066559178976,-0.1060066559178976,1.0,STABILIZED_WILSON_LOWER,281701.84375,TRAILING_STOP
279,2026-03-05,C_CAP08,012330,0.06984264175225667,0.0,-0.06984264175225667,-0.06984264175225667,1.0,STABILIZED_WILSON_LOWER,426976.75,TRAILING_STOP
280,2026-03-05,C_CAP08,034730,0.0,0.08,0.08,0.08,1.0,STABILIZED_WILSON_LOWER,352298.9375,ENTRY
281,2026-03-05,D_BAND20,004020,0.0,0.15,0.15,0.15,1.0,STABILIZED_WILSON_LOWER,35288.570313,ENTRY
282,2026-03-05,D_BAND20,012330,0.10571033107427262,0.0,-0.10571033107427262,-0.10571033107427262,1.0,STABILIZED_WILSON_LOWER,426976.75,TRAILING_STOP
283,2026-03-05,D_BAND20,096770,0.10991581192240081,0.0,-0.10991581192240081,-0.10991581192240081,1.0,STABILIZED_WILSON_LOWER,126500.0,TRAILING_STOP
284,2026-03-05,D_BAND20,278470,0.0,0.15,0.15,0.15,1.0,STABILIZED_WILSON_LOWER,281701.84375,ENTRY
285,2026-03-06,A0_LEGACY,004020,0.0,0.0655137339193552,0.0655137339193552,0.0655137339193552,1.0,STABILIZED_WILSON_LOWER,39182.140625,ENTRY
286,2026-03-06,X_CAP15_ONLY,034730,0.09420730419788838,0.06469059060865003,-0.029516713589238353,-0.029516713589238353,1.0,STABILIZED_WILSON_LOWER,351318.96875,REBALANCE
287,2026-03-06,X_CAP15_ONLY,096770,0.0,0.14428006757310852,0.14428006757310852,0.14428006757310852,1.0,STABILIZED_WILSON_LOWER,124900.0,ENTRY
288,2026-03-06,A_CURRENT,034730,0.15471506223974324,0.09199559954285005,-0.06271946269689319,-0.06271946269689319,1.0,STABILIZED_WILSON_LOWER,351318.96875,REBALANCE
289,2026-03-06,A_CURRENT,096770,0.0,0.15,0.15,0.15,1.0,STABILIZED_WILSON_LOWER,124900.0,ENTRY
290,2026-03-06,R_TREND_REARM,012330,0.10629767354211893,0.0,-0.10629767354211893,-0.10629767354211893,1.0,STABILIZED_WILSON_LOWER,438837.21875,TRAILING_STOP
291,2026-03-06,B_EQUAL,096770,0.11090439052589844,0.0,-0.11090439052589844,-0.11090439052589844,1.0,STABILIZED_WILSON_LOWER,124900.0,TRAILING_STOP
292,2026-03-06,B_EQUAL,161390,0.09650613380622211,0.0,-0.09650613380622211,-0.09650613380622211,1.0,STABILIZED_WILSON_LOWER,57766.378906,TRAILING_STOP
293,2026-03-06,C_CAP10,034730,0.0,0.1,0.1,0.1,1.0,STABILIZED_WILSON_LOWER,351318.96875,ENTRY
294,2026-03-06,C_CAP10,278470,0.0,0.1,0.1,0.1,1.0,STABILIZED_WILSON_LOWER,304596.3125,ENTRY
295,2026-03-06,D_BAND20,004020,0.16196292478815716,0.11504785302784105,-0.046915071760316104,-0.046915071760316104,1.0,STABILIZED_WILSON_LOWER,39182.140625,REBALANCE
296,2026-03-06,D_BAND20,086280,0.0,0.13787269772902203,0.13787269772902203,0.13787269772902203,1.0,STABILIZED_WILSON_LOWER,237399.359375,ENTRY
297,2026-03-06,D_BAND20,096770,0.0,0.15,0.15,0.15,1.0,STABILIZED_WILSON_LOWER,124900.0,ENTRY
298,2026-03-09,A0_LEGACY,011200,0.045633809356466465,0.05983975526097046,0.014205945904503997,0.014205945904503997,1.0,STABILIZED_WILSON_LOWER,20650.0,REBALANCE
299,2026-03-09,A0_LEGACY,278470,0.23446202157142584,0.2877800934816319,0.05331807191020607,0.05331807191020607,1.0,STABILIZED_WILSON_LOWER,295139.90625,REBALANCE
300,2026-03-09,X_COOLDOWN5,011200,0.08034779058774894,0.0,-0.08034779058774894,-0.08034779058774894,1.0,STABILIZED_WILSON_LOWER,20650.0,TRAILING_STOP
301,2026-03-09,R_EXIT_RECOVERY,278470,0.0,0.15,0.15,0.15,1.0,STABILIZED_WILSON_LOWER,295139.90625,CONFIRMED_REENTRY
302,2026-03-09,B_EQUAL,012330,0.14505214203065417,0.12857142857142856,-0.01648071345922561,-0.01648071345922561,1.0,STABILIZED_WILSON_LOWER,404244.1875,REBALANCE
303,2026-03-09,B_EQUAL,096770,0.0,0.12857142857142856,0.12857142857142856,0.12857142857142856,1.0,STABILIZED_WILSON_LOWER,118200.0,ENTRY
304,2026-03-09,B_EQUAL,278470,0.0,0.12857142857142856,0.12857142857142856,0.12857142857142856,1.0,STABILIZED_WILSON_LOWER,295139.90625,ENTRY
305,2026-03-09,C_CAP10,096770,0.0,0.1,0.1,0.1,1.0,STABILIZED_WILSON_LOWER,118200.0,ENTRY
306,2026-03-09,C_CAP08,096770,0.0,0.08,0.08,0.08,1.0,STABILIZED_WILSON_LOWER,118200.0,ENTRY
307,2026-03-09,E_VOL_RISK,034730,0.09880473310178017,0.0,-0.09880473310178017,-0.09880473310178017,1.0,STABILIZED_WILSON_LOWER,322409.875,TRAILING_STOP
308,2026-03-10,A0_LEGACY,161390,0.07742389715787548,0.12633766946727867,0.04891377230940319,0.04891377230940319,1.0,STABILIZED_WILSON_LOWER,57571.550781,REBALANCE
309,2026-03-10,X_CAP15_ONLY,161390,0.0995864498118584,0.15,0.0504135501881416,0.0504135501881416,1.0,STABILIZED_WILSON_LOWER,57571.550781,REBALANCE
310,2026-03-10,A_CURRENT,011200,0.0,0.10508384970028685,0.10508384970028685,0.10508384970028685,1.0,STABILIZED_WILSON_LOWER,20900.0,ENTRY
311,2026-03-10,R_EXIT_RECOVERY,034730,0.0,0.15,0.15,0.15,1.0,STABILIZED_WILSON_LOWER,343969.1875,ENTRY
312,2026-03-10,R_TREND_REARM,004020,0.0,0.15,0.15,0.15,1.0,STABILIZED_WILSON_LOWER,36175.714844,ENTRY
313,2026-03-10,B_EQUAL,004020,0.15513307233001072,0.12857142857142856,-0.026561643758582165,-0.026561643758582165,1.0,STABILIZED_WILSON_LOWER,36175.714844,REBALANCE
314,2026-03-10,B_EQUAL,034730,0.0,0.12857142857142856,0.12857142857142856,0.12857142857142856,1.0,STABILIZED_WILSON_LOWER,343969.1875,ENTRY
315,2026-03-10,C_CAP08,012330,0.0,0.08,0.08,0.08,1.0,STABILIZED_WILSON_LOWER,418081.40625,ENTRY
316,2026-03-10,D_BAND20,034730,0.14626222771986014,0.09199559954285005,-0.054266628177010084,-0.054266628177010084,1.0,STABILIZED_WILSON_LOWER,343969.1875,REBALANCE
317,2026-03-10,E_VOL_RISK,011200,0.0,0.1,0.1,0.1,1.0,STABILIZED_WILSON_LOWER,20900.0,ENTRY
318,2026-03-11,A0_LEGACY,086280,0.07052180050876489,0.07851128896405395,0.00798948845528906,0.00798948845528906,1.0,STABILIZED_WILSON_LOWER,230574.734375,REBALANCE
319,2026-03-11,X_CAP15_ONLY,012330,0.10104594391110022,0.13928342982729494,0.03823748591619472,0.03823748591619472,1.0,STABILIZED_WILSON_LOWER,418081.40625,REBALANCE
320,2026-03-11,A_CURRENT,004020,0.15812073225215595,0.11504785302784105,-0.043072879224314894,-0.043072879224314894,1.0,STABILIZED_WILSON_LOWER,36865.714844,REBALANCE
321,2026-03-11,X_COOLDOWN5,086280,0.0,0.15,0.15,0.15,1.0,STABILIZED_WILSON_LOWER,230574.734375,ENTRY
322,2026-03-11,R_TREND_REARM,278470,0.0,0.15,0.15,0.15,1.0,STABILIZED_WILSON_LOWER,317536.6875,CONFIRMED_REENTRY
323,2026-03-11,B_EQUAL,086280,0.14318972295019983,0.12857142857142856,-0.014618294378771268,-0.014618294378771268,1.0,STABILIZED_WILSON_LOWER,230574.734375,REBALANCE
324,2026-03-11,D_BAND20,011200,0.0,0.10508384970028685,0.10508384970028685,0.10508384970028685,1.0,STABILIZED_WILSON_LOWER,21000.0,ENTRY
325,2026-03-11,D_BAND20,012330,0.0,0.15,0.15,0.15,1.0,STABILIZED_WILSON_LOWER,418081.40625,ENTRY
326,2026-03-11,E_VOL_RISK,012330,0.0,0.1,0.1,0.1,1.0,STABILIZED_WILSON_LOWER,418081.40625,ENTRY
327,2026-03-12,X_CAP15_ONLY,004020,0.0713828923674109,0.08090075609716092,0.009517863729750026,0.009517863729750026,1.0,STABILIZED_WILSON_LOWER,37309.285156,REBALANCE
328,2026-03-12,X_CAP15_ONLY,278470,0.1669853971266428,0.15,-0.016985397126642793,-0.016985397126642793,1.0,STABILIZED_WILSON_LOWER,321020.625,REBALANCE
329,2026-03-12,X_COOLDOWN5,096770,0.0,0.15,0.15,0.15,1.0,STABILIZED_WILSON_LOWER,121700.0,ENTRY
330,2026-03-12,X_COOLDOWN5,278470,0.17858194237473884,0.0,-0.17858194237473884,-0.17858194237473884,1.0,STABILIZED_WILSON_LOWER,321020.625,REBALANCE
331,2026-03-12,R_TREND_REARM,086280,0.06502417207623273,0.0,-0.06502417207623273,-0.06502417207623273,1.0,STABILIZED_WILSON_LOWER,225212.53125,TRAILING_STOP
332,2026-03-12,C_CAP08,004020,0.08880981732015351,0.08,-0.008809817320153512,-0.008809817320153512,1.0,STABILIZED_WILSON_LOWER,37309.285156,REBALANCE
333,2026-03-12,D_BAND20,004020,0.11116695597694175,0.15,0.03883304402305825,0.03883304402305825,1.0,STABILIZED_WILSON_LOWER,37309.285156,REBALANCE
334,2026-03-12,D_BAND20,011200,0.10868083831309312,0.15,0.04131916168690687,0.04131916168690687,1.0,STABILIZED_WILSON_LOWER,21650.0,REBALANCE
335,2026-03-12,E_VOL_RISK,004020,0.11066170395204573,0.0,-0.11066170395204573,-0.11066170395204573,1.0,STABILIZED_WILSON_LOWER,37309.285156,REBALANCE
336,2026-03-12,E_VOL_RISK,096770,0.0,0.1,0.1,0.1,1.0,STABILIZED_WILSON_LOWER,121700.0,ENTRY
337,2026-03-13,A0_LEGACY,096770,0.10322677316494193,0.11683853665717386,0.013611763492231935,0.013611763492231935,1.0,STABILIZED_WILSON_LOWER,112600.0,REBALANCE
338,2026-03-13,A_CURRENT,011200,0.10863678087683033,0.15,0.04136321912316966,0.04136321912316966,1.0,STABILIZED_WILSON_LOWER,21050.0,REBALANCE
339,2026-03-13,A_CURRENT,012330,0.14625312868592827,0.0,-0.14625312868592827,-0.14625312868592827,1.0,STABILIZED_WILSON_LOWER,399302.3125,TRAILING_STOP
340,2026-03-13,A_CURRENT,278470,0.0,0.15,0.15,0.15,1.0,STABILIZED_WILSON_LOWER,340928.90625,ENTRY
341,2026-03-13,B_EQUAL,004020,0.13074199605918949,0.15,0.01925800394081051,0.01925800394081051,1.0,STABILIZED_WILSON_LOWER,36471.425781,REBALANCE
342,2026-03-13,B_EQUAL,011200,0.0,0.15,0.15,0.15,1.0,STABILIZED_WILSON_LOWER,21050.0,ENTRY
343,2026-03-13,B_EQUAL,034730,0.1222926568988444,0.15,0.027707343101155593,0.027707343101155593,1.0,STABILIZED_WILSON_LOWER,324369.8125,REBALANCE
344,2026-03-13,C_CAP10,012330,0.09391798448780377,0.0,-0.09391798448780377,-0.09391798448780377,1.0,STABILIZED_WILSON_LOWER,399302.3125,TRAILING_STOP
345,2026-03-13,C_CAP10,278470,0.11396535325799892,0.1,-0.013965353257998914,-0.013965353257998914,1.0,STABILIZED_WILSON_LOWER,340928.90625,REBALANCE
346,2026-03-13,C_CAP08,086280,0.07717949080295727,0.0,-0.07717949080295727,-0.07717949080295727,1.0,STABILIZED_WILSON_LOWER,217412.96875,TRAILING_STOP
347,2026-03-13,D_BAND20,034730,0.08735124266340509,0.0,-0.08735124266340509,-0.08735124266340509,1.0,STABILIZED_WILSON_LOWER,324369.8125,HARD_STOP
348,2026-03-13,D_BAND20,278470,0.18238809261307373,0.15,-0.03238809261307374,-0.03238809261307374,1.0,STABILIZED_WILSON_LOWER,340928.90625,REBALANCE
349,2026-03-16,A_CURRENT,004020,0.11324576204806175,0.0,-0.11324576204806175,-0.11324576204806175,1.0,STABILIZED_WILSON_LOWER,34401.425781,TRAILING_STOP
350,2026-03-16,A_CURRENT,086280,0.14572408203867357,0.0,-0.14572408203867357,-0.14572408203867357,1.0,STABILIZED_WILSON_LOWER,213513.171875,TRAILING_STOP
351,2026-03-16,X_COOLDOWN5,004020,0.0,0.15,0.15,0.15,1.0,STABILIZED_WILSON_LOWER,34401.425781,ENTRY
352,2026-03-16,X_COOLDOWN5,034730,0.0,0.15,0.15,0.15,1.0,STABILIZED_WILSON_LOWER,323879.8125,ENTRY
353,2026-03-16,X_COOLDOWN5,096770,0.13787471882718141,0.0,-0.13787471882718141,-0.13787471882718141,1.0,STABILIZED_WILSON_LOWER,109300.0,HARD_STOP
354,2026-03-16,B_EQUAL,004020,0.1447047860536272,0.0,-0.1447047860536272,-0.1447047860536272,1.0,STABILIZED_WILSON_LOWER,34401.425781,TRAILING_STOP
355,2026-03-16,B_EQUAL,034730,0.1531802041504283,0.0,-0.1531802041504283,-0.1531802041504283,1.0,STABILIZED_WILSON_LOWER,323879.8125,TRAILING_STOP
356,2026-03-16,B_EQUAL,086280,0.12453290041900286,0.0,-0.12453290041900286,-0.12453290041900286,1.0,STABILIZED_WILSON_LOWER,213513.171875,HARD_STOP
357,2026-03-16,B_EQUAL,096770,0.12113980157922057,0.0,-0.12113980157922057,-0.12113980157922057,1.0,STABILIZED_WILSON_LOWER,109300.0,TRAILING_STOP
358,2026-03-16,C_CAP10,004020,0.10402170716184421,0.0,-0.10402170716184421,-0.10402170716184421,1.0,STABILIZED_WILSON_LOWER,34401.425781,TRAILING_STOP
359,2026-03-16,C_CAP08,004020,0.07535455107751579,0.0,-0.07535455107751579,-0.07535455107751579,1.0,STABILIZED_WILSON_LOWER,34401.425781,TRAILING_STOP
360,2026-03-16,C_CAP08,096770,0.07511155156414029,0.0,-0.07511155156414029,-0.07511155156414029,1.0,STABILIZED_WILSON_LOWER,109300.0,TRAILING_STOP
361,2026-03-16,D_BAND20,004020,0.14410311946549154,0.0,-0.14410311946549154,-0.14410311946549154,1.0,STABILIZED_WILSON_LOWER,34401.425781,TRAILING_STOP
362,2026-03-16,E_VOL_RISK,278470,0.0,0.1,0.1,0.1,1.0,STABILIZED_WILSON_LOWER,326993.125,ENTRY
363,2026-03-17,A_CURRENT,004020,0.0,0.15,0.15,0.15,1.0,STABILIZED_WILSON_LOWER,35042.140625,ENTRY
364,2026-03-17,A_CURRENT,034730,0.09334585829401928,0.15,0.05665414170598071,0.05665414170598071,1.0,STABILIZED_WILSON_LOWER,333189.53125,REBALANCE
365,2026-03-17,A_CURRENT,096770,0.14249466931338672,0.0,-0.14249466931338672,-0.14249466931338672,1.0,STABILIZED_WILSON_LOWER,110900.0,HARD_STOP
366,2026-03-17,X_COOLDOWN5,011200,0.0,0.15,0.15,0.15,1.0,STABILIZED_WILSON_LOWER,20850.0,ENTRY
367,2026-03-17,R_EXIT_RECOVERY,278470,0.17278500267189703,0.15,-0.022785002671897037,-0.022785002671897037,1.0,STABILIZED_WILSON_LOWER,347399.0625,REBALANCE
368,2026-03-17,E_VOL_RISK,096770,0.09176981541001913,0.0,-0.09176981541001913,-0.09176981541001913,1.0,STABILIZED_WILSON_LOWER,110900.0,HARD_STOP
369,2026-03-18,A0_LEGACY,278470,0.327394284297541,0.2877800934816319,-0.03961419081590911,-0.03961419081590911,1.0,STABILIZED_WILSON_LOWER,360339.4375,REBALANCE
370,2026-03-18,X_CAP15_ONLY,086280,0.06519510149272695,0.09695100949631792,0.031755908003590974,0.031755908003590974,1.0,STABILIZED_WILSON_LOWER,230574.734375,REBALANCE
371,2026-03-18,X_CAP15_ONLY,278470,0.16556756307541395,0.15,-0.01556756307541396,-0.01556756307541396,1.0,STABILIZED_WILSON_LOWER,360339.4375,REBALANCE
372,2026-03-18,A_CURRENT,004020,0.15405799566274153,0.11504785302784105,-0.03901014263490048,-0.03901014263490048,1.0,STABILIZED_WILSON_LOWER,36717.855469,REBALANCE
373,2026-03-18,A_CURRENT,011200,0.14850142723142,0.10508384970028685,-0.043417577531133164,-0.043417577531133164,1.0,STABILIZED_WILSON_LOWER,21100.0,REBALANCE
374,2026-03-18,A_CURRENT,012330,0.0,0.15,0.15,0.15,1.0,STABILIZED_WILSON_LOWER,425000.0,ENTRY
375,2026-03-18,A_CURRENT,034730,0.15243257288997974,0.09199559954285005,-0.06043697334712969,-0.06043697334712969,1.0,STABILIZED_WILSON_LOWER,345439.15625,REBALANCE
376,2026-03-18,A_CURRENT,096770,0.0,0.15,0.15,0.15,1.0,STABILIZED_WILSON_LOWER,114300.0,ENTRY
377,2026-03-18,X_COOLDOWN5,012330,0.0,0.15,0.15,0.15,1.0,STABILIZED_WILSON_LOWER,425000.0,ENTRY
378,2026-03-18,R_TREND_REARM,278470,0.1676770582147674,0.15,-0.017677058214767394,-0.017677058214767394,1.0,STABILIZED_WILSON_LOWER,360339.4375,REBALANCE
379,2026-03-18,B_EQUAL,034730,0.0,0.12857142857142856,0.12857142857142856,0.12857142857142856,1.0,STABILIZED_WILSON_LOWER,345439.15625,ENTRY
380,2026-03-18,B_EQUAL,096770,0.0,0.12857142857142856,0.12857142857142856,0.12857142857142856,1.0,STABILIZED_WILSON_LOWER,114300.0,ENTRY
381,2026-03-18,C_CAP08,004020,0.0,0.08,0.08,0.08,1.0,STABILIZED_WILSON_LOWER,36717.855469,ENTRY
382,2026-03-18,D_BAND20,004020,0.0,0.11504785302784105,0.11504785302784105,0.11504785302784105,1.0,STABILIZED_WILSON_LOWER,36717.855469,ENTRY
383,2026-03-18,D_BAND20,034730,0.0,0.09199559954285005,0.09199559954285005,0.09199559954285005,1.0,STABILIZED_WILSON_LOWER,345439.15625,ENTRY
384,2026-03-18,E_VOL_RISK,086280,0.0,0.1,0.1,0.1,1.0,STABILIZED_WILSON_LOWER,230574.734375,ENTRY
385,2026-03-19,X_CAP15_ONLY,096770,0.12936198667282317,0.14428006757310852,0.014918080900285347,0.014918080900285347,1.0,STABILIZED_WILSON_LOWER,110300.0,REBALANCE
386,2026-03-19,A_CURRENT,004020,0.11226441572560797,0.15,0.037735584274392026,0.037735584274392026,1.0,STABILIZED_WILSON_LOWER,35337.855469,REBALANCE
387,2026-03-19,B_EQUAL,004020,0.0,0.15,0.15,0.15,1.0,STABILIZED_WILSON_LOWER,35337.855469,ENTRY
388,2026-03-19,B_EQUAL,012330,0.13179564019569037,0.15,0.018204359804309622,0.018204359804309622,1.0,STABILIZED_WILSON_LOWER,413000.0,REBALANCE
389,2026-03-19,B_EQUAL,096770,0.12525236340508789,0.15,0.02474763659491211,0.02474763659491211,1.0,STABILIZED_WILSON_LOWER,110300.0,REBALANCE
390,2026-03-19,C_CAP10,096770,0.0919047097732774,0.0,-0.0919047097732774,-0.0919047097732774,1.0,STABILIZED_WILSON_LOWER,110300.0,TRAILING_STOP
391,2026-03-19,C_CAP08,011200,0.0,0.08,0.08,0.08,1.0,STABILIZED_WILSON_LOWER,20850.0,ENTRY
392,2026-03-19,D_BAND20,004020,0.11268039908345691,0.15,0.037319600916543086,0.037319600916543086,1.0,STABILIZED_WILSON_LOWER,35337.855469,REBALANCE
393,2026-03-19,D_BAND20,096770,0.1365648190581799,0.0,-0.1365648190581799,-0.1365648190581799,1.0,STABILIZED_WILSON_LOWER,110300.0,HARD_STOP
394,2026-03-19,E_VOL_RISK,034730,0.0,0.1,0.1,0.1,1.0,STABILIZED_WILSON_LOWER,339069.34375,ENTRY
395,2026-03-20,A0_LEGACY,004020,0.06031544444131454,0.07621200903864599,0.015896564597331443,0.015896564597331443,1.0,STABILIZED_WILSON_LOWER,36915.0,REBALANCE
396,2026-03-20,A0_LEGACY,034730,0.050444630031556734,0.06094133249212981,0.010496702460573076,0.010496702460573076,1.0,STABILIZED_WILSON_LOWER,352788.90625,REBALANCE
397,2026-03-20,A0_LEGACY,161390,0.11740742998868155,0.0,-0.11740742998868155,-0.11740742998868155,1.0,STABILIZED_WILSON_LOWER,55915.515625,REBALANCE
398,2026-03-20,A_CURRENT,011200,0.10639159934783775,0.15,0.043608400652162246,0.043608400652162246,1.0,STABILIZED_WILSON_LOWER,21250.0,REBALANCE
399,2026-03-20,B_EQUAL,012330,0.14388555581853937,0.0,-0.14388555581853937,-0.14388555581853937,1.0,STABILIZED_WILSON_LOWER,400500.0,TRAILING_STOP
400,2026-03-20,C_CAP08,278470,0.0,0.08,0.08,0.08,1.0,STABILIZED_WILSON_LOWER,357850.90625,ENTRY
401,2026-03-20,D_BAND20,011200,0.14890382779451253,0.10508384970028685,-0.04381997809422568,-0.04381997809422568,1.0,STABILIZED_WILSON_LOWER,21250.0,REBALANCE
402,2026-03-23,X_CAP15_ONLY,086280,0.09548847411655292,0.13787269772902203,0.0423842236124691,0.0423842236124691,1.0,STABILIZED_WILSON_LOWER,210588.34375,REBALANCE
403,2026-03-23,A_CURRENT,012330,0.14436842841350944,0.0,-0.14436842841350944,-0.14436842841350944,1.0,STABILIZED_WILSON_LOWER,381000.0,HARD_STOP
404,2026-03-23,X_COOLDOWN5,012330,0.1429462076352032,0.0,-0.1429462076352032,-0.1429462076352032,1.0,STABILIZED_WILSON_LOWER,381000.0,HARD_STOP
405,2026-03-23,X_COOLDOWN5,034730,0.1536175137525842,0.0,-0.1536175137525842,-0.1536175137525842,1.0,STABILIZED_WILSON_LOWER,322409.875,TRAILING_STOP
406,2026-03-23,R_EXIT_RECOVERY,034730,0.14006115626129456,0.0,-0.14006115626129456,-0.14006115626129456,1.0,STABILIZED_WILSON_LOWER,322409.875,TRAILING_STOP
407,2026-03-23,R_TREND_REARM,004020,0.14311430470422085,0.0,-0.14311430470422085,-0.14311430470422085,1.0,STABILIZED_WILSON_LOWER,34007.140625,TRAILING_STOP
408,2026-03-23,R_TREND_REARM,034730,0.1398881397431018,0.0,-0.1398881397431018,-0.1398881397431018,1.0,STABILIZED_WILSON_LOWER,322409.875,TRAILING_STOP
409,2026-03-23,R_TREND_REARM,278470,0.13950650529930034,0.0,-0.13950650529930034,-0.13950650529930034,1.0,STABILIZED_WILSON_LOWER,323011.46875,TRAILING_STOP
410,2026-03-23,B_EQUAL,034730,0.12747248817039797,0.0,-0.12747248817039797,-0.12747248817039797,1.0,STABILIZED_WILSON_LOWER,322409.875,TRAILING_STOP
411,2026-03-23,B_EQUAL,278470,0.1485620311944448,0.0,-0.1485620311944448,-0.1485620311944448,1.0,STABILIZED_WILSON_LOWER,323011.46875,TRAILING_STOP
412,2026-03-23,C_CAP10,011200,0.0955109133212054,0.0,-0.0955109133212054,-0.0955109133212054,1.0,STABILIZED_WILSON_LOWER,19810.0,TRAILING_STOP
413,2026-03-23,C_CAP08,034730,0.07679077768924607,0.0,-0.07679077768924607,-0.07679077768924607,1.0,STABILIZED_WILSON_LOWER,322409.875,TRAILING_STOP
414,2026-03-23,D_BAND20,011200,0.10403396419439913,0.0,-0.10403396419439913,-0.10403396419439913,1.0,STABILIZED_WILSON_LOWER,19810.0,TRAILING_STOP
415,2026-03-23,D_BAND20,012330,0.14728583520387795,0.0,-0.14728583520387795,-0.14728583520387795,1.0,STABILIZED_WILSON_LOWER,381000.0,TRAILING_STOP
416,2026-03-23,D_BAND20,086280,0.13329955113964204,0.0,-0.13329955113964204,-0.13329955113964204,1.0,STABILIZED_WILSON_LOWER,210588.34375,HARD_STOP
417,2026-03-23,E_VOL_RISK,012330,0.09462681374539582,0.0,-0.09462681374539582,-0.09462681374539582,1.0,STABILIZED_WILSON_LOWER,381000.0,HARD_STOP
418,2026-03-23,E_VOL_RISK,034730,0.09874412144344452,0.0,-0.09874412144344452,-0.09874412144344452,1.0,STABILIZED_WILSON_LOWER,322409.875,TRAILING_STOP
419,2026-03-23,E_VOL_RISK,278470,0.10110183930510108,0.0,-0.10110183930510108,-0.10110183930510108,1.0,STABILIZED_WILSON_LOWER,323011.46875,TRAILING_STOP
420,2026-03-24,X_CAP15_ONLY,004020,0.07770912842129007,0.11504785302784105,0.03733872460655098,0.03733872460655098,1.0,STABILIZED_WILSON_LOWER,34746.425781,REBALANCE
421,2026-03-24,X_CAP15_ONLY,011200,0.07147194228811024,0.10508384970028685,0.03361190741217661,0.03361190741217661,1.0,STABILIZED_WILSON_LOWER,19930.0,REBALANCE
422,2026-03-24,X_CAP15_ONLY,034730,0.06499485565212297,0.09199559954285005,0.027000743890727083,0.027000743890727083,1.0,STABILIZED_WILSON_LOWER,336619.40625,REBALANCE
423,2026-03-24,A_CURRENT,278470,0.15162858524441702,0.0,-0.15162858524441702,-0.15162858524441702,1.0,STABILIZED_WILSON_LOWER,330974.75,TRAILING_STOP
424,2026-03-24,C_CAP10,004020,0.0,0.1,0.1,0.1,1.0,STABILIZED_WILSON_LOWER,34746.425781,ENTRY
425,2026-03-24,C_CAP10,278470,0.0983914145243565,0.0,-0.0983914145243565,-0.0983914145243565,1.0,STABILIZED_WILSON_LOWER,330974.75,TRAILING_STOP
426,2026-03-24,C_CAP08,034730,0.0,0.08,0.08,0.08,1.0,STABILIZED_WILSON_LOWER,336619.40625,ENTRY
427,2026-03-24,D_BAND20,278470,0.1519390287035373,0.0,-0.1519390287035373,-0.1519390287035373,1.0,STABILIZED_WILSON_LOWER,330974.75,TRAILING_STOP
428,2026-03-24,E_VOL_RISK,011200,0.09840456531915762,0.0,-0.09840456531915762,-0.09840456531915762,1.0,STABILIZED_WILSON_LOWER,19930.0,TRAILING_STOP
429,2026-03-24,E_VOL_RISK,086280,0.097999477773059,0.0,-0.097999477773059,-0.097999477773059,1.0,STABILIZED_WILSON_LOWER,217412.96875,REBALANCE
430,2026-03-25,A0_LEGACY,012330,0.08285082649033865,0.13121101118242745,0.0483601846920888,0.0483601846920888,1.0,STABILIZED_WILSON_LOWER,402000.0,REBALANCE
431,2026-03-25,A_CURRENT,278470,0.0,0.15,0.15,0.15,1.0,STABILIZED_WILSON_LOWER,326993.125,ENTRY
432,2026-03-25,X_COOLDOWN5,278470,0.0,0.15,0.15,0.15,1.0,STABILIZED_WILSON_LOWER,326993.125,ENTRY
433,2026-03-25,R_EXIT_RECOVERY,278470,0.14311006915872657,0.0,-0.14311006915872657,-0.14311006915872657,1.0,STABILIZED_WILSON_LOWER,326993.125,TRAILING_STOP
434,2026-03-25,B_EQUAL,034730,0.0,0.15,0.15,0.15,1.0,STABILIZED_WILSON_LOWER,339069.34375,ENTRY
435,2026-03-26,A0_LEGACY,034730,0.06041061748905718,0.08096042037634768,0.020549802887290497,0.020549802887290497,1.0,STABILIZED_WILSON_LOWER,329759.625,REBALANCE
436,2026-03-26,A0_LEGACY,086280,0.07813189526245175,0.0,-0.07813189526245175,-0.07813189526245175,1.0,STABILIZED_WILSON_LOWER,221800.21875,REBALANCE
437,2026-03-26,A0_LEGACY,278470,0.26356926887374804,0.44474657854089594,0.1811773096671479,0.1811773096671479,1.0,STABILIZED_WILSON_LOWER,308577.96875,REBALANCE
438,2026-03-26,X_CAP15_ONLY,011200,0.10478035479384713,0.15,0.04521964520615286,0.04521964520615286,1.0,STABILIZED_WILSON_LOWER,19810.0,REBALANCE
439,2026-03-26,A_CURRENT,011200,0.1482739238430067,0.0,-0.1482739238430067,-0.1482739238430067,1.0,STABILIZED_WILSON_LOWER,19810.0,TRAILING_STOP
440,2026-03-26,X_COOLDOWN5,086280,0.15199373450725476,0.0,-0.15199373450725476,-0.15199373450725476,1.0,STABILIZED_WILSON_LOWER,221800.21875,REBALANCE
441,2026-03-26,B_EQUAL,278470,0.0,0.15,0.15,0.15,1.0,STABILIZED_WILSON_LOWER,308577.96875,ENTRY
442,2026-03-26,C_CAP10,278470,0.0,0.1,0.1,0.1,1.0,STABILIZED_WILSON_LOWER,308577.96875,ENTRY
443,2026-03-26,C_CAP08,278470,0.07118268890614105,0.0,-0.07118268890614105,-0.07118268890614105,1.0,STABILIZED_WILSON_LOWER,308577.96875,HARD_STOP
444,2026-03-26,D_BAND20,034730,0.09375401673348072,0.15,0.05624598326651928,0.05624598326651928,1.0,STABILIZED_WILSON_LOWER,329759.625,REBALANCE
445,2026-03-27,A0_LEGACY,011200,0.055468108544373056,0.09247869125019881,0.03701058270582575,0.03701058270582575,1.0,STABILIZED_WILSON_LOWER,19660.0,REBALANCE
446,2026-03-27,X_CAP15_ONLY,004020,0.11346207647334944,0.15,0.036537923526650556,0.036537923526650556,1.0,STABILIZED_WILSON_LOWER,34500.0,REBALANCE
447,2026-03-27,X_CAP15_ONLY,034730,0.0888484910417819,0.15,0.061151508958218095,0.061151508958218095,1.0,STABILIZED_WILSON_LOWER,327309.71875,REBALANCE
448,2026-03-27,X_CAP15_ONLY,161390,0.14966710577304668,0.0,-0.14966710577304668,-0.14966710577304668,1.0,STABILIZED_WILSON_LOWER,56500.0,REBALANCE
449,2026-03-27,C_CAP08,012330,0.07987859869909775,0.0,-0.07987859869909775,-0.07987859869909775,1.0,STABILIZED_WILSON_LOWER,398500.0,REBALANCE
450,2026-03-30,A0_LEGACY,012330,0.1300909316685351,0.0,-0.1300909316685351,-0.1300909316685351,1.0,STABILIZED_WILSON_LOWER,398000.0,REBALANCE
451,2026-03-30,X_CAP15_ONLY,012330,0.1378663683330953,0.0,-0.1378663683330953,-0.1378663683330953,1.0,STABILIZED_WILSON_LOWER,398000.0,REBALANCE
452,2026-03-30,A_CURRENT,034730,0.08968024964304878,0.0,-0.08968024964304878,-0.08968024964304878,1.0,STABILIZED_WILSON_LOWER,318000.0,TRAILING_STOP
453,2026-03-30,X_COOLDOWN5,096770,0.0,0.15,0.15,0.15,1.0,STABILIZED_WILSON_LOWER,113400.0,ENTRY
454,2026-03-30,B_EQUAL,011200,0.14630489303423336,0.0,-0.14630489303423336,-0.14630489303423336,1.0,STABILIZED_WILSON_LOWER,19550.0,TRAILING_STOP
455,2026-03-30,C_CAP08,278470,0.0,0.08,0.08,0.08,1.0,STABILIZED_WILSON_LOWER,326000.0,ENTRY
456,2026-03-31,A0_LEGACY,004020,0.07164533923958799,0.0,-0.07164533923958799,-0.07164533923958799,1.0,STABILIZED_WILSON_LOWER,33650.0,REBALANCE
457,2026-03-31,A0_LEGACY,011200,0.09162834681561816,0.0,-0.09162834681561816,-0.09162834681561816,1.0,STABILIZED_WILSON_LOWER,19570.0,REBALANCE
458,2026-03-31,A0_LEGACY,034730,0.07186299919844204,0.0,-0.07186299919844204,-0.07186299919844204,1.0,STABILIZED_WILSON_LOWER,301000.0,REBALANCE
459,2026-03-31,X_CAP15_ONLY,004020,0.15032496315237204,0.0,-0.15032496315237204,-0.15032496315237204,1.0,STABILIZED_WILSON_LOWER,33650.0,REBALANCE
460,2026-03-31,X_CAP15_ONLY,011200,0.15075371404015506,0.0,-0.15075371404015506,-0.15075371404015506,1.0,STABILIZED_WILSON_LOWER,19570.0,REBALANCE
461,2026-03-31,X_CAP15_ONLY,086280,0.13484792718597693,0.0,-0.13484792718597693,-0.13484792718597693,1.0,STABILIZED_WILSON_LOWER,207500.0,REBALANCE
462,2026-03-31,X_CAP15_ONLY,096770,0.1498685635510045,0.0,-0.1498685635510045,-0.1498685635510045,1.0,STABILIZED_WILSON_LOWER,108700.0,REBALANCE
463,2026-03-31,A_CURRENT,004020,0.1497577286063483,0.0,-0.1497577286063483,-0.1497577286063483,1.0,STABILIZED_WILSON_LOWER,33650.0,TRAILING_STOP
464,2026-03-31,X_COOLDOWN5,096770,0.1442777040699777,0.0,-0.1442777040699777,-0.1442777040699777,1.0,STABILIZED_WILSON_LOWER,108700.0,REBALANCE
465,2026-03-31,B_EQUAL,004020,0.15065787030528546,0.0,-0.15065787030528546,-0.15065787030528546,1.0,STABILIZED_WILSON_LOWER,33650.0,TRAILING_STOP
466,2026-03-31,B_EQUAL,034730,0.13592527369868615,0.0,-0.13592527369868615,-0.13592527369868615,1.0,STABILIZED_WILSON_LOWER,301000.0,HARD_STOP
467,2026-03-31,B_EQUAL,278470,0.16518196412418537,0.15,-0.015181964124185376,-0.015181964124185376,1.0,STABILIZED_WILSON_LOWER,337000.0,REBALANCE
468,2026-03-31,C_CAP10,004020,0.09727581268686461,0.0,-0.09727581268686461,-0.09727581268686461,1.0,STABILIZED_WILSON_LOWER,33650.0,REBALANCE
469,2026-03-31,C_CAP08,011200,0.07757731086556402,0.0,-0.07757731086556402,-0.07757731086556402,1.0,STABILIZED_WILSON_LOWER,19570.0,REBALANCE
470,2026-03-31,D_BAND20,004020,0.1523761094236946,0.0,-0.1523761094236946,-0.1523761094236946,1.0,STABILIZED_WILSON_LOWER,33650.0,TRAILING_STOP
471,2026-03-31,D_BAND20,034730,0.13923585312312428,0.0,-0.13923585312312428,-0.13923585312312428,1.0,STABILIZED_WILSON_LOWER,301000.0,HARD_STOP
472,2026-04-01,A0_LEGACY,096770,0.11715441063904168,0.0,-0.11715441063904168,-0.11715441063904168,1.0,STABILIZED_WILSON_LOWER,114500.0,REBALANCE
473,2026-04-01,A0_LEGACY,278470,0.4742577789372001,0.9,0.4257422210627999,0.4257422210627999,1.0,STABILIZED_WILSON_LOWER,343500.0,REBALANCE
474,2026-04-01,X_CAP15_ONLY,034730,0.15010312543064286,0.0,-0.15010312543064286,-0.15010312543064286,1.0,STABILIZED_WILSON_LOWER,323000.0,REBALANCE
475,2026-04-01,A_CURRENT,096770,0.1579794213346646,0.0,-0.1579794213346646,-0.1579794213346646,1.0,STABILIZED_WILSON_LOWER,114500.0,REBALANCE
476,2026-04-01,R_EXIT_RECOVERY,278470,0.0,0.15,0.15,0.15,1.0,STABILIZED_WILSON_LOWER,343500.0,CONFIRMED_REENTRY
477,2026-04-01,B_EQUAL,096770,0.16241808927644955,0.0,-0.16241808927644955,-0.16241808927644955,1.0,STABILIZED_WILSON_LOWER,114500.0,REBALANCE
478,2026-04-01,C_CAP10,034730,0.09448685628400029,0.0,-0.09448685628400029,-0.09448685628400029,1.0,STABILIZED_WILSON_LOWER,323000.0,TRAILING_STOP
479,2026-04-01,C_CAP10,278470,0.11054166271741947,0.1,-0.010541662717419464,-0.010541662717419464,1.0,STABILIZED_WILSON_LOWER,343500.0,REBALANCE
480,2026-04-01,E_VOL_RISK,278470,0.0,0.1,0.1,0.1,1.0,STABILIZED_WILSON_LOWER,343500.0,ENTRY
481,2026-04-02,X_COOLDOWN5,011200,0.15006880335677986,0.0,-0.15006880335677986,-0.15006880335677986,1.0,STABILIZED_WILSON_LOWER,20150.0,REBALANCE
482,2026-04-02,C_CAP08,004020,0.07567127025681007,0.0,-0.07567127025681007,-0.07567127025681007,1.0,STABILIZED_WILSON_LOWER,33450.0,TRAILING_STOP
483,2026-04-03,X_COOLDOWN5,004020,0.15286210331411912,0.0,-0.15286210331411912,-0.15286210331411912,1.0,STABILIZED_WILSON_LOWER,34250.0,REBALANCE
484,2026-04-03,D_BAND20,278470,0.0,0.15,0.15,0.15,1.0,STABILIZED_WILSON_LOWER,327000.0,ENTRY
485,2026-04-06,C_CAP08,034730,0.07546908621948628,0.0,-0.07546908621948628,-0.07546908621948628,1.0,STABILIZED_WILSON_LOWER,314000.0,REBALANCE
486,2026-04-08,A0_LEGACY,278470,0.8978590544157002,0.5250423646931162,-0.3728166897225841,-0.3728166897225841,1.0,STABILIZED_WILSON_LOWER,335500.0,REBALANCE
487,2026-04-08,X_CAP15_ONLY,402340,0.0,0.15,0.15,0.15,1.0,STABILIZED_WILSON_LOWER,577247.125,ENTRY
488,2026-04-08,A_CURRENT,402340,0.0,0.15,0.15,0.15,1.0,STABILIZED_WILSON_LOWER,577247.125,ENTRY
489,2026-04-08,X_COOLDOWN5,402340,0.0,0.15,0.15,0.15,1.0,STABILIZED_WILSON_LOWER,577247.125,ENTRY
490,2026-04-08,R_EXIT_RECOVERY,402340,0.0,0.15,0.15,0.15,1.0,STABILIZED_WILSON_LOWER,577247.125,ENTRY
491,2026-04-08,R_TREND_REARM,402340,0.0,0.15,0.15,0.15,1.0,STABILIZED_WILSON_LOWER,577247.125,ENTRY
492,2026-04-09,X_COOLDOWN5,278470,0.16716012920020407,0.15,-0.01716012920020407,-0.01716012920020407,1.0,STABILIZED_WILSON_LOWER,365500.0,REBALANCE
493,2026-04-09,B_EQUAL,402340,0.0,0.15,0.15,0.15,1.0,STABILIZED_WILSON_LOWER,559270.5625,ENTRY
494,2026-04-09,D_BAND20,402340,0.0,0.15,0.15,0.15,1.0,STABILIZED_WILSON_LOWER,559270.5625,ENTRY
495,2026-04-10,X_CAP15_ONLY,278470,0.16957404411846883,0.15,-0.01957404411846883,-0.01957404411846883,1.0,STABILIZED_WILSON_LOWER,393000.0,REBALANCE
496,2026-04-10,A_CURRENT,278470,0.17765581195922,0.15,-0.02765581195922001,-0.02765581195922001,1.0,STABILIZED_WILSON_LOWER,393000.0,REBALANCE
497,2026-04-10,R_EXIT_RECOVERY,278470,0.16841092124703852,0.15,-0.018410921247038525,-0.018410921247038525,1.0,STABILIZED_WILSON_LOWER,393000.0,REBALANCE
498,2026-04-10,R_TREND_REARM,278470,0.0,0.15,0.15,0.15,1.0,STABILIZED_WILSON_LOWER,393000.0,CONFIRMED_REENTRY
499,2026-04-10,C_CAP10,278470,0.11278519156263456,0.1,-0.012785191562634551,-0.012785191562634551,1.0,STABILIZED_WILSON_LOWER,393000.0,REBALANCE
500,2026-04-10,C_CAP10,402340,0.0,0.1,0.1,0.1,1.0,STABILIZED_WILSON_LOWER,567260.1875,ENTRY
501,2026-04-13,C_CAP08,278470,0.09654431650366607,0.08,-0.01654431650366607,-0.01654431650366607,1.0,STABILIZED_WILSON_LOWER,399500.0,REBALANCE
502,2026-04-14,A0_LEGACY,267260,0.0,0.25099822597156185,0.25099822597156185,0.25099822597156185,1.0,STABILIZED_WILSON_LOWER,1059987.375,ENTRY
503,2026-04-14,A0_LEGACY,402340,0.0,0.27038685611075086,0.27038685611075086,0.27038685611075086,1.0,STABILIZED_WILSON_LOWER,639166.375,ENTRY
504,2026-04-14,B_EQUAL,402340,0.16637647381482623,0.15,-0.016376473814826237,-0.016376473814826237,1.0,STABILIZED_WILSON_LOWER,639166.375,REBALANCE
505,2026-04-14,C_CAP10,267260,0.0,0.1,0.1,0.1,1.0,STABILIZED_WILSON_LOWER,1059987.375,ENTRY
506,2026-04-14,C_CAP10,402340,0.11146168872262592,0.1,-0.011461688722625915,-0.011461688722625915,1.0,STABILIZED_WILSON_LOWER,639166.375,REBALANCE
507,2026-04-14,C_CAP08,402340,0.0,0.08,0.08,0.08,1.0,STABILIZED_WILSON_LOWER,639166.375,ENTRY
508,2026-04-15,X_CAP15_ONLY,267260,0.0,0.15,0.15,0.15,1.0,STABILIZED_WILSON_LOWER,1048997.875,ENTRY
509,2026-04-15,B_EQUAL,267260,0.0,0.15,0.15,0.15,1.0,STABILIZED_WILSON_LOWER,1048997.875,ENTRY
510,2026-04-15,C_CAP08,267260,0.0,0.08,0.08,0.08,1.0,STABILIZED_WILSON_LOWER,1048997.875,ENTRY
511,2026-04-15,E_VOL_RISK,267260,0.0,0.1,0.1,0.1,1.0,STABILIZED_WILSON_LOWER,1048997.875,ENTRY
512,2026-04-16,A0_LEGACY,259960,0.0,0.2183674711999805,0.2183674711999805,0.2183674711999805,1.0,STABILIZED_WILSON_LOWER,256500.0,ENTRY
513,2026-04-16,A0_LEGACY,267260,0.2403025452622283,0.19009839499257158,-0.05020415026965672,-0.05020415026965672,1.0,STABILIZED_WILSON_LOWER,1083964.375,REBALANCE
514,2026-04-16,A0_LEGACY,278470,0.5628156319694744,0.2867513821573833,-0.27606424981209104,-0.27606424981209104,1.0,STABILIZED_WILSON_LOWER,414500.0,REBALANCE
515,2026-04-16,A0_LEGACY,402340,0.2729154338368047,0.2047827516500646,-0.06813268218674012,-0.06813268218674012,1.0,STABILIZED_WILSON_LOWER,689101.25,REBALANCE
516,2026-04-16,A_CURRENT,259960,0.0,0.15,0.15,0.15,1.0,STABILIZED_WILSON_LOWER,256500.0,ENTRY
517,2026-04-16,A_CURRENT,402340,0.16828122781956892,0.15,-0.018281227819568924,-0.018281227819568924,1.0,STABILIZED_WILSON_LOWER,689101.25,REBALANCE
518,2026-04-16,X_COOLDOWN5,259960,0.0,0.15,0.15,0.15,1.0,STABILIZED_WILSON_LOWER,256500.0,ENTRY
519,2026-04-16,R_EXIT_RECOVERY,402340,0.16850796070330326,0.15,-0.018507960703303267,-0.018507960703303267,1.0,STABILIZED_WILSON_LOWER,689101.25,REBALANCE
520,2026-04-16,C_CAP10,259960,0.0,0.1,0.1,0.1,1.0,STABILIZED_WILSON_LOWER,256500.0,ENTRY
521,2026-04-16,D_BAND20,259960,0.0,0.15,0.15,0.15,1.0,STABILIZED_WILSON_LOWER,256500.0,ENTRY
522,2026-04-16,E_VOL_RISK,259960,0.0,0.1,0.1,0.1,1.0,STABILIZED_WILSON_LOWER,256500.0,ENTRY
523,2026-04-17,A_CURRENT,267260,0.0,0.15,0.15,0.15,1.0,STABILIZED_WILSON_LOWER,1085962.5,ENTRY
524,2026-04-17,X_COOLDOWN5,267260,0.0,0.15,0.15,0.15,1.0,STABILIZED_WILSON_LOWER,1085962.5,ENTRY
525,2026-04-17,X_COOLDOWN5,402340,0.16579001947241107,0.15,-0.01579001947241107,-0.01579001947241107,1.0,STABILIZED_WILSON_LOWER,681111.6875,REBALANCE
526,2026-04-17,B_EQUAL,259960,0.0,0.15,0.15,0.15,1.0,STABILIZED_WILSON_LOWER,263500.0,ENTRY
527,2026-04-20,X_CAP15_ONLY,402340,0.1698175973204518,0.15,-0.019817597320451796,-0.019817597320451796,1.0,STABILIZED_WILSON_LOWER,700086.9375,REBALANCE
528,2026-04-20,R_EXIT_RECOVERY,259960,0.0,0.15,0.15,0.15,1.0,STABILIZED_WILSON_LOWER,261500.0,ENTRY
529,2026-04-20,R_EXIT_RECOVERY,267260,0.0,0.15,0.15,0.15,1.0,STABILIZED_WILSON_LOWER,1085962.5,ENTRY
530,2026-04-20,R_TREND_REARM,402340,0.17490578484336403,0.15,-0.02490578484336403,-0.02490578484336403,1.0,STABILIZED_WILSON_LOWER,700086.9375,REBALANCE
531,2026-04-20,C_CAP08,259960,0.0,0.08,0.08,0.08,1.0,STABILIZED_WILSON_LOWER,261500.0,ENTRY
532,2026-04-20,D_BAND20,267260,0.0,0.15,0.15,0.15,1.0,STABILIZED_WILSON_LOWER,1085962.5,ENTRY
533,2026-04-21,X_CAP15_ONLY,259960,0.0,0.15,0.15,0.15,1.0,STABILIZED_WILSON_LOWER,255000.0,ENTRY
534,2026-04-21,R_TREND_REARM,259960,0.0,0.15,0.15,0.15,1.0,STABILIZED_WILSON_LOWER,255000.0,ENTRY
535,2026-04-21,C_CAP10,402340,0.1102741384234421,0.1,-0.010274138423442089,-0.010274138423442089,1.0,STABILIZED_WILSON_LOWER,717064.75,REBALANCE
536,2026-04-21,C_CAP08,402340,0.0885839621946018,0.08,-0.008583962194601794,-0.008583962194601794,1.0,STABILIZED_WILSON_LOWER,717064.75,REBALANCE
537,2026-04-22,X_COOLDOWN5,278470,0.16579225908645878,0.15,-0.015792259086458788,-0.015792259086458788,1.0,STABILIZED_WILSON_LOWER,434000.0,REBALANCE
538,2026-04-22,D_BAND20,278470,0.18118092757978638,0.15,-0.031180927579786383,-0.031180927579786383,1.0,STABILIZED_WILSON_LOWER,434000.0,REBALANCE
539,2026-04-22,E_VOL_RISK,278470,0.12221244417787488,0.1,-0.02221244417787488,-0.02221244417787488,1.0,STABILIZED_WILSON_LOWER,434000.0,REBALANCE
540,2026-04-22,E_VOL_RISK,402340,0.0,0.1,0.1,0.1,1.0,STABILIZED_WILSON_LOWER,719062.1875,ENTRY
541,2026-04-23,R_TREND_REARM,267260,0.0,0.15,0.15,0.15,1.0,STABILIZED_WILSON_LOWER,1127922.375,ENTRY
542,2026-04-23,B_EQUAL,278470,0.17485116169295956,0.15,-0.02485116169295956,-0.02485116169295956,1.0,STABILIZED_WILSON_LOWER,436000.0,REBALANCE
543,2026-04-24,X_CAP15_ONLY,267260,0.1669902245078341,0.15,-0.016990224507834106,-0.016990224507834106,1.0,STABILIZED_WILSON_LOWER,1246808.875,REBALANCE
544,2026-04-24,B_EQUAL,267260,0.16771830844424038,0.15,-0.017718308444240383,-0.017718308444240383,1.0,STABILIZED_WILSON_LOWER,1246808.875,REBALANCE
545,2026-04-24,C_CAP10,267260,0.11159302133099448,0.1,-0.011593021330994477,-0.011593021330994477,1.0,STABILIZED_WILSON_LOWER,1246808.875,REBALANCE
546,2026-04-27,A_CURRENT,267260,0.16820202007142587,0.15,-0.01820202007142588,-0.01820202007142588,1.0,STABILIZED_WILSON_LOWER,1304753.5,REBALANCE
547,2026-04-27,X_COOLDOWN5,267260,0.16812816868159539,0.15,-0.01812816868159539,-0.01812816868159539,1.0,STABILIZED_WILSON_LOWER,1304753.5,REBALANCE
548,2026-04-27,R_EXIT_RECOVERY,267260,0.16838904187061213,0.15,-0.018389041870612133,-0.018389041870612133,1.0,STABILIZED_WILSON_LOWER,1304753.5,REBALANCE
549,2026-04-27,D_BAND20,402340,0.18506242278486745,0.15,-0.03506242278486746,-0.03506242278486746,1.0,STABILIZED_WILSON_LOWER,787972.3125,REBALANCE
550,2026-04-28,X_COOLDOWN5,402340,0.1657320414309719,0.15,-0.0157320414309719,-0.0157320414309719,1.0,STABILIZED_WILSON_LOWER,809943.625,REBALANCE
551,2026-04-28,C_CAP08,267260,0.09006878866362922,0.08,-0.010068788663629216,-0.010068788663629216,1.0,STABILIZED_WILSON_LOWER,1236818.375,REBALANCE
552,2026-04-29,A_CURRENT,402340,0.16694787020905338,0.15,-0.01694787020905339,-0.01694787020905339,1.0,STABILIZED_WILSON_LOWER,828918.875,REBALANCE
553,2026-04-29,B_EQUAL,402340,0.17530567656499668,0.15,-0.025305676564996687,-0.025305676564996687,1.0,STABILIZED_WILSON_LOWER,828918.875,REBALANCE
554,2026-04-29,C_CAP08,402340,0.08869686133856666,0.08,-0.008696861338566661,-0.008696861338566661,1.0,STABILIZED_WILSON_LOWER,828918.875,REBALANCE
555,2026-04-30,A0_LEGACY,005490,0.0,0.013892729725678291,0.013892729725678291,0.013892729725678291,1.0,STABILIZED_WILSON_LOWER,459935.1875,ENTRY
556,2026-04-30,A0_LEGACY,267260,0.2015732723944867,0.0,-0.2015732723944867,-0.2015732723944867,1.0,STABILIZED_WILSON_LOWER,1250805.0,REBALANCE
557,2026-04-30,A0_LEGACY,443060,0.0,0.26961199220506665,0.26961199220506665,0.26961199220506665,1.0,STABILIZED_WILSON_LOWER,264613.34375,ENTRY
558,2026-04-30,X_CAP15_ONLY,005490,0.0,0.15,0.15,0.15,1.0,STABILIZED_WILSON_LOWER,459935.1875,ENTRY
559,2026-04-30,X_CAP15_ONLY,259960,0.14638703261430855,0.0,-0.14638703261430855,-0.14638703261430855,1.0,STABILIZED_WILSON_LOWER,265000.0,REBALANCE
560,2026-04-30,X_CAP15_ONLY,402340,0.1693484962811307,0.15,-0.019348496281130695,-0.019348496281130695,1.0,STABILIZED_WILSON_LOWER,839904.5625,REBALANCE
561,2026-04-30,X_CAP15_ONLY,443060,0.0,0.15,0.15,0.15,1.0,STABILIZED_WILSON_LOWER,264613.34375,ENTRY
562,2026-04-30,A_CURRENT,005490,0.0,0.15,0.15,0.15,1.0,STABILIZED_WILSON_LOWER,459935.1875,ENTRY
563,2026-04-30,A_CURRENT,010060,0.0,0.15,0.15,0.15,1.0,STABILIZED_WILSON_LOWER,368000.0,ENTRY
564,2026-04-30,A_CURRENT,267260,0.14528908452620792,0.0,-0.14528908452620792,-0.14528908452620792,1.0,STABILIZED_WILSON_LOWER,1250805.0,REBALANCE
565,2026-04-30,X_COOLDOWN5,005490,0.0,0.15,0.15,0.15,1.0,STABILIZED_WILSON_LOWER,459935.1875,ENTRY
566,2026-04-30,R_EXIT_RECOVERY,005490,0.0,0.15,0.15,0.15,1.0,STABILIZED_WILSON_LOWER,459935.1875,ENTRY
567,2026-04-30,R_EXIT_RECOVERY,259960,0.1434552952969793,0.0,-0.1434552952969793,-0.1434552952969793,1.0,STABILIZED_WILSON_LOWER,265000.0,REBALANCE
568,2026-04-30,R_EXIT_RECOVERY,267260,0.14524280120464156,0.0,-0.14524280120464156,-0.14524280120464156,1.0,STABILIZED_WILSON_LOWER,1250805.0,REBALANCE
569,2026-04-30,R_EXIT_RECOVERY,443060,0.0,0.15,0.15,0.15,1.0,STABILIZED_WILSON_LOWER,264613.34375,ENTRY
570,2026-04-30,R_TREND_REARM,259960,0.1478835161200297,0.0,-0.1478835161200297,-0.1478835161200297,1.0,STABILIZED_WILSON_LOWER,265000.0,REBALANCE
571,2026-04-30,R_TREND_REARM,402340,0.17038383551841577,0.15,-0.02038383551841577,-0.02038383551841577,1.0,STABILIZED_WILSON_LOWER,839904.5625,REBALANCE
572,2026-04-30,B_EQUAL,005490,0.0,0.15,0.15,0.15,1.0,STABILIZED_WILSON_LOWER,459935.1875,ENTRY
573,2026-04-30,B_EQUAL,259960,0.14195940023908238,0.0,-0.14195940023908238,-0.14195940023908238,1.0,STABILIZED_WILSON_LOWER,265000.0,REBALANCE
574,2026-04-30,B_EQUAL,267260,0.14875946098411336,0.0,-0.14875946098411336,-0.14875946098411336,1.0,STABILIZED_WILSON_LOWER,1250805.0,REBALANCE
575,2026-04-30,C_CAP10,010060,0.0,0.1,0.1,0.1,1.0,STABILIZED_WILSON_LOWER,368000.0,ENTRY
576,2026-04-30,C_CAP10,402340,0.11235030459763257,0.1,-0.012350304597632561,-0.012350304597632561,1.0,STABILIZED_WILSON_LOWER,839904.5625,REBALANCE
577,2026-04-30,C_CAP10,443060,0.0,0.1,0.1,0.1,1.0,STABILIZED_WILSON_LOWER,264613.34375,ENTRY
578,2026-04-30,C_CAP08,010060,0.0,0.08,0.08,0.08,1.0,STABILIZED_WILSON_LOWER,368000.0,ENTRY
579,2026-04-30,C_CAP08,259960,0.07863003603570327,0.0,-0.07863003603570327,-0.07863003603570327,1.0,STABILIZED_WILSON_LOWER,265000.0,REBALANCE
580,2026-04-30,C_CAP08,443060,0.0,0.08,0.08,0.08,1.0,STABILIZED_WILSON_LOWER,264613.34375,ENTRY
581,2026-04-30,D_BAND20,005490,0.0,0.15,0.15,0.15,1.0,STABILIZED_WILSON_LOWER,459935.1875,ENTRY
582,2026-04-30,D_BAND20,259960,0.14502172094829768,0.0,-0.14502172094829768,-0.14502172094829768,1.0,STABILIZED_WILSON_LOWER,265000.0,REBALANCE
583,2026-04-30,E_VOL_RISK,005490,0.0,0.1,0.1,0.1,1.0,STABILIZED_WILSON_LOWER,459935.1875,ENTRY
584,2026-04-30,E_VOL_RISK,259960,0.09939200201338662,0.0,-0.09939200201338662,-0.09939200201338662,1.0,STABILIZED_WILSON_LOWER,265000.0,TRAILING_STOP
585,2026-04-30,E_VOL_RISK,267260,0.11428190395092715,0.0,-0.11428190395092715,-0.11428190395092715,1.0,STABILIZED_WILSON_LOWER,1250805.0,REBALANCE
586,2026-04-30,E_VOL_RISK,278470,0.09499454510359756,0.0,-0.09499454510359756,-0.09499454510359756,1.0,STABILIZED_WILSON_LOWER,424500.0,TRAILING_STOP
587,2026-05-04,X_COOLDOWN5,259960,0.14927746376483111,0.0,-0.14927746376483111,-0.14927746376483111,1.0,STABILIZED_WILSON_LOWER,288500.0,REBALANCE
588,2026-05-04,X_COOLDOWN5,443060,0.0,0.15,0.15,0.15,1.0,STABILIZED_WILSON_LOWER,268600.0,ENTRY
589,2026-05-04,R_TREND_REARM,005490,0.0,0.15,0.15,0.15,1.0,STABILIZED_WILSON_LOWER,499756.4375,ENTRY
590,2026-05-04,R_TREND_REARM,010060,0.0,0.15,0.15,0.15,1.0,STABILIZED_WILSON_LOWER,355500.0,ENTRY
591,2026-05-04,R_TREND_REARM,267260,0.1612328186082747,0.0,-0.1612328186082747,-0.1612328186082747,1.0,STABILIZED_WILSON_LOWER,1297760.125,REBALANCE
592,2026-05-04,R_TREND_REARM,402340,0.17091323924033155,0.15,-0.02091323924033156,-0.02091323924033156,1.0,STABILIZED_WILSON_LOWER,989709.1875,REBALANCE
593,2026-05-04,B_EQUAL,010060,0.0,0.15,0.15,0.15,1.0,STABILIZED_WILSON_LOWER,355500.0,ENTRY
594,2026-05-04,B_EQUAL,402340,0.1743877217858778,0.15,-0.02438772178587781,-0.02438772178587781,1.0,STABILIZED_WILSON_LOWER,989709.1875,REBALANCE
595,2026-05-04,B_EQUAL,443060,0.0,0.15,0.15,0.15,1.0,STABILIZED_WILSON_LOWER,268600.0,ENTRY
596,2026-05-04,D_BAND20,267260,0.1607865882298411,0.0,-0.1607865882298411,-0.1607865882298411,1.0,STABILIZED_WILSON_LOWER,1297760.125,REBALANCE
597,2026-05-06,A0_LEGACY,010060,0.0,0.035634117823414774,0.035634117823414774,0.035634117823414774,1.0,STABILIZED_WILSON_LOWER,337500.0,ENTRY
598,2026-05-06,A0_LEGACY,259960,0.20626246340660712,0.0,-0.20626246340660712,-0.20626246340660712,1.0,STABILIZED_WILSON_LOWER,284000.0,REBALANCE
599,2026-05-06,X_CAP15_ONLY,402340,0.18133286911758167,0.15,-0.03133286911758168,-0.03133286911758168,1.0,STABILIZED_WILSON_LOWER,1087581.5,REBALANCE
600,2026-05-06,A_CURRENT,259960,0.14756166483177793,0.0,-0.14756166483177793,-0.14756166483177793,1.0,STABILIZED_WILSON_LOWER,284000.0,REBALANCE
601,2026-05-06,A_CURRENT,278470,0.13771935638995728,0.0,-0.13771935638995728,-0.13771935638995728,1.0,STABILIZED_WILSON_LOWER,422000.0,TRAILING_STOP
602,2026-05-06,A_CURRENT,402340,0.18898691062869552,0.15,-0.038986910628695526,-0.038986910628695526,1.0,STABILIZED_WILSON_LOWER,1087581.5,REBALANCE
603,2026-05-06,A_CURRENT,443060,0.0,0.15,0.15,0.15,1.0,STABILIZED_WILSON_LOWER,259630.046875,ENTRY
604,2026-05-06,X_COOLDOWN5,010060,0.0,0.15,0.15,0.15,1.0,STABILIZED_WILSON_LOWER,337500.0,ENTRY
605,2026-05-06,X_COOLDOWN5,267260,0.14874794762826893,0.0,-0.14874794762826893,-0.14874794762826893,1.0,STABILIZED_WILSON_LOWER,1387674.25,REBALANCE
606,2026-05-06,X_COOLDOWN5,402340,0.18856268902832124,0.15,-0.038562689028321245,-0.038562689028321245,1.0,STABILIZED_WILSON_LOWER,1087581.5,REBALANCE
607,2026-05-06,R_EXIT_RECOVERY,278470,0.1374925034959992,0.0,-0.1374925034959992,-0.1374925034959992,1.0,STABILIZED_WILSON_LOWER,422000.0,TRAILING_STOP
608,2026-05-06,R_EXIT_RECOVERY,402340,0.2100019510888534,0.15,-0.060001951088853395,-0.060001951088853395,1.0,STABILIZED_WILSON_LOWER,1087581.5,REBALANCE
609,2026-05-06,R_TREND_REARM,278470,0.14052802851990195,0.0,-0.14052802851990195,-0.14052802851990195,1.0,STABILIZED_WILSON_LOWER,422000.0,TRAILING_STOP
610,2026-05-06,B_EQUAL,278470,0.1342156084962158,0.0,-0.1342156084962158,-0.1342156084962158,1.0,STABILIZED_WILSON_LOWER,422000.0,TRAILING_STOP
611,2026-05-06,C_CAP10,267260,0.1066873057784961,0.0,-0.1066873057784961,-0.1066873057784961,1.0,STABILIZED_WILSON_LOWER,1387674.25,REBALANCE
612,2026-05-06,C_CAP10,278470,0.09659993867497113,0.0,-0.09659993867497113,-0.09659993867497113,1.0,STABILIZED_WILSON_LOWER,422000.0,TRAILING_STOP
613,2026-05-06,C_CAP08,278470,0.07894725608926328,0.0,-0.07894725608926328,-0.07894725608926328,1.0,STABILIZED_WILSON_LOWER,422000.0,TRAILING_STOP
614,2026-05-06,C_CAP08,402340,0.1033071148001729,0.08,-0.023307114800172904,-0.023307114800172904,1.0,STABILIZED_WILSON_LOWER,1087581.5,REBALANCE
615,2026-05-06,D_BAND20,278470,0.13065225848730017,0.0,-0.13065225848730017,-0.13065225848730017,1.0,STABILIZED_WILSON_LOWER,422000.0,TRAILING_STOP
616,2026-05-06,D_BAND20,402340,0.19615042287334808,0.15,-0.046150422873348085,-0.046150422873348085,1.0,STABILIZED_WILSON_LOWER,1087581.5,REBALANCE
617,2026-05-06,E_VOL_RISK,402340,0.14084180404055158,0.1,-0.04084180404055157,-0.04084180404055157,1.0,STABILIZED_WILSON_LOWER,1087581.5,REBALANCE
618,2026-05-06,E_VOL_RISK,443060,0.0,0.1,0.1,0.1,1.0,STABILIZED_WILSON_LOWER,259630.046875,ENTRY
619,2026-05-07,A0_LEGACY,443060,0.25439532356689487,0.22584827702597493,-0.02854704654091994,-0.02854704654091994,1.0,STABILIZED_WILSON_LOWER,268600.0,REBALANCE
620,2026-05-07,B_EQUAL,161390,0.0,0.15,0.15,0.15,1.0,STABILIZED_WILSON_LOWER,64700.0,ENTRY
621,2026-05-07,B_EQUAL,278470,0.0,0.15,0.15,0.15,1.0,STABILIZED_WILSON_LOWER,401500.0,ENTRY
622,2026-05-07,C_CAP10,010060,0.08624131238776135,0.0,-0.08624131238776135,-0.08624131238776135,1.0,STABILIZED_WILSON_LOWER,328000.0,HARD_STOP
623,2026-05-07,C_CAP10,161390,0.0,0.1,0.1,0.1,1.0,STABILIZED_WILSON_LOWER,64700.0,ENTRY
624,2026-05-07,C_CAP10,259960,0.09768425952847375,0.0,-0.09768425952847375,-0.09768425952847375,1.0,STABILIZED_WILSON_LOWER,270000.0,REBALANCE
625,2026-05-07,C_CAP10,278470,0.0,0.1,0.1,0.1,1.0,STABILIZED_WILSON_LOWER,401500.0,ENTRY
626,2026-05-07,C_CAP10,402340,0.12644190364511643,0.1,-0.02644190364511642,-0.02644190364511642,1.0,STABILIZED_WILSON_LOWER,1097568.5,REBALANCE
627,2026-05-07,C_CAP08,161390,0.0,0.08,0.08,0.08,1.0,STABILIZED_WILSON_LOWER,64700.0,ENTRY
628,2026-05-07,C_CAP08,267260,0.08999728175304872,0.0,-0.08999728175304872,-0.08999728175304872,1.0,STABILIZED_WILSON_LOWER,1418644.625,REBALANCE
629,2026-05-07,D_BAND20,010060,0.0,0.15,0.15,0.15,1.0,STABILIZED_WILSON_LOWER,328000.0,ENTRY
630,2026-05-07,D_BAND20,278470,0.0,0.15,0.15,0.15,1.0,STABILIZED_WILSON_LOWER,401500.0,ENTRY
631,2026-05-07,E_VOL_RISK,161390,0.0,0.1,0.1,0.1,1.0,STABILIZED_WILSON_LOWER,64700.0,ENTRY
632,2026-05-08,A0_LEGACY,005490,0.01476306475949786,0.01271406308303517,-0.0020490016764626896,-0.0020490016764626896,1.0,STABILIZED_WILSON_LOWER,522653.625,REBALANCE
633,2026-05-08,A0_LEGACY,012330,0.0,0.0763564828025198,0.0763564828025198,0.0763564828025198,1.0,STABILIZED_WILSON_LOWER,509000.0,ENTRY
634,2026-05-08,A_CURRENT,010060,0.12423690428705449,0.0,-0.12423690428705449,-0.12423690428705449,1.0,STABILIZED_WILSON_LOWER,318500.0,HARD_STOP
635,2026-05-08,A_CURRENT,278470,0.0,0.15,0.15,0.15,1.0,STABILIZED_WILSON_LOWER,434000.0,ENTRY
636,2026-05-08,A_CURRENT,443060,0.14053626072218117,0.0,-0.14053626072218117,-0.14053626072218117,1.0,STABILIZED_WILSON_LOWER,240500.0,TRAILING_STOP
637,2026-05-08,R_EXIT_RECOVERY,010060,0.0,0.15,0.15,0.15,1.0,STABILIZED_WILSON_LOWER,318500.0,ENTRY
638,2026-05-08,R_EXIT_RECOVERY,443060,0.12885786499840907,0.0,-0.12885786499840907,-0.12885786499840907,1.0,STABILIZED_WILSON_LOWER,240500.0,TRAILING_STOP
639,2026-05-08,R_TREND_REARM,010060,0.13368255969546367,0.0,-0.13368255969546367,-0.13368255969546367,1.0,STABILIZED_WILSON_LOWER,318500.0,HARD_STOP
640,2026-05-08,R_TREND_REARM,402340,0.1653231153149676,0.15,-0.015323115314967606,-0.015323115314967606,1.0,STABILIZED_WILSON_LOWER,1096569.75,REBALANCE
641,2026-05-08,B_EQUAL,402340,0.16683264604816875,0.15,-0.016832646048168753,-0.016832646048168753,1.0,STABILIZED_WILSON_LOWER,1096569.75,REBALANCE
642,2026-05-08,B_EQUAL,443060,0.13482221284152313,0.0,-0.13482221284152313,-0.13482221284152313,1.0,STABILIZED_WILSON_LOWER,240500.0,HARD_STOP
643,2026-05-08,C_CAP10,005490,0.0,0.1,0.1,0.1,1.0,STABILIZED_WILSON_LOWER,522653.625,ENTRY
644,2026-05-08,C_CAP10,012330,0.0,0.1,0.1,0.1,1.0,STABILIZED_WILSON_LOWER,509000.0,ENTRY
645,2026-05-08,C_CAP08,443060,0.07171394958658944,0.0,-0.07171394958658944,-0.07171394958658944,1.0,STABILIZED_WILSON_LOWER,240500.0,TRAILING_STOP
646,2026-05-08,E_VOL_RISK,010060,0.0,0.1,0.1,0.1,1.0,STABILIZED_WILSON_LOWER,318500.0,ENTRY
647,2026-05-08,E_VOL_RISK,012330,0.0,0.1,0.1,0.1,1.0,STABILIZED_WILSON_LOWER,509000.0,ENTRY
648,2026-05-11,A_CURRENT,012330,0.0,0.15,0.15,0.15,1.0,STABILIZED_WILSON_LOWER,553000.0,ENTRY
649,2026-05-11,A_CURRENT,443060,0.0,0.15,0.15,0.15,1.0,STABILIZED_WILSON_LOWER,257000.0,ENTRY
650,2026-05-11,X_COOLDOWN5,278470,0.13230531951777794,0.0,-0.13230531951777794,-0.13230531951777794,1.0,STABILIZED_WILSON_LOWER,438000.0,REBALANCE
651,2026-05-11,R_EXIT_RECOVERY,012330,0.0,0.15,0.15,0.15,1.0,STABILIZED_WILSON_LOWER,553000.0,CONFIRMED_REENTRY
652,2026-05-11,R_TREND_REARM,443060,0.0,0.15,0.15,0.15,1.0,STABILIZED_WILSON_LOWER,257000.0,ENTRY
653,2026-05-11,B_EQUAL,278470,0.16512424069845613,0.15,-0.015124240698456137,-0.015124240698456137,1.0,STABILIZED_WILSON_LOWER,438000.0,REBALANCE
654,2026-05-11,C_CAP10,010060,0.0,0.1,0.1,0.1,1.0,STABILIZED_WILSON_LOWER,319500.0,ENTRY
655,2026-05-11,C_CAP08,005490,0.0,0.08,0.08,0.08,1.0,STABILIZED_WILSON_LOWER,509711.71875,ENTRY
656,2026-05-11,C_CAP08,010060,0.06812591945612045,0.0,-0.06812591945612045,-0.06812591945612045,1.0,STABILIZED_WILSON_LOWER,319500.0,HARD_STOP
657,2026-05-11,C_CAP08,443060,0.0,0.08,0.08,0.08,1.0,STABILIZED_WILSON_LOWER,257000.0,ENTRY
658,2026-05-11,D_BAND20,443060,0.0,0.15,0.15,0.15,1.0,STABILIZED_WILSON_LOWER,257000.0,ENTRY
659,2026-05-12,A0_LEGACY,402340,0.2845670815103381,0.2214668890888738,-0.06310019242146431,-0.06310019242146431,1.0,STABILIZED_WILSON_LOWER,1124533.375,REBALANCE
660,2026-05-12,X_CAP15_ONLY,010060,0.0,0.15,0.15,0.15,1.0,STABILIZED_WILSON_LOWER,332500.0,ENTRY
661,2026-05-12,X_CAP15_ONLY,012330,0.0,0.15,0.15,0.15,1.0,STABILIZED_WILSON_LOWER,548000.0,ENTRY
662,2026-05-12,X_CAP15_ONLY,267260,0.14851756244925798,0.0,-0.14851756244925798,-0.14851756244925798,1.0,STABILIZED_WILSON_LOWER,1309000.0,REBALANCE
663,2026-05-12,X_CAP15_ONLY,443060,0.134167784896117,0.15,0.015832215103882996,0.015832215103882996,1.0,STABILIZED_WILSON_LOWER,248500.0,REBALANCE
664,2026-05-12,X_COOLDOWN5,005490,0.14446601965287958,0.0,-0.14446601965287958,-0.14446601965287958,1.0,STABILIZED_WILSON_LOWER,476859.21875,TRAILING_STOP
665,2026-05-12,X_COOLDOWN5,443060,0.13674998907652636,0.0,-0.13674998907652636,-0.13674998907652636,1.0,STABILIZED_WILSON_LOWER,248500.0,REBALANCE
666,2026-05-12,R_EXIT_RECOVERY,443060,0.0,0.15,0.15,0.15,1.0,STABILIZED_WILSON_LOWER,248500.0,CONFIRMED_REENTRY
667,2026-05-12,C_CAP08,278470,0.0,0.08,0.08,0.08,1.0,STABILIZED_WILSON_LOWER,415500.0,ENTRY
668,2026-05-12,E_VOL_RISK,278470,0.0,0.1,0.1,0.1,1.0,STABILIZED_WILSON_LOWER,415500.0,ENTRY
669,2026-05-13,A0_LEGACY,010060,0.03494047302330673,0.028137224173407967,-0.006803248849898764,-0.006803248849898764,1.0,STABILIZED_WILSON_LOWER,333500.0,REBALANCE
670,2026-05-13,X_CAP15_ONLY,005490,0.14470441683732838,0.04207635983263594,-0.10262805700469244,-0.10262805700469244,1.0,STABILIZED_WILSON_LOWER,476361.4375,REBALANCE
671,2026-05-13,X_CAP15_ONLY,012330,0.17372552267296332,0.15,-0.023725522672963323,-0.023725522672963323,1.0,STABILIZED_WILSON_LOWER,649000.0,REBALANCE
672,2026-05-13,X_CAP15_ONLY,278470,0.12840180406558252,0.15,0.021598195934417475,0.021598195934417475,1.0,STABILIZED_WILSON_LOWER,402000.0,REBALANCE
673,2026-05-13,A_CURRENT,005490,0.14884021956657556,0.0,-0.14884021956657556,-0.14884021956657556,1.0,STABILIZED_WILSON_LOWER,476361.4375,TRAILING_STOP
674,2026-05-13,A_CURRENT,278470,0.1390973707716293,0.0,-0.1390973707716293,-0.1390973707716293,1.0,STABILIZED_WILSON_LOWER,402000.0,TRAILING_STOP
675,2026-05-13,X_COOLDOWN5,012330,0.0,0.15,0.15,0.15,1.0,STABILIZED_WILSON_LOWER,649000.0,ENTRY
676,2026-05-13,X_COOLDOWN5,086280,0.0,0.15,0.15,0.15,1.0,STABILIZED_WILSON_LOWER,284000.0,ENTRY
677,2026-05-13,R_EXIT_RECOVERY,086280,0.0,0.15,0.15,0.15,1.0,STABILIZED_WILSON_LOWER,284000.0,CONFIRMED_REENTRY
678,2026-05-13,R_TREND_REARM,005490,0.144534940666898,0.0,-0.144534940666898,-0.144534940666898,1.0,STABILIZED_WILSON_LOWER,476361.4375,TRAILING_STOP
679,2026-05-13,R_TREND_REARM,402340,0.1652059330844179,0.15,-0.015205933084417894,-0.015205933084417894,1.0,STABILIZED_WILSON_LOWER,1188450.0,REBALANCE
680,2026-05-13,B_EQUAL,278470,0.1406410961568839,0.0,-0.1406410961568839,-0.1406410961568839,1.0,STABILIZED_WILSON_LOWER,402000.0,TRAILING_STOP
681,2026-05-13,C_CAP10,443060,0.08404835095111922,0.0,-0.08404835095111922,-0.08404835095111922,1.0,STABILIZED_WILSON_LOWER,232000.0,HARD_STOP
682,2026-05-13,C_CAP08,010060,0.0,0.08,0.08,0.08,1.0,STABILIZED_WILSON_LOWER,333500.0,ENTRY
683,2026-05-13,D_BAND20,278470,0.15273948819265296,0.0,-0.15273948819265296,-0.15273948819265296,1.0,STABILIZED_WILSON_LOWER,402000.0,TRAILING_STOP
684,2026-05-13,E_VOL_RISK,005490,0.09803503328808792,0.0,-0.09803503328808792,-0.09803503328808792,1.0,STABILIZED_WILSON_LOWER,476361.4375,TRAILING_STOP
685,2026-05-13,E_VOL_RISK,012330,0.1250377401951005,0.1,-0.025037740195100494,-0.025037740195100494,1.0,STABILIZED_WILSON_LOWER,649000.0,REBALANCE
686,2026-05-13,E_VOL_RISK,161390,0.09111476166390976,0.0,-0.09111476166390976,-0.09111476166390976,1.0,STABILIZED_WILSON_LOWER,59100.0,HARD_STOP
687,2026-05-14,A0_LEGACY,443060,0.18413016070366356,0.21288959929094464,0.028759438587281083,0.028759438587281083,1.0,STABILIZED_WILSON_LOWER,222000.0,REBALANCE
688,2026-05-14,X_CAP15_ONLY,086280,0.0,0.15,0.15,0.15,1.0,STABILIZED_WILSON_LOWER,263000.0,ENTRY
689,2026-05-14,A_CURRENT,012330,0.17967899113691185,0.15,-0.02967899113691186,-0.02967899113691186,1.0,STABILIZED_WILSON_LOWER,650000.0,REBALANCE
690,2026-05-14,A_CURRENT,086280,0.0,0.15,0.15,0.15,1.0,STABILIZED_WILSON_LOWER,263000.0,ENTRY
691,2026-05-14,A_CURRENT,443060,0.13204711778458014,0.0,-0.13204711778458014,-0.13204711778458014,1.0,STABILIZED_WILSON_LOWER,222000.0,HARD_STOP
692,2026-05-14,R_EXIT_RECOVERY,010060,0.1683905992633495,0.15,-0.018390599263349516,-0.018390599263349516,1.0,STABILIZED_WILSON_LOWER,364500.0,REBALANCE
693,2026-05-14,R_TREND_REARM,086280,0.0,0.15,0.15,0.15,1.0,STABILIZED_WILSON_LOWER,263000.0,CONFIRMED_REENTRY
694,2026-05-14,B_EQUAL,005490,0.15128680618228854,0.0,-0.15128680618228854,-0.15128680618228854,1.0,STABILIZED_WILSON_LOWER,484325.6875,TRAILING_STOP
695,2026-05-14,B_EQUAL,010060,0.15346458662381807,0.12857142857142856,-0.024893158052389508,-0.024893158052389508,1.0,STABILIZED_WILSON_LOWER,364500.0,REBALANCE
696,2026-05-14,B_EQUAL,012330,0.0,0.12857142857142856,0.12857142857142856,0.12857142857142856,1.0,STABILIZED_WILSON_LOWER,650000.0,ENTRY
697,2026-05-14,B_EQUAL,086280,0.0,0.12857142857142856,0.12857142857142856,0.12857142857142856,1.0,STABILIZED_WILSON_LOWER,263000.0,ENTRY
698,2026-05-14,B_EQUAL,161390,0.14481908276404912,0.12857142857142856,-0.01624765419262056,-0.01624765419262056,1.0,STABILIZED_WILSON_LOWER,61800.0,REBALANCE
699,2026-05-14,B_EQUAL,443060,0.0,0.12857142857142856,0.12857142857142856,0.12857142857142856,1.0,STABILIZED_WILSON_LOWER,222000.0,ENTRY
700,2026-05-14,C_CAP10,010060,0.11233645480153709,0.1,-0.012336454801537083,-0.012336454801537083,1.0,STABILIZED_WILSON_LOWER,364500.0,REBALANCE
701,2026-05-14,C_CAP10,012330,0.12329885932849058,0.1,-0.023298859328490573,-0.023298859328490573,1.0,STABILIZED_WILSON_LOWER,650000.0,REBALANCE
702,2026-05-14,C_CAP10,086280,0.0,0.1,0.1,0.1,1.0,STABILIZED_WILSON_LOWER,263000.0,ENTRY
703,2026-05-14,C_CAP08,012330,0.0,0.08,0.08,0.08,1.0,STABILIZED_WILSON_LOWER,650000.0,ENTRY
704,2026-05-14,D_BAND20,443060,0.1326106404219408,0.0,-0.1326106404219408,-0.1326106404219408,1.0,STABILIZED_WILSON_LOWER,222000.0,HARD_STOP
705,2026-05-14,E_VOL_RISK,086280,0.0,0.1,0.1,0.1,1.0,STABILIZED_WILSON_LOWER,263000.0,ENTRY
706,2026-05-14,E_VOL_RISK,443060,0.08359793713189416,0.0,-0.08359793713189416,-0.08359793713189416,1.0,STABILIZED_WILSON_LOWER,222000.0,HARD_STOP
707,2026-05-15,A0_LEGACY,278470,0.2459238075878735,0.31011369872034067,0.06418989113246718,0.06418989113246718,1.0,STABILIZED_WILSON_LOWER,404000.0,REBALANCE
708,2026-05-15,X_CAP15_ONLY,010060,0.13627617197983685,0.10792364016736401,-0.02835253181247284,-0.02835253181247284,1.0,STABILIZED_WILSON_LOWER,291000.0,REBALANCE
709,2026-05-15,X_COOLDOWN5,010060,0.13691906459170108,0.0,-0.13691906459170108,-0.13691906459170108,1.0,STABILIZED_WILSON_LOWER,291000.0,HARD_STOP
710,2026-05-15,X_COOLDOWN5,278470,0.0,0.15,0.15,0.15,1.0,STABILIZED_WILSON_LOWER,404000.0,ENTRY
711,2026-05-15,R_EXIT_RECOVERY,005490,0.15074810321146087,0.0,-0.15074810321146087,-0.15074810321146087,1.0,STABILIZED_WILSON_LOWER,465410.625,TRAILING_STOP
712,2026-05-15,R_EXIT_RECOVERY,012330,0.18084961952739786,0.15,-0.03084961952739787,-0.03084961952739787,1.0,STABILIZED_WILSON_LOWER,629000.0,REBALANCE
713,2026-05-15,R_EXIT_RECOVERY,086280,0.13724188763528772,0.0,-0.13724188763528772,-0.13724188763528772,1.0,STABILIZED_WILSON_LOWER,242000.0,HARD_STOP
714,2026-05-15,R_EXIT_RECOVERY,443060,0.1359972661225337,0.0,-0.1359972661225337,-0.1359972661225337,1.0,STABILIZED_WILSON_LOWER,215500.0,HARD_STOP
715,2026-05-15,R_TREND_REARM,443060,0.13329973051179686,0.0,-0.13329973051179686,-0.13329973051179686,1.0,STABILIZED_WILSON_LOWER,215500.0,HARD_STOP
716,2026-05-15,B_EQUAL,005490,0.0,0.12857142857142856,0.12857142857142856,0.12857142857142856,1.0,STABILIZED_WILSON_LOWER,465410.625,ENTRY
717,2026-05-15,B_EQUAL,010060,0.10841356692632935,0.0,-0.10841356692632935,-0.10841356692632935,1.0,STABILIZED_WILSON_LOWER,291000.0,HARD_STOP
718,2026-05-15,C_CAP10,005490,0.09010620115315239,0.0,-0.09010620115315239,-0.09010620115315239,1.0,STABILIZED_WILSON_LOWER,465410.625,HARD_STOP
719,2026-05-15,C_CAP10,010060,0.08366895125412607,0.0,-0.08366895125412607,-0.08366895125412607,1.0,STABILIZED_WILSON_LOWER,291000.0,TRAILING_STOP
720,2026-05-15,D_BAND20,443060,0.0,0.15,0.15,0.15,1.0,STABILIZED_WILSON_LOWER,215500.0,ENTRY
721,2026-05-15,E_VOL_RISK,010060,0.09292160267170747,0.0,-0.09292160267170747,-0.09292160267170747,1.0,STABILIZED_WILSON_LOWER,291000.0,HARD_STOP
722,2026-05-15,E_VOL_RISK,402340,0.10336542377954987,0.0,-0.10336542377954987,-0.10336542377954987,1.0,STABILIZED_WILSON_LOWER,1098000.0,TRAILING_STOP
723,2026-05-18,A0_LEGACY,010060,0.027990955548140878,0.03261090015145197,0.004619944603311089,0.004619944603311089,1.0,STABILIZED_WILSON_LOWER,318000.0,REBALANCE
724,2026-05-18,A0_LEGACY,012330,0.08803592286260138,0.0763564828025198,-0.011679440060081578,-0.011679440060081578,1.0,STABILIZED_WILSON_LOWER,571000.0,REBALANCE
725,2026-05-18,X_CAP15_ONLY,010060,0.11913874531690925,0.10792364016736401,-0.01121510514954524,-0.01121510514954524,1.0,STABILIZED_WILSON_LOWER,318000.0,REBALANCE
726,2026-05-18,A_CURRENT,278470,0.0,0.15,0.15,0.15,1.0,STABILIZED_WILSON_LOWER,402000.0,ENTRY
727,2026-05-18,A_CURRENT,402340,0.16164871515690366,0.0,-0.16164871515690366,-0.16164871515690366,1.0,STABILIZED_WILSON_LOWER,1093000.0,TRAILING_STOP
728,2026-05-18,X_COOLDOWN5,012330,0.14332517705183712,0.0,-0.14332517705183712,-0.14332517705183712,1.0,STABILIZED_WILSON_LOWER,571000.0,HARD_STOP
729,2026-05-18,X_COOLDOWN5,086280,0.13192909140455167,0.0,-0.13192909140455167,-0.13192909140455167,1.0,STABILIZED_WILSON_LOWER,230000.0,HARD_STOP
730,2026-05-18,X_COOLDOWN5,402340,0.16325130515754335,0.0,-0.16325130515754335,-0.16325130515754335,1.0,STABILIZED_WILSON_LOWER,1093000.0,TRAILING_STOP
731,2026-05-18,X_COOLDOWN5,443060,0.0,0.15,0.15,0.15,1.0,STABILIZED_WILSON_LOWER,221000.0,ENTRY
732,2026-05-18,R_EXIT_RECOVERY,012330,0.13653118770040246,0.0,-0.13653118770040246,-0.13653118770040246,1.0,STABILIZED_WILSON_LOWER,571000.0,TRAILING_STOP
733,2026-05-18,R_TREND_REARM,086280,0.1356085852267126,0.0,-0.1356085852267126,-0.1356085852267126,1.0,STABILIZED_WILSON_LOWER,230000.0,HARD_STOP
734,2026-05-18,R_TREND_REARM,402340,0.14378803886308753,0.0,-0.14378803886308753,-0.14378803886308753,1.0,STABILIZED_WILSON_LOWER,1093000.0,TRAILING_STOP
735,2026-05-18,B_EQUAL,010060,0.0,0.15,0.15,0.15,1.0,STABILIZED_WILSON_LOWER,318000.0,ENTRY
736,2026-05-18,B_EQUAL,012330,0.1214517323816878,0.0,-0.1214517323816878,-0.1214517323816878,1.0,STABILIZED_WILSON_LOWER,571000.0,HARD_STOP
737,2026-05-18,B_EQUAL,086280,0.12090744668523852,0.0,-0.12090744668523852,-0.12090744668523852,1.0,STABILIZED_WILSON_LOWER,230000.0,HARD_STOP
738,2026-05-18,C_CAP10,010060,0.0,0.1,0.1,0.1,1.0,STABILIZED_WILSON_LOWER,318000.0,ENTRY
739,2026-05-18,C_CAP10,086280,0.09311689775900148,0.0,-0.09311689775900148,-0.09311689775900148,1.0,STABILIZED_WILSON_LOWER,230000.0,HARD_STOP
740,2026-05-18,C_CAP10,278470,0.10358591728346857,0.0,-0.10358591728346857,-0.10358591728346857,1.0,STABILIZED_WILSON_LOWER,402000.0,TRAILING_STOP
741,2026-05-18,D_BAND20,005490,0.1458212645992677,0.0,-0.1458212645992677,-0.1458212645992677,1.0,STABILIZED_WILSON_LOWER,460930.71875,TRAILING_STOP
742,2026-05-18,D_BAND20,278470,0.0,0.15,0.15,0.15,1.0,STABILIZED_WILSON_LOWER,402000.0,ENTRY
743,2026-05-18,D_BAND20,402340,0.15606337710935392,0.0,-0.15606337710935392,-0.15606337710935392,1.0,STABILIZED_WILSON_LOWER,1093000.0,TRAILING_STOP
744,2026-05-18,E_VOL_RISK,086280,0.09293287025171626,0.0,-0.09293287025171626,-0.09293287025171626,1.0,STABILIZED_WILSON_LOWER,230000.0,HARD_STOP
745,2026-05-19,A0_LEGACY,005490,0.011309031693749678,0.01271406308303517,0.001405031389285492,0.001405031389285492,1.0,STABILIZED_WILSON_LOWER,438531.28125,REBALANCE
746,2026-05-19,X_CAP15_ONLY,278470,0.16669770955257743,0.15,-0.016697709552577433,-0.016697709552577433,1.0,STABILIZED_WILSON_LOWER,397500.0,REBALANCE
747,2026-05-19,A_CURRENT,010060,0.0,0.15,0.15,0.15,1.0,STABILIZED_WILSON_LOWER,294500.0,ENTRY
748,2026-05-19,A_CURRENT,086280,0.1311516183318612,0.0,-0.1311516183318612,-0.1311516183318612,1.0,STABILIZED_WILSON_LOWER,214000.0,HARD_STOP
749,2026-05-19,R_EXIT_RECOVERY,402340,0.1518783897794581,0.0,-0.1518783897794581,-0.1518783897794581,1.0,STABILIZED_WILSON_LOWER,1020000.0,TRAILING_STOP
750,2026-05-19,B_EQUAL,402340,0.1542373186889892,0.0,-0.1542373186889892,-0.1542373186889892,1.0,STABILIZED_WILSON_LOWER,1020000.0,TRAILING_STOP
751,2026-05-19,C_CAP10,012330,0.08811959877484825,0.0,-0.08811959877484825,-0.08811959877484825,1.0,STABILIZED_WILSON_LOWER,525000.0,TRAILING_STOP
752,2026-05-19,C_CAP08,010060,0.07415239945357535,0.0,-0.07415239945357535,-0.07415239945357535,1.0,STABILIZED_WILSON_LOWER,294500.0,HARD_STOP
753,2026-05-19,C_CAP08,012330,0.06864412714587285,0.0,-0.06864412714587285,-0.06864412714587285,1.0,STABILIZED_WILSON_LOWER,525000.0,HARD_STOP
754,2026-05-19,C_CAP08,402340,0.08056912362348614,0.0,-0.08056912362348614,-0.08056912362348614,1.0,STABILIZED_WILSON_LOWER,1020000.0,TRAILING_STOP
755,2026-05-19,C_CAP08,443060,0.07252386890030028,0.0,-0.07252386890030028,-0.07252386890030028,1.0,STABILIZED_WILSON_LOWER,218000.0,HARD_STOP
756,2026-05-19,D_BAND20,012330,0.0,0.15,0.15,0.15,1.0,STABILIZED_WILSON_LOWER,525000.0,ENTRY
757,2026-05-19,D_BAND20,402340,0.0,0.15,0.15,0.15,1.0,STABILIZED_WILSON_LOWER,1020000.0,ENTRY
758,2026-05-20,X_COOLDOWN5,005490,0.0,0.15,0.15,0.15,1.0,STABILIZED_WILSON_LOWER,415136.3125,ENTRY
759,2026-05-20,R_EXIT_RECOVERY,010060,0.12625654153839447,0.0,-0.12625654153839447,-0.12625654153839447,1.0,STABILIZED_WILSON_LOWER,277500.0,HARD_STOP
760,2026-05-20,B_EQUAL,005490,0.12259839750904174,0.0,-0.12259839750904174,-0.12259839750904174,1.0,STABILIZED_WILSON_LOWER,415136.3125,HARD_STOP
761,2026-05-20,B_EQUAL,010060,0.13744224354296705,0.0,-0.13744224354296705,-0.13744224354296705,1.0,STABILIZED_WILSON_LOWER,277500.0,HARD_STOP
762,2026-05-20,B_EQUAL,278470,0.0,0.15,0.15,0.15,1.0,STABILIZED_WILSON_LOWER,390000.0,ENTRY
763,2026-05-20,B_EQUAL,402340,0.0,0.15,0.15,0.15,1.0,STABILIZED_WILSON_LOWER,1029000.0,ENTRY
764,2026-05-20,C_CAP10,010060,0.08999100246576121,0.0,-0.08999100246576121,-0.08999100246576121,1.0,STABILIZED_WILSON_LOWER,277500.0,HARD_STOP
765,2026-05-20,C_CAP10,012330,0.0,0.1,0.1,0.1,1.0,STABILIZED_WILSON_LOWER,535000.0,ENTRY
766,2026-05-20,C_CAP10,443060,0.0,0.1,0.1,0.1,1.0,STABILIZED_WILSON_LOWER,222000.0,ENTRY
767,2026-05-20,C_CAP08,005490,0.07011892163292653,0.0,-0.07011892163292653,-0.07011892163292653,1.0,STABILIZED_WILSON_LOWER,415136.3125,HARD_STOP
768,2026-05-20,C_CAP08,010060,0.0,0.08,0.08,0.08,1.0,STABILIZED_WILSON_LOWER,277500.0,ENTRY
769,2026-05-20,C_CAP08,012330,0.0,0.08,0.08,0.08,1.0,STABILIZED_WILSON_LOWER,535000.0,ENTRY
770,2026-05-20,C_CAP08,402340,0.0,0.08,0.08,0.08,1.0,STABILIZED_WILSON_LOWER,1029000.0,ENTRY
771,2026-05-20,E_VOL_RISK,012330,0.08752647360979328,0.0,-0.08752647360979328,-0.08752647360979328,1.0,STABILIZED_WILSON_LOWER,535000.0,TRAILING_STOP
772,2026-05-20,E_VOL_RISK,278470,0.09808203340002887,0.0,-0.09808203340002887,-0.09808203340002887,1.0,STABILIZED_WILSON_LOWER,390000.0,TRAILING_STOP
773,2026-05-21,A0_LEGACY,012330,0.0866823413005222,0.0763564828025198,-0.010325858498002397,-0.010325858498002397,1.0,STABILIZED_WILSON_LOWER,670000.0,REBALANCE
774,2026-05-21,X_CAP15_ONLY,402340,0.16898846459606326,0.15,-0.018988464596063265,-0.018988464596063265,1.0,STABILIZED_WILSON_LOWER,1179000.0,REBALANCE
775,2026-05-21,R_EXIT_RECOVERY,402340,0.0,0.15,0.15,0.15,1.0,STABILIZED_WILSON_LOWER,1179000.0,CONFIRMED_REENTRY
776,2026-05-21,B_EQUAL,443060,0.1450867813832487,0.12857142857142856,-0.01651535281182015,-0.01651535281182015,1.0,STABILIZED_WILSON_LOWER,230000.0,REBALANCE
777,2026-05-21,C_CAP10,010060,0.0,0.1,0.1,0.1,1.0,STABILIZED_WILSON_LOWER,280500.0,ENTRY
778,2026-05-21,C_CAP08,012330,0.09651855034703037,0.08,-0.01651855034703037,-0.01651855034703037,1.0,STABILIZED_WILSON_LOWER,670000.0,REBALANCE
779,2026-05-21,C_CAP08,402340,0.08830559071935458,0.08,-0.008305590719354577,-0.008305590719354577,1.0,STABILIZED_WILSON_LOWER,1179000.0,REBALANCE
780,2026-05-22,X_CAP15_ONLY,278470,0.13473650439598825,0.15,0.015263495604011745,0.015263495604011745,1.0,STABILIZED_WILSON_LOWER,391000.0,REBALANCE
781,2026-05-22,R_EXIT_RECOVERY,012330,0.0,0.15,0.15,0.15,1.0,STABILIZED_WILSON_LOWER,646000.0,CONFIRMED_REENTRY
782,2026-05-22,B_EQUAL,010060,0.0,0.12857142857142856,0.12857142857142856,0.12857142857142856,1.0,STABILIZED_WILSON_LOWER,314500.0,ENTRY
783,2026-05-22,B_EQUAL,161390,0.14205377961553678,0.12857142857142856,-0.01348235104410822,-0.01348235104410822,1.0,STABILIZED_WILSON_LOWER,63300.0,REBALANCE
784,2026-05-22,B_EQUAL,278470,0.14367026617793544,0.12857142857142856,-0.015098837606506876,-0.015098837606506876,1.0,STABILIZED_WILSON_LOWER,391000.0,REBALANCE
785,2026-05-22,C_CAP10,005490,0.0,0.1,0.1,0.1,1.0,STABILIZED_WILSON_LOWER,445500.0,ENTRY
786,2026-05-22,C_CAP10,010060,0.11020129195144007,0.1,-0.010201291951440067,-0.010201291951440067,1.0,STABILIZED_WILSON_LOWER,314500.0,REBALANCE
787,2026-05-22,C_CAP10,012330,0.1132939652487975,0.1,-0.013293965248797501,-0.013293965248797501,1.0,STABILIZED_WILSON_LOWER,646000.0,REBALANCE
788,2026-05-22,C_CAP08,278470,0.07635143496583172,0.0,-0.07635143496583172,-0.07635143496583172,1.0,STABILIZED_WILSON_LOWER,391000.0,TRAILING_STOP
789,2026-05-22,C_CAP08,443060,0.0,0.08,0.08,0.08,1.0,STABILIZED_WILSON_LOWER,245500.0,ENTRY
790,2026-05-22,D_BAND20,010060,0.1407104868762279,0.0,-0.1407104868762279,-0.1407104868762279,1.0,STABILIZED_WILSON_LOWER,314500.0,TRAILING_STOP
791,2026-05-26,A_CURRENT,402340,0.0,0.15,0.15,0.15,1.0,STABILIZED_WILSON_LOWER,1181000.0,ENTRY
792,2026-05-26,R_TREND_REARM,012330,0.0,0.15,0.15,0.15,1.0,STABILIZED_WILSON_LOWER,664000.0,CONFIRMED_REENTRY
793,2026-05-26,C_CAP10,010060,0.11208925789978808,0.1,-0.01208925789978807,-0.01208925789978807,1.0,STABILIZED_WILSON_LOWER,360000.0,REBALANCE
794,2026-05-26,C_CAP10,278470,0.0,0.1,0.1,0.1,1.0,STABILIZED_WILSON_LOWER,389500.0,ENTRY
795,2026-05-26,D_BAND20,005490,0.0,0.15,0.15,0.15,1.0,STABILIZED_WILSON_LOWER,442000.0,ENTRY
796,2026-05-26,D_BAND20,010060,0.0,0.15,0.15,0.15,1.0,STABILIZED_WILSON_LOWER,360000.0,ENTRY
797,2026-05-26,E_VOL_RISK,005490,0.0,0.1,0.1,0.1,1.0,STABILIZED_WILSON_LOWER,442000.0,ENTRY
798,2026-05-26,E_VOL_RISK,402340,0.0,0.1,0.1,0.1,1.0,STABILIZED_WILSON_LOWER,1181000.0,ENTRY
799,2026-05-27,A0_LEGACY,402340,0.24451173523779604,0.2214668890888738,-0.023044846148922243,-0.023044846148922243,1.0,STABILIZED_WILSON_LOWER,1276000.0,REBALANCE
800,2026-05-27,X_CAP15_ONLY,005490,0.037126954812018595,0.04207635983263593,0.004949405020617338,0.004949405020617338,1.0,STABILIZED_WILSON_LOWER,423500.0,REBALANCE
801,2026-05-27,A_CURRENT,010060,0.18029346255447767,0.15,-0.03029346255447768,-0.03029346255447768,1.0,STABILIZED_WILSON_LOWER,388000.0,REBALANCE
802,2026-05-27,A_CURRENT,278470,0.13406461358607694,0.15,0.01593538641392306,0.01593538641392306,1.0,STABILIZED_WILSON_LOWER,385000.0,REBALANCE
803,2026-05-27,A_CURRENT,443060,0.0,0.15,0.15,0.15,1.0,STABILIZED_WILSON_LOWER,241000.0,ENTRY
804,2026-05-27,X_COOLDOWN5,402340,0.0,0.15,0.15,0.15,1.0,STABILIZED_WILSON_LOWER,1276000.0,ENTRY
805,2026-05-27,R_TREND_REARM,402340,0.0,0.15,0.15,0.15,1.0,STABILIZED_WILSON_LOWER,1276000.0,CONFIRMED_REENTRY
806,2026-05-27,B_EQUAL,005490,0.0,0.12857142857142856,0.12857142857142856,0.12857142857142856,1.0,STABILIZED_WILSON_LOWER,423500.0,ENTRY
807,2026-05-27,B_EQUAL,012330,0.0,0.12857142857142856,0.12857142857142856,0.12857142857142856,1.0,STABILIZED_WILSON_LOWER,688000.0,ENTRY
808,2026-05-27,C_CAP10,402340,0.11321317763101432,0.1,-0.013213177631014317,-0.013213177631014317,1.0,STABILIZED_WILSON_LOWER,1276000.0,REBALANCE
809,2026-05-27,C_CAP08,010060,0.10398122652000141,0.08,-0.02398122652000141,-0.02398122652000141,1.0,STABILIZED_WILSON_LOWER,388000.0,REBALANCE
810,2026-05-27,E_VOL_RISK,010060,0.0,0.1,0.1,0.1,1.0,STABILIZED_WILSON_LOWER,388000.0,ENTRY
811,2026-05-28,A0_LEGACY,443060,0.21577292930175523,0.2467379661537786,0.03096503685202337,0.03096503685202337,1.0,STABILIZED_WILSON_LOWER,226000.0,REBALANCE
812,2026-05-28,X_CAP15_ONLY,443060,0.13430221494873318,0.15,0.015697785051266816,0.015697785051266816,1.0,STABILIZED_WILSON_LOWER,226000.0,REBALANCE
813,2026-05-28,A_CURRENT,005490,0.0,0.15,0.15,0.15,1.0,STABILIZED_WILSON_LOWER,420000.0,ENTRY
814,2026-05-28,X_COOLDOWN5,443060,0.15340234076088285,0.0,-0.15340234076088285,-0.15340234076088285,1.0,STABILIZED_WILSON_LOWER,226000.0,TRAILING_STOP
815,2026-05-28,R_EXIT_RECOVERY,010060,0.0,0.15,0.15,0.15,1.0,STABILIZED_WILSON_LOWER,364000.0,CONFIRMED_REENTRY
816,2026-05-28,B_EQUAL,161390,0.12573553732465315,0.15,0.02426446267534685,0.02426446267534685,1.0,STABILIZED_WILSON_LOWER,63000.0,REBALANCE
817,2026-05-28,B_EQUAL,402340,0.16927226446531612,0.15,-0.01927226446531613,-0.01927226446531613,1.0,STABILIZED_WILSON_LOWER,1237000.0,REBALANCE
818,2026-05-28,B_EQUAL,443060,0.1229380667736718,0.0,-0.1229380667736718,-0.1229380667736718,1.0,STABILIZED_WILSON_LOWER,226000.0,TRAILING_STOP
819,2026-05-28,C_CAP10,443060,0.09406837932037042,0.0,-0.09406837932037042,-0.09406837932037042,1.0,STABILIZED_WILSON_LOWER,226000.0,TRAILING_STOP
820,2026-05-28,C_CAP08,278470,0.0,0.08,0.08,0.08,1.0,STABILIZED_WILSON_LOWER,400500.0,ENTRY
821,2026-05-28,C_CAP08,443060,0.07243733274818352,0.0,-0.07243733274818352,-0.07243733274818352,1.0,STABILIZED_WILSON_LOWER,226000.0,TRAILING_STOP
822,2026-05-28,D_BAND20,443060,0.14465113608143268,0.0,-0.14465113608143268,-0.14465113608143268,1.0,STABILIZED_WILSON_LOWER,226000.0,TRAILING_STOP
823,2026-05-28,E_VOL_RISK,443060,0.0,0.1,0.1,0.1,1.0,STABILIZED_WILSON_LOWER,226000.0,ENTRY
824,2026-05-29,A0_LEGACY,010060,0.033999362622271184,0.0,-0.033999362622271184,-0.033999362622271184,1.0,STABILIZED_WILSON_LOWER,349500.0,REBALANCE
825,2026-05-29,A0_LEGACY,161390,0.0,0.14914231140123135,0.14914231140123135,0.14914231140123135,1.0,STABILIZED_WILSON_LOWER,66800.0,ENTRY
826,2026-05-29,A0_LEGACY,278470,0.28905664825342436,0.1808823529411765,-0.10817429531224787,-0.10817429531224787,1.0,STABILIZED_WILSON_LOWER,395500.0,REBALANCE
827,2026-05-29,A0_LEGACY,443060,0.2442344334149962,0.0,-0.2442344334149962,-0.2442344334149962,1.0,STABILIZED_WILSON_LOWER,224000.0,REBALANCE
828,2026-05-29,X_CAP15_ONLY,005490,0.04197930493902975,0.0,-0.04197930493902975,-0.04197930493902975,1.0,STABILIZED_WILSON_LOWER,423500.0,REBALANCE
829,2026-05-29,X_CAP15_ONLY,010060,0.10953342716064098,0.0,-0.10953342716064098,-0.10953342716064098,1.0,STABILIZED_WILSON_LOWER,349500.0,REBALANCE
830,2026-05-29,X_CAP15_ONLY,012330,0.1757677594884634,0.09051473708933727,-0.08525302239912613,-0.08525302239912613,1.0,STABILIZED_WILSON_LOWER,768000.0,REBALANCE
831,2026-05-29,X_CAP15_ONLY,021240,0.0,0.09790017594679569,0.09790017594679569,0.09790017594679569,1.0,STABILIZED_WILSON_LOWER,90000.0,ENTRY
832,2026-05-29,X_CAP15_ONLY,161390,0.0,0.1491244895688685,0.1491244895688685,0.1491244895688685,1.0,STABILIZED_WILSON_LOWER,66800.0,ENTRY
833,2026-05-29,A_CURRENT,034730,0.0,0.15,0.15,0.15,1.0,STABILIZED_WILSON_LOWER,676000.0,ENTRY
834,2026-05-29,X_COOLDOWN5,005490,0.1526071388592044,0.0,-0.1526071388592044,-0.1526071388592044,1.0,STABILIZED_WILSON_LOWER,423500.0,REBALANCE
835,2026-05-29,X_COOLDOWN5,012330,0.0,0.15,0.15,0.15,1.0,STABILIZED_WILSON_LOWER,768000.0,ENTRY
836,2026-05-29,X_COOLDOWN5,034730,0.0,0.15,0.15,0.15,1.0,STABILIZED_WILSON_LOWER,676000.0,ENTRY
837,2026-05-29,X_COOLDOWN5,161390,0.0,0.15,0.15,0.15,1.0,STABILIZED_WILSON_LOWER,66800.0,ENTRY
838,2026-05-29,X_COOLDOWN5,329180,0.0,0.15,0.15,0.15,1.0,STABILIZED_WILSON_LOWER,696000.0,ENTRY
839,2026-05-29,R_EXIT_RECOVERY,010060,0.1422794632592945,0.0,-0.1422794632592945,-0.1422794632592945,1.0,STABILIZED_WILSON_LOWER,349500.0,REBALANCE
840,2026-05-29,R_EXIT_RECOVERY,012330,0.1734102395811539,0.15,-0.023410239581153902,-0.023410239581153902,1.0,STABILIZED_WILSON_LOWER,768000.0,REBALANCE
841,2026-05-29,R_EXIT_RECOVERY,021240,0.0,0.15,0.15,0.15,1.0,STABILIZED_WILSON_LOWER,90000.0,ENTRY
842,2026-05-29,R_EXIT_RECOVERY,161390,0.0,0.15,0.15,0.15,1.0,STABILIZED_WILSON_LOWER,66800.0,CONFIRMED_REENTRY
843,2026-05-29,R_EXIT_RECOVERY,402340,0.1524277053081625,0.0,-0.1524277053081625,-0.1524277053081625,1.0,STABILIZED_WILSON_LOWER,1233000.0,REBALANCE
844,2026-05-29,R_TREND_REARM,012330,0.17035740458532272,0.15,-0.02035740458532273,-0.02035740458532273,1.0,STABILIZED_WILSON_LOWER,768000.0,REBALANCE
845,2026-05-29,R_TREND_REARM,402340,0.14309633974816735,0.0,-0.14309633974816735,-0.14309633974816735,1.0,STABILIZED_WILSON_LOWER,1233000.0,REBALANCE
846,2026-05-29,B_EQUAL,005490,0.12867003132663485,0.0,-0.12867003132663485,-0.12867003132663485,1.0,STABILIZED_WILSON_LOWER,423500.0,REBALANCE
847,2026-05-29,B_EQUAL,021240,0.0,0.15,0.15,0.15,1.0,STABILIZED_WILSON_LOWER,90000.0,ENTRY
848,2026-05-29,B_EQUAL,402340,0.14689817011134315,0.0,-0.14689817011134315,-0.14689817011134315,1.0,STABILIZED_WILSON_LOWER,1233000.0,REBALANCE
849,2026-05-29,C_CAP10,010060,0.09634726875018523,0.0,-0.09634726875018523,-0.09634726875018523,1.0,STABILIZED_WILSON_LOWER,349500.0,TRAILING_STOP
850,2026-05-29,C_CAP10,012330,0.11553287304429699,0.1,-0.015532873044296985,-0.015532873044296985,1.0,STABILIZED_WILSON_LOWER,768000.0,REBALANCE
851,2026-05-29,C_CAP10,034730,0.0,0.1,0.1,0.1,1.0,STABILIZED_WILSON_LOWER,676000.0,ENTRY
852,2026-05-29,C_CAP10,329180,0.0,0.1,0.1,0.1,1.0,STABILIZED_WILSON_LOWER,696000.0,ENTRY
853,2026-05-29,C_CAP08,010060,0.07219987990867124,0.0,-0.07219987990867124,-0.07219987990867124,1.0,STABILIZED_WILSON_LOWER,349500.0,TRAILING_STOP
854,2026-05-29,C_CAP08,034730,0.0,0.08,0.08,0.08,1.0,STABILIZED_WILSON_LOWER,676000.0,ENTRY
855,2026-05-29,C_CAP08,402340,0.08088476354107514,0.0,-0.08088476354107514,-0.08088476354107514,1.0,STABILIZED_WILSON_LOWER,1233000.0,REBALANCE
856,2026-05-29,D_BAND20,005490,0.14284786605662916,0.0,-0.14284786605662916,-0.14284786605662916,1.0,STABILIZED_WILSON_LOWER,423500.0,REBALANCE
857,2026-05-29,D_BAND20,010060,0.14473957431826068,0.0,-0.14473957431826068,-0.14473957431826068,1.0,STABILIZED_WILSON_LOWER,349500.0,TRAILING_STOP
858,2026-05-29,D_BAND20,021240,0.0,0.15,0.15,0.15,1.0,STABILIZED_WILSON_LOWER,90000.0,ENTRY
859,2026-05-29,D_BAND20,329180,0.0,0.15,0.15,0.15,1.0,STABILIZED_WILSON_LOWER,696000.0,ENTRY
860,2026-05-29,D_BAND20,402340,0.16430322169465425,0.0,-0.16430322169465425,-0.16430322169465425,1.0,STABILIZED_WILSON_LOWER,1233000.0,REBALANCE
861,2026-05-29,E_VOL_RISK,005490,0.09684321523024882,0.0,-0.09684321523024882,-0.09684321523024882,1.0,STABILIZED_WILSON_LOWER,423500.0,REBALANCE
862,2026-05-29,E_VOL_RISK,161390,0.0,0.1,0.1,0.1,1.0,STABILIZED_WILSON_LOWER,66800.0,ENTRY
863,2026-05-29,E_VOL_RISK,329180,0.0,0.1,0.1,0.1,1.0,STABILIZED_WILSON_LOWER,696000.0,ENTRY
864,2026-05-29,E_VOL_RISK,402340,0.10552399712382775,0.0,-0.10552399712382775,-0.10552399712382775,1.0,STABILIZED_WILSON_LOWER,1233000.0,REBALANCE
865,2026-06-01,A0_LEGACY,005490,0.010781260966949379,0.0,-0.010781260966949379,-0.010781260966949379,1.0,STABILIZED_WILSON_LOWER,413000.0,REBALANCE
866,2026-06-01,A0_LEGACY,161390,0.15017156491646558,0.11019433660653116,-0.039977228309934415,-0.039977228309934415,1.0,STABILIZED_WILSON_LOWER,68700.0,REBALANCE
867,2026-06-01,A0_LEGACY,278470,0.19097446798368822,0.1336455811829185,-0.057328886800769724,-0.057328886800769724,1.0,STABILIZED_WILSON_LOWER,426500.0,REBALANCE
868,2026-06-01,X_CAP15_ONLY,021240,0.09618646688742476,0.07252917532485971,-0.023657291562565047,-0.023657291562565047,1.0,STABILIZED_WILSON_LOWER,90000.0,REBALANCE
869,2026-06-01,X_CAP15_ONLY,161390,0.1506814341216481,0.1104786191094142,-0.04020281501223391,-0.04020281501223391,1.0,STABILIZED_WILSON_LOWER,68700.0,REBALANCE
870,2026-06-01,X_CAP15_ONLY,278470,0.15510071001492587,0.13399036387763721,-0.021110346137288655,-0.021110346137288655,1.0,STABILIZED_WILSON_LOWER,426500.0,REBALANCE
871,2026-06-01,X_CAP15_ONLY,443060,0.149451072228743,0.0,-0.149451072228743,-0.149451072228743,1.0,STABILIZED_WILSON_LOWER,233000.0,REBALANCE
872,2026-06-01,A_CURRENT,005490,0.14424951031578223,0.0,-0.14424951031578223,-0.14424951031578223,1.0,STABILIZED_WILSON_LOWER,413000.0,REBALANCE
873,2026-06-01,A_CURRENT,010060,0.13511594902564047,0.0,-0.13511594902564047,-0.13511594902564047,1.0,STABILIZED_WILSON_LOWER,351000.0,TRAILING_STOP
874,2026-06-01,A_CURRENT,012330,0.17142303865206832,0.06705768577376084,-0.10436535287830748,-0.10436535287830748,1.0,STABILIZED_WILSON_LOWER,761000.0,REBALANCE
875,2026-06-01,A_CURRENT,021240,0.0,0.07252917532485971,0.07252917532485971,0.07252917532485971,1.0,STABILIZED_WILSON_LOWER,90000.0,ENTRY
876,2026-06-01,A_CURRENT,402340,0.154302012430047,0.0,-0.154302012430047,-0.154302012430047,1.0,STABILIZED_WILSON_LOWER,1256000.0,REBALANCE
877,2026-06-01,X_COOLDOWN5,012330,0.1470710245727562,0.06705768577376084,-0.08001333879899536,-0.08001333879899536,1.0,STABILIZED_WILSON_LOWER,761000.0,REBALANCE
878,2026-06-01,X_COOLDOWN5,021240,0.0,0.07252917532485971,0.07252917532485971,0.07252917532485971,1.0,STABILIZED_WILSON_LOWER,90000.0,ENTRY
879,2026-06-01,X_COOLDOWN5,402340,0.14775015432650784,0.0,-0.14775015432650784,-0.14775015432650784,1.0,STABILIZED_WILSON_LOWER,1256000.0,REBALANCE
880,2026-06-01,R_TREND_REARM,021240,0.0,0.15,0.15,0.15,1.0,STABILIZED_WILSON_LOWER,90000.0,ENTRY
881,2026-06-01,R_TREND_REARM,161390,0.0,0.15,0.15,0.15,1.0,STABILIZED_WILSON_LOWER,68700.0,CONFIRMED_REENTRY
882,2026-06-01,R_TREND_REARM,267250,0.0,0.15,0.15,0.15,1.0,STABILIZED_WILSON_LOWER,281000.0,ENTRY
883,2026-06-01,R_TREND_REARM,329180,0.0,0.15,0.15,0.15,1.0,STABILIZED_WILSON_LOWER,684000.0,ENTRY
884,2026-06-01,B_EQUAL,086280,0.0,0.1125,0.1125,0.1125,1.0,STABILIZED_WILSON_LOWER,232500.0,ENTRY
885,2026-06-01,B_EQUAL,161390,0.15855725079921937,0.1125,-0.046057250799219365,-0.046057250799219365,1.0,STABILIZED_WILSON_LOWER,68700.0,REBALANCE
886,2026-06-01,B_EQUAL,267250,0.0,0.1125,0.1125,0.1125,1.0,STABILIZED_WILSON_LOWER,281000.0,ENTRY
887,2026-06-01,B_EQUAL,278470,0.1335802159168479,0.1125,-0.021080215916847903,-0.021080215916847903,1.0,STABILIZED_WILSON_LOWER,426500.0,REBALANCE
888,2026-06-01,C_CAP10,021240,0.0,0.1,0.1,0.1,1.0,STABILIZED_WILSON_LOWER,90000.0,ENTRY
889,2026-06-01,C_CAP08,021240,0.0,0.08,0.08,0.08,1.0,STABILIZED_WILSON_LOWER,90000.0,ENTRY
890,2026-06-01,C_CAP08,086280,0.0,0.08,0.08,0.08,1.0,STABILIZED_WILSON_LOWER,232500.0,ENTRY
891,2026-06-01,D_BAND20,267250,0.0,0.15,0.15,0.15,1.0,STABILIZED_WILSON_LOWER,281000.0,ENTRY
892,2026-06-01,E_VOL_RISK,010060,0.09128488830720202,0.0,-0.09128488830720202,-0.09128488830720202,1.0,STABILIZED_WILSON_LOWER,351000.0,HARD_STOP
893,2026-06-01,E_VOL_RISK,012330,0.0,0.1,0.1,0.1,1.0,STABILIZED_WILSON_LOWER,761000.0,ENTRY
894,2026-06-01,E_VOL_RISK,021240,0.0,0.1,0.1,0.1,1.0,STABILIZED_WILSON_LOWER,90000.0,ENTRY
895,2026-06-01,E_VOL_RISK,443060,0.1029651743364779,0.0,-0.1029651743364779,-0.1029651743364779,1.0,STABILIZED_WILSON_LOWER,233000.0,REBALANCE
896,2026-06-02,A0_LEGACY,021240,0.0,0.07970184476840389,0.07970184476840389,0.07970184476840389,1.0,STABILIZED_WILSON_LOWER,94600.0,ENTRY
897,2026-06-02,A0_LEGACY,034730,0.0,0.1640810668241084,0.1640810668241084,0.1640810668241084,1.0,STABILIZED_WILSON_LOWER,668000.0,ENTRY
898,2026-06-02,X_CAP15_ONLY,086280,0.12451954562779977,0.08331623826736621,-0.04120330736043355,-0.04120330736043355,1.0,STABILIZED_WILSON_LOWER,221500.0,REBALANCE
899,2026-06-02,X_CAP15_ONLY,329180,0.0,0.13331312452320793,0.13331312452320793,0.13331312452320793,1.0,STABILIZED_WILSON_LOWER,673000.0,ENTRY
900,2026-06-02,A_CURRENT,012330,0.0673982428688182,0.08044815188162811,0.013049909012809918,0.013049909012809918,1.0,STABILIZED_WILSON_LOWER,759000.0,REBALANCE
901,2026-06-02,A_CURRENT,021240,0.07682529916398609,0.08701222007674286,0.010186920912756775,0.010186920912756775,1.0,STABILIZED_WILSON_LOWER,94600.0,REBALANCE
902,2026-06-02,A_CURRENT,161390,0.0,0.13253962804162897,0.13253962804162897,0.13253962804162897,1.0,STABILIZED_WILSON_LOWER,69800.0,ENTRY
903,2026-06-02,A_CURRENT,443060,0.14176954104770145,0.0,-0.14176954104770145,-0.14176954104770145,1.0,STABILIZED_WILSON_LOWER,227000.0,REBALANCE
904,2026-06-02,X_COOLDOWN5,267250,0.0,0.15,0.15,0.15,1.0,STABILIZED_WILSON_LOWER,276500.0,ENTRY
905,2026-06-02,R_EXIT_RECOVERY,034730,0.0,0.15,0.15,0.15,1.0,STABILIZED_WILSON_LOWER,668000.0,CONFIRMED_REENTRY
906,2026-06-02,R_EXIT_RECOVERY,267250,0.0,0.15,0.15,0.15,1.0,STABILIZED_WILSON_LOWER,276500.0,ENTRY
907,2026-06-02,B_EQUAL,010060,0.12553614550815273,0.0,-0.12553614550815273,-0.12553614550815273,1.0,STABILIZED_WILSON_LOWER,316500.0,TRAILING_STOP
908,2026-06-02,B_EQUAL,012330,0.14265714135400148,0.1125,-0.03015714135400148,-0.03015714135400148,1.0,STABILIZED_WILSON_LOWER,759000.0,REBALANCE
909,2026-06-02,C_CAP10,005490,0.08626967403695679,0.0,-0.08626967403695679,-0.08626967403695679,1.0,STABILIZED_WILSON_LOWER,399000.0,HARD_STOP
910,2026-06-02,C_CAP10,402340,0.10444818347976528,0.0,-0.10444818347976528,-0.10444818347976528,1.0,STABILIZED_WILSON_LOWER,1346000.0,REBALANCE
911,2026-06-02,D_BAND20,012330,0.19653078860251408,0.08044815188162811,-0.11608263672088596,-0.11608263672088596,1.0,STABILIZED_WILSON_LOWER,759000.0,REBALANCE
912,2026-06-02,D_BAND20,021240,0.15769024789877112,0.08701222007674286,-0.07067802782202826,-0.07067802782202826,1.0,STABILIZED_WILSON_LOWER,94600.0,REBALANCE
913,2026-06-02,D_BAND20,034730,0.0,0.15,0.15,0.15,1.0,STABILIZED_WILSON_LOWER,668000.0,ENTRY
914,2026-06-02,D_BAND20,161390,0.0,0.13253962804162897,0.13253962804162897,0.13253962804162897,1.0,STABILIZED_WILSON_LOWER,69800.0,ENTRY
915,2026-06-02,E_VOL_RISK,034730,0.0,0.1,0.1,0.1,1.0,STABILIZED_WILSON_LOWER,668000.0,ENTRY
916,2026-06-02,E_VOL_RISK,267250,0.0,0.1,0.1,0.1,1.0,STABILIZED_WILSON_LOWER,276500.0,ENTRY
917,2026-06-04,A0_LEGACY,329180,0.0,0.14649693600883595,0.14649693600883595,0.14649693600883595,1.0,STABILIZED_WILSON_LOWER,651000.0,ENTRY
918,2026-06-04,X_CAP15_ONLY,402340,0.16216551383873615,0.0,-0.16216551383873615,-0.16216551383873615,1.0,STABILIZED_WILSON_LOWER,1361000.0,REBALANCE
919,2026-06-04,A_CURRENT,329180,0.0,0.15,0.15,0.15,1.0,STABILIZED_WILSON_LOWER,651000.0,ENTRY
920,2026-06-04,X_COOLDOWN5,012330,0.06608792449929317,0.08044815188162811,0.014360227382334945,0.014360227382334945,1.0,STABILIZED_WILSON_LOWER,748000.0,REBALANCE
921,2026-06-04,R_TREND_REARM,034730,0.0,0.15,0.15,0.15,1.0,STABILIZED_WILSON_LOWER,668000.0,CONFIRMED_REENTRY
922,2026-06-04,B_EQUAL,034730,0.0,0.1125,0.1125,0.1125,1.0,STABILIZED_WILSON_LOWER,668000.0,ENTRY
923,2026-06-04,B_EQUAL,329180,0.0,0.1125,0.1125,0.1125,1.0,STABILIZED_WILSON_LOWER,651000.0,ENTRY
924,2026-06-04,C_CAP08,161390,0.0896833330061213,0.08,-0.0096833330061213,-0.0096833330061213,1.0,STABILIZED_WILSON_LOWER,71800.0,REBALANCE
925,2026-06-04,C_CAP08,267250,0.0,0.08,0.08,0.08,1.0,STABILIZED_WILSON_LOWER,280000.0,ENTRY
926,2026-06-05,A0_LEGACY,267250,0.0,0.16738549763963234,0.16738549763963234,0.16738549763963234,1.0,STABILIZED_WILSON_LOWER,271500.0,ENTRY
927,2026-06-05,A0_LEGACY,402340,0.22231897796072828,0.0,-0.22231897796072828,-0.22231897796072828,1.0,STABILIZED_WILSON_LOWER,1258000.0,REBALANCE
928,2026-06-05,A_CURRENT,267250,0.0,0.15,0.15,0.15,1.0,STABILIZED_WILSON_LOWER,271500.0,ENTRY
929,2026-06-05,A_CURRENT,278470,0.15545621980363772,0.0,-0.15545621980363772,-0.15545621980363772,1.0,STABILIZED_WILSON_LOWER,389000.0,TRAILING_STOP
930,2026-06-05,R_EXIT_RECOVERY,012330,0.13847606202175586,0.0,-0.13847606202175586,-0.13847606202175586,1.0,STABILIZED_WILSON_LOWER,697000.0,TRAILING_STOP
931,2026-06-05,R_EXIT_RECOVERY,329180,0.0,0.15,0.15,0.15,1.0,STABILIZED_WILSON_LOWER,664000.0,ENTRY
932,2026-06-05,B_EQUAL,086280,0.10636361122951123,0.15,0.04363638877048877,0.04363638877048877,1.0,STABILIZED_WILSON_LOWER,209500.0,REBALANCE
933,2026-06-05,B_EQUAL,161390,0.11666619695313138,0.15,0.033333803046868615,0.033333803046868615,1.0,STABILIZED_WILSON_LOWER,67900.0,REBALANCE
934,2026-06-05,B_EQUAL,278470,0.10766203133822304,0.0,-0.10766203133822304,-0.10766203133822304,1.0,STABILIZED_WILSON_LOWER,389000.0,TRAILING_STOP
935,2026-06-05,B_EQUAL,329180,0.11779413365487622,0.15,0.032205866345123776,0.032205866345123776,1.0,STABILIZED_WILSON_LOWER,664000.0,REBALANCE
936,2026-06-05,C_CAP10,278470,0.10043999817350854,0.0,-0.10043999817350854,-0.10043999817350854,1.0,STABILIZED_WILSON_LOWER,389000.0,TRAILING_STOP
937,2026-06-05,C_CAP08,012330,0.08212204544182856,0.0,-0.08212204544182856,-0.08212204544182856,1.0,STABILIZED_WILSON_LOWER,697000.0,TRAILING_STOP
938,2026-06-05,E_VOL_RISK,012330,0.09308667337167363,0.0,-0.09308667337167363,-0.09308667337167363,1.0,STABILIZED_WILSON_LOWER,697000.0,HARD_STOP
939,2026-06-08,A0_LEGACY,278470,0.12582083645640957,0.14724114998419155,0.02142031352778198,0.02142031352778198,1.0,STABILIZED_WILSON_LOWER,366000.0,REBALANCE
940,2026-06-08,X_CAP15_ONLY,012330,0.0750894272587028,0.09051473708933727,0.015425309830634476,0.015425309830634476,1.0,STABILIZED_WILSON_LOWER,612000.0,REBALANCE
941,2026-06-08,A_CURRENT,012330,0.06998012800667597,0.0,-0.06998012800667597,-0.06998012800667597,1.0,STABILIZED_WILSON_LOWER,612000.0,TRAILING_STOP
942,2026-06-08,A_CURRENT,034730,0.13638515369412338,0.0,-0.13638515369412338,-0.13638515369412338,1.0,STABILIZED_WILSON_LOWER,572000.0,HARD_STOP
943,2026-06-08,X_COOLDOWN5,021240,0.07755956194392917,0.15,0.07244043805607082,0.07244043805607082,1.0,STABILIZED_WILSON_LOWER,87400.0,REBALANCE
944,2026-06-08,X_COOLDOWN5,034730,0.13829507014687883,0.0,-0.13829507014687883,-0.13829507014687883,1.0,STABILIZED_WILSON_LOWER,572000.0,HARD_STOP
945,2026-06-08,R_EXIT_RECOVERY,034730,0.13907775855575508,0.0,-0.13907775855575508,-0.13907775855575508,1.0,STABILIZED_WILSON_LOWER,572000.0,HARD_STOP
946,2026-06-08,R_EXIT_RECOVERY,267250,0.1456782318528346,0.0,-0.1456782318528346,-0.1456782318528346,1.0,STABILIZED_WILSON_LOWER,248000.0,HARD_STOP
947,2026-06-08,R_TREND_REARM,012330,0.1315626683870441,0.0,-0.1315626683870441,-0.1315626683870441,1.0,STABILIZED_WILSON_LOWER,612000.0,TRAILING_STOP
948,2026-06-08,R_TREND_REARM,267250,0.1455102758171213,0.0,-0.1455102758171213,-0.1455102758171213,1.0,STABILIZED_WILSON_LOWER,248000.0,HARD_STOP
949,2026-06-08,B_EQUAL,012330,0.10025335706323577,0.0,-0.10025335706323577,-0.10025335706323577,1.0,STABILIZED_WILSON_LOWER,612000.0,HARD_STOP
950,2026-06-08,B_EQUAL,086280,0.14749645989400428,0.0,-0.14749645989400428,-0.14749645989400428,1.0,STABILIZED_WILSON_LOWER,192000.0,HARD_STOP
951,2026-06-08,B_EQUAL,267250,0.11177649858612959,0.0,-0.11177649858612959,-0.11177649858612959,1.0,STABILIZED_WILSON_LOWER,248000.0,HARD_STOP
952,2026-06-08,C_CAP10,329180,0.09364698641240693,0.0,-0.09364698641240693,-0.09364698641240693,1.0,STABILIZED_WILSON_LOWER,621000.0,HARD_STOP
953,2026-06-08,C_CAP08,267250,0.07468020790723472,0.0,-0.07468020790723472,-0.07468020790723472,1.0,STABILIZED_WILSON_LOWER,248000.0,HARD_STOP
954,2026-06-08,D_BAND20,012330,0.07109615521234094,0.0,-0.07109615521234094,-0.07109615521234094,1.0,STABILIZED_WILSON_LOWER,612000.0,TRAILING_STOP
955,2026-06-08,D_BAND20,034730,0.14077684336770324,0.0,-0.14077684336770324,-0.14077684336770324,1.0,STABILIZED_WILSON_LOWER,572000.0,HARD_STOP
956,2026-06-08,D_BAND20,267250,0.14602409604673114,0.0,-0.14602409604673114,-0.14602409604673114,1.0,STABILIZED_WILSON_LOWER,248000.0,HARD_STOP
957,2026-06-08,E_VOL_RISK,021240,0.10196804188125094,0.0,-0.10196804188125094,-0.10196804188125094,1.0,STABILIZED_WILSON_LOWER,87400.0,TRAILING_STOP
958,2026-06-08,E_VOL_RISK,034730,0.09035323326052669,0.0,-0.09035323326052669,-0.09035323326052669,1.0,STABILIZED_WILSON_LOWER,572000.0,HARD_STOP
959,2026-06-08,E_VOL_RISK,161390,0.10473852045223953,0.0,-0.10473852045223953,-0.10473852045223953,1.0,STABILIZED_WILSON_LOWER,67000.0,TRAILING_STOP
960,2026-06-08,E_VOL_RISK,267250,0.094641295633935,0.0,-0.094641295633935,-0.094641295633935,1.0,STABILIZED_WILSON_LOWER,248000.0,HARD_STOP
961,2026-06-08,E_VOL_RISK,329180,0.0931730806359616,0.0,-0.0931730806359616,-0.0931730806359616,1.0,STABILIZED_WILSON_LOWER,621000.0,HARD_STOP
962,2026-06-09,X_CAP15_ONLY,021240,0.07694143521321926,0.09790017594679569,0.020958740733576425,0.020958740733576425,1.0,STABILIZED_WILSON_LOWER,92400.0,REBALANCE
963,2026-06-09,X_CAP15_ONLY,034730,0.0,0.15,0.15,0.15,1.0,STABILIZED_WILSON_LOWER,594000.0,ENTRY
964,2026-06-09,A_CURRENT,021240,0.09069638777741106,0.15,0.05930361222258894,0.05930361222258894,1.0,STABILIZED_WILSON_LOWER,92400.0,REBALANCE
965,2026-06-09,X_COOLDOWN5,012330,0.06815760817938227,0.0,-0.06815760817938227,-0.06815760817938227,1.0,STABILIZED_WILSON_LOWER,595000.0,HARD_STOP
966,2026-06-09,X_COOLDOWN5,161390,0.17321663257715422,0.15,-0.023216632577154228,-0.023216632577154228,1.0,STABILIZED_WILSON_LOWER,73000.0,REBALANCE
967,2026-06-09,X_COOLDOWN5,278470,0.16273435118684337,0.0,-0.16273435118684337,-0.16273435118684337,1.0,STABILIZED_WILSON_LOWER,405000.0,REBALANCE
968,2026-06-09,X_COOLDOWN5,329180,0.1393751591553729,0.0,-0.1393751591553729,-0.1393751591553729,1.0,STABILIZED_WILSON_LOWER,612000.0,HARD_STOP
969,2026-06-09,R_EXIT_RECOVERY,161390,0.17164252579388994,0.15,-0.02164252579388995,-0.02164252579388995,1.0,STABILIZED_WILSON_LOWER,73000.0,REBALANCE
970,2026-06-09,R_TREND_REARM,034730,0.14298564513371848,0.0,-0.14298564513371848,-0.14298564513371848,1.0,STABILIZED_WILSON_LOWER,594000.0,HARD_STOP
971,2026-06-09,B_EQUAL,021240,0.16681562398947153,0.15,-0.016815623989471534,-0.016815623989471534,1.0,STABILIZED_WILSON_LOWER,92400.0,REBALANCE
972,2026-06-09,B_EQUAL,161390,0.1687461824008755,0.15,-0.0187461824008755,-0.0187461824008755,1.0,STABILIZED_WILSON_LOWER,73000.0,REBALANCE
973,2026-06-09,C_CAP10,012330,0.08000072456099014,0.0,-0.08000072456099014,-0.08000072456099014,1.0,STABILIZED_WILSON_LOWER,595000.0,TRAILING_STOP
974,2026-06-09,C_CAP10,161390,0.11334049413819042,0.1,-0.013340494138190412,-0.013340494138190412,1.0,STABILIZED_WILSON_LOWER,73000.0,REBALANCE
975,2026-06-09,C_CAP08,086280,0.07042801676504762,0.0,-0.07042801676504762,-0.07042801676504762,1.0,STABILIZED_WILSON_LOWER,198000.0,HARD_STOP
976,2026-06-09,C_CAP08,329180,0.0,0.08,0.08,0.08,1.0,STABILIZED_WILSON_LOWER,612000.0,ENTRY
977,2026-06-09,D_BAND20,329180,0.1403620112120358,0.0,-0.1403620112120358,-0.1403620112120358,1.0,STABILIZED_WILSON_LOWER,612000.0,HARD_STOP
978,2026-06-10,A_CURRENT,267250,0.13951837249606805,0.0,-0.13951837249606805,-0.13951837249606805,1.0,STABILIZED_WILSON_LOWER,242500.0,HARD_STOP
979,2026-06-10,A_CURRENT,278470,0.0,0.15,0.15,0.15,1.0,STABILIZED_WILSON_LOWER,410500.0,ENTRY
980,2026-06-10,B_EQUAL,034730,0.10489477292951872,0.0,-0.10489477292951872,-0.10489477292951872,1.0,STABILIZED_WILSON_LOWER,579000.0,HARD_STOP
981,2026-06-10,B_EQUAL,278470,0.0,0.15,0.15,0.15,1.0,STABILIZED_WILSON_LOWER,410500.0,ENTRY
982,2026-06-10,D_BAND20,021240,0.09033037190015265,0.15,0.05966962809984734,0.05966962809984734,1.0,STABILIZED_WILSON_LOWER,92000.0,REBALANCE
983,2026-06-11,X_CAP15_ONLY,086280,0.07647846336289155,0.11246059739499849,0.03598213403210694,0.03598213403210694,1.0,STABILIZED_WILSON_LOWER,195800.0,REBALANCE
984,2026-06-11,X_CAP15_ONLY,329180,0.13288039309534821,0.15,0.01711960690465178,0.01711960690465178,1.0,STABILIZED_WILSON_LOWER,646000.0,REBALANCE
985,2026-06-11,A_CURRENT,012330,0.0,0.15,0.15,0.15,1.0,STABILIZED_WILSON_LOWER,576000.0,ENTRY
986,2026-06-11,X_COOLDOWN5,267250,0.14200376387123323,0.0,-0.14200376387123323,-0.14200376387123323,1.0,STABILIZED_WILSON_LOWER,245500.0,HARD_STOP
987,2026-06-11,B_EQUAL,012330,0.0,0.15,0.15,0.15,1.0,STABILIZED_WILSON_LOWER,576000.0,ENTRY
988,2026-06-11,B_EQUAL,034730,0.0,0.15,0.15,0.15,1.0,STABILIZED_WILSON_LOWER,575000.0,ENTRY
989,2026-06-11,C_CAP10,034730,0.08836050225624091,0.0,-0.08836050225624091,-0.08836050225624091,1.0,STABILIZED_WILSON_LOWER,575000.0,HARD_STOP
990,2026-06-11,C_CAP10,278470,0.0,0.1,0.1,0.1,1.0,STABILIZED_WILSON_LOWER,410500.0,ENTRY
991,2026-06-11,C_CAP08,012330,0.0,0.08,0.08,0.08,1.0,STABILIZED_WILSON_LOWER,576000.0,ENTRY
992,2026-06-11,C_CAP08,034730,0.06991304667812838,0.0,-0.06991304667812838,-0.06991304667812838,1.0,STABILIZED_WILSON_LOWER,575000.0,HARD_STOP
993,2026-06-12,X_CAP15_ONLY,278470,0.12701612909995685,0.15,0.02298387090004314,0.02298387090004314,1.0,STABILIZED_WILSON_LOWER,394000.0,REBALANCE
994,2026-06-12,R_TREND_REARM,161390,0.16819071413247869,0.15,-0.01819071413247869,-0.01819071413247869,1.0,STABILIZED_WILSON_LOWER,72000.0,REBALANCE
995,2026-06-12,C_CAP08,034730,0.0,0.08,0.08,0.08,1.0,STABILIZED_WILSON_LOWER,593000.0,ENTRY
996,2026-06-12,D_BAND20,034730,0.0,0.15,0.15,0.15,1.0,STABILIZED_WILSON_LOWER,593000.0,ENTRY
997,2026-06-15,A0_LEGACY,329180,0.16313674121898833,0.14649693600883595,-0.016639805210152375,-0.016639805210152375,1.0,STABILIZED_WILSON_LOWER,714000.0,REBALANCE
998,2026-06-15,X_CAP15_ONLY,086280,0.11717079988142658,0.0,-0.11717079988142658,-0.11717079988142658,1.0,STABILIZED_WILSON_LOWER,216500.0,REBALANCE
999,2026-06-15,X_CAP15_ONLY,161390,0.1154518908311124,0.13253962804162897,0.017087737210516568,0.017087737210516568,1.0,STABILIZED_WILSON_LOWER,73500.0,REBALANCE
1000,2026-06-15,A_CURRENT,021240,0.14196740514203465,0.08701222007674286,-0.05495518506529179,-0.05495518506529179,1.0,STABILIZED_WILSON_LOWER,91300.0,REBALANCE
1001,2026-06-15,A_CURRENT,329180,0.1686232007852535,0.15,-0.018623200785253508,-0.018623200785253508,1.0,STABILIZED_WILSON_LOWER,714000.0,REBALANCE
1002,2026-06-15,B_EQUAL,034730,0.15942683864500087,0.12857142857142856,-0.030855410073572315,-0.030855410073572315,1.0,STABILIZED_WILSON_LOWER,646000.0,REBALANCE
1003,2026-06-15,B_EQUAL,267250,0.0,0.12857142857142856,0.12857142857142856,0.12857142857142856,1.0,STABILIZED_WILSON_LOWER,268000.0,ENTRY
1004,2026-06-15,B_EQUAL,278470,0.14348850822968706,0.12857142857142856,-0.014917079658258503,-0.014917079658258503,1.0,STABILIZED_WILSON_LOWER,416000.0,REBALANCE
1005,2026-06-15,B_EQUAL,329180,0.1595446545693393,0.12857142857142856,-0.030973225997910747,-0.030973225997910747,1.0,STABILIZED_WILSON_LOWER,714000.0,REBALANCE
1006,2026-06-16,A0_LEGACY,012330,0.07249071331693989,0.06217032576325224,-0.010320387553687652,-0.010320387553687652,1.0,STABILIZED_WILSON_LOWER,660000.0,REBALANCE
1007,2026-06-16,A0_LEGACY,267250,0.16369111770529074,0.1412201847130919,-0.02247093299219885,-0.02247093299219885,1.0,STABILIZED_WILSON_LOWER,272000.0,REBALANCE
1008,2026-06-16,A0_LEGACY,278470,0.14707804283337161,0.1242247547807408,-0.022853288052630816,-0.022853288052630816,1.0,STABILIZED_WILSON_LOWER,399500.0,REBALANCE
1009,2026-06-16,X_CAP15_ONLY,012330,0.09042856673679557,0.08044815188162811,-0.009980414855167458,-0.009980414855167458,1.0,STABILIZED_WILSON_LOWER,660000.0,REBALANCE
1010,2026-06-16,R_EXIT_RECOVERY,034730,0.0,0.15,0.15,0.15,1.0,STABILIZED_WILSON_LOWER,673000.0,CONFIRMED_REENTRY
1011,2026-06-16,B_EQUAL,021240,0.14006190504889673,0.1125,-0.02756190504889673,-0.02756190504889673,1.0,STABILIZED_WILSON_LOWER,91200.0,REBALANCE
1012,2026-06-16,C_CAP10,180640,0.0,0.1,0.1,0.1,1.0,STABILIZED_WILSON_LOWER,127900.0,ENTRY
1013,2026-06-16,C_CAP10,329180,0.0,0.1,0.1,0.1,1.0,STABILIZED_WILSON_LOWER,698000.0,ENTRY
1014,2026-06-16,C_CAP08,180640,0.0,0.08,0.08,0.08,1.0,STABILIZED_WILSON_LOWER,127900.0,ENTRY
1015,2026-06-16,D_BAND20,021240,0.1464191999159525,0.08701222007674286,-0.059406979839209645,-0.059406979839209645,1.0,STABILIZED_WILSON_LOWER,91200.0,REBALANCE
1016,2026-06-16,E_VOL_RISK,021240,0.0,0.1,0.1,0.1,1.0,STABILIZED_WILSON_LOWER,91200.0,ENTRY
1017,2026-06-16,E_VOL_RISK,034730,0.0,0.1,0.1,0.1,1.0,STABILIZED_WILSON_LOWER,673000.0,ENTRY
1018,2026-06-16,E_VOL_RISK,180640,0.0,0.1,0.1,0.1,1.0,STABILIZED_WILSON_LOWER,127900.0,ENTRY
1019,2026-06-17,A0_LEGACY,161390,0.10906715864341966,0.12140424472009786,0.012337086076678203,0.012337086076678203,1.0,STABILIZED_WILSON_LOWER,67800.0,REBALANCE
1020,2026-06-17,A0_LEGACY,278470,0.12688968983409854,0.14724114998419155,0.02035146015009301,0.02035146015009301,1.0,STABILIZED_WILSON_LOWER,408500.0,REBALANCE
1021,2026-06-17,X_CAP15_ONLY,034730,0.16901290610842307,0.15,-0.019012906108423072,-0.019012906108423072,1.0,STABILIZED_WILSON_LOWER,708000.0,REBALANCE
1022,2026-06-17,X_CAP15_ONLY,161390,0.12226320352449747,0.15,0.02773679647550252,0.02773679647550252,1.0,STABILIZED_WILSON_LOWER,67800.0,REBALANCE
1023,2026-06-17,A_CURRENT,034730,0.0,0.15,0.15,0.15,1.0,STABILIZED_WILSON_LOWER,708000.0,ENTRY
1024,2026-06-17,X_COOLDOWN5,012330,0.0,0.15,0.15,0.15,1.0,STABILIZED_WILSON_LOWER,631000.0,ENTRY
1025,2026-06-17,R_TREND_REARM,034730,0.0,0.15,0.15,0.15,1.0,STABILIZED_WILSON_LOWER,708000.0,CONFIRMED_REENTRY
1026,2026-06-17,B_EQUAL,012330,0.15648433216876273,0.12857142857142856,-0.02791290359733417,-0.02791290359733417,1.0,STABILIZED_WILSON_LOWER,631000.0,REBALANCE
1027,2026-06-17,C_CAP10,034730,0.0,0.1,0.1,0.1,1.0,STABILIZED_WILSON_LOWER,708000.0,ENTRY
1028,2026-06-17,C_CAP08,034730,0.09331203792831072,0.08,-0.013312037928310719,-0.013312037928310719,1.0,STABILIZED_WILSON_LOWER,708000.0,REBALANCE
1029,2026-06-17,C_CAP08,329180,0.09024610827767451,0.08,-0.010246108277674512,-0.010246108277674512,1.0,STABILIZED_WILSON_LOWER,707000.0,REBALANCE
1030,2026-06-17,D_BAND20,012330,0.0,0.15,0.15,0.15,1.0,STABILIZED_WILSON_LOWER,631000.0,ENTRY
1031,2026-06-17,E_VOL_RISK,329180,0.0,0.1,0.1,0.1,1.0,STABILIZED_WILSON_LOWER,707000.0,ENTRY
1032,2026-06-18,A_CURRENT,012330,0.15889750705193753,0.0,-0.15889750705193753,-0.15889750705193753,1.0,STABILIZED_WILSON_LOWER,603000.0,TRAILING_STOP
1033,2026-06-18,A_CURRENT,021240,0.09118550914430588,0.15,0.05881449085569411,0.05881449085569411,1.0,STABILIZED_WILSON_LOWER,91000.0,REBALANCE
1034,2026-06-18,A_CURRENT,161390,0.13387411482354758,0.0,-0.13387411482354758,-0.13387411482354758,1.0,STABILIZED_WILSON_LOWER,65600.0,TRAILING_STOP
1035,2026-06-18,A_CURRENT,278470,0.139453365522227,0.0,-0.139453365522227,-0.139453365522227,1.0,STABILIZED_WILSON_LOWER,378000.0,TRAILING_STOP
1036,2026-06-18,X_COOLDOWN5,034730,0.0,0.15,0.15,0.15,1.0,STABILIZED_WILSON_LOWER,687000.0,ENTRY
1037,2026-06-18,X_COOLDOWN5,329180,0.0,0.15,0.15,0.15,1.0,STABILIZED_WILSON_LOWER,684000.0,ENTRY
1038,2026-06-18,R_EXIT_RECOVERY,161390,0.13449089300919803,0.0,-0.13449089300919803,-0.13449089300919803,1.0,STABILIZED_WILSON_LOWER,65600.0,TRAILING_STOP
1039,2026-06-18,B_EQUAL,012330,0.12804629329897266,0.0,-0.12804629329897266,-0.12804629329897266,1.0,STABILIZED_WILSON_LOWER,603000.0,TRAILING_STOP
1040,2026-06-18,B_EQUAL,021240,0.11767013213159902,0.15,0.032329867868400974,0.032329867868400974,1.0,STABILIZED_WILSON_LOWER,91000.0,REBALANCE
1041,2026-06-18,B_EQUAL,161390,0.1336734958473293,0.0,-0.1336734958473293,-0.1336734958473293,1.0,STABILIZED_WILSON_LOWER,65600.0,TRAILING_STOP
1042,2026-06-18,C_CAP10,278470,0.09452176514084451,0.0,-0.09452176514084451,-0.09452176514084451,1.0,STABILIZED_WILSON_LOWER,378000.0,TRAILING_STOP
1043,2026-06-18,C_CAP08,278470,0.07643180928813305,0.0,-0.07643180928813305,-0.07643180928813305,1.0,STABILIZED_WILSON_LOWER,378000.0,TRAILING_STOP
1044,2026-06-18,D_BAND20,161390,0.13387404015859367,0.0,-0.13387404015859367,-0.13387404015859367,1.0,STABILIZED_WILSON_LOWER,65600.0,TRAILING_STOP
1045,2026-06-18,E_VOL_RISK,012330,0.0,0.1,0.1,0.1,1.0,STABILIZED_WILSON_LOWER,603000.0,ENTRY
1046,2026-06-18,E_VOL_RISK,161390,0.0,0.1,0.1,0.1,1.0,STABILIZED_WILSON_LOWER,65600.0,ENTRY
1047,2026-06-19,X_CAP15_ONLY,180640,0.0,0.15,0.15,0.15,1.0,STABILIZED_WILSON_LOWER,121100.0,ENTRY
1048,2026-06-19,X_COOLDOWN5,161390,0.1396933680381995,0.0,-0.1396933680381995,-0.1396933680381995,1.0,STABILIZED_WILSON_LOWER,66700.0,TRAILING_STOP
1049,2026-06-19,R_TREND_REARM,161390,0.13986517217607955,0.0,-0.13986517217607955,-0.13986517217607955,1.0,STABILIZED_WILSON_LOWER,66700.0,TRAILING_STOP
1050,2026-06-19,R_TREND_REARM,180640,0.0,0.15,0.15,0.15,1.0,STABILIZED_WILSON_LOWER,121100.0,ENTRY
1051,2026-06-19,B_EQUAL,021240,0.1445015652304921,0.12857142857142856,-0.015930136659063537,-0.015930136659063537,1.0,STABILIZED_WILSON_LOWER,87400.0,REBALANCE
1052,2026-06-19,B_EQUAL,034730,0.1516224752284107,0.12857142857142856,-0.023051046656982155,-0.023051046656982155,1.0,STABILIZED_WILSON_LOWER,724000.0,REBALANCE
1053,2026-06-19,B_EQUAL,267250,0.11635730925278329,0.0,-0.11635730925278329,-0.11635730925278329,1.0,STABILIZED_WILSON_LOWER,230500.0,HARD_STOP
1054,2026-06-19,C_CAP10,012330,0.0,0.1,0.1,0.1,1.0,STABILIZED_WILSON_LOWER,612000.0,ENTRY
1055,2026-06-19,C_CAP08,161390,0.07596178033044079,0.0,-0.07596178033044079,-0.07596178033044079,1.0,STABILIZED_WILSON_LOWER,66700.0,TRAILING_STOP
1056,2026-06-19,D_BAND20,034730,0.18093470347772225,0.15,-0.03093470347772226,-0.03093470347772226,1.0,STABILIZED_WILSON_LOWER,724000.0,REBALANCE
1057,2026-06-22,A0_LEGACY,012330,0.05687284208317416,0.09052555448408871,0.033652712400914546,0.033652712400914546,1.0,STABILIZED_WILSON_LOWER,569000.0,REBALANCE
1058,2026-06-22,A0_LEGACY,267250,0.1234040313045518,0.0,-0.1234040313045518,-0.1234040313045518,1.0,STABILIZED_WILSON_LOWER,224000.0,REBALANCE
1059,2026-06-22,X_CAP15_ONLY,161390,0.15071801229544077,0.13253962804162897,-0.018178384253811797,-0.018178384253811797,1.0,STABILIZED_WILSON_LOWER,64500.0,REBALANCE
1060,2026-06-22,R_EXIT_RECOVERY,021240,0.15128125391816663,0.0,-0.15128125391816663,-0.15128125391816663,1.0,STABILIZED_WILSON_LOWER,86000.0,TRAILING_STOP
1061,2026-06-22,R_EXIT_RECOVERY,329180,0.14907551645319217,0.0,-0.14907551645319217,-0.14907551645319217,1.0,STABILIZED_WILSON_LOWER,636000.0,TRAILING_STOP
1062,2026-06-22,R_TREND_REARM,021240,0.157112832785246,0.0,-0.157112832785246,-0.157112832785246,1.0,STABILIZED_WILSON_LOWER,86000.0,TRAILING_STOP
1063,2026-06-22,B_EQUAL,012330,0.0,0.15,0.15,0.15,1.0,STABILIZED_WILSON_LOWER,569000.0,ENTRY
1064,2026-06-22,B_EQUAL,021240,0.12791036846222162,0.0,-0.12791036846222162,-0.12791036846222162,1.0,STABILIZED_WILSON_LOWER,86000.0,TRAILING_STOP
1065,2026-06-22,B_EQUAL,034730,0.1310699172656216,0.15,0.018930082734378406,0.018930082734378406,1.0,STABILIZED_WILSON_LOWER,730000.0,REBALANCE
1066,2026-06-22,B_EQUAL,278470,0.12264427975738844,0.0,-0.12264427975738844,-0.12264427975738844,1.0,STABILIZED_WILSON_LOWER,373000.0,TRAILING_STOP
1067,2026-06-22,C_CAP10,021240,0.10472321887499493,0.0,-0.10472321887499493,-0.10472321887499493,1.0,STABILIZED_WILSON_LOWER,86000.0,TRAILING_STOP
1068,2026-06-22,C_CAP10,161390,0.09332494501238778,0.0,-0.09332494501238778,-0.09332494501238778,1.0,STABILIZED_WILSON_LOWER,64500.0,TRAILING_STOP
1069,2026-06-22,C_CAP10,180640,0.09306880422062547,0.0,-0.09306880422062547,-0.09306880422062547,1.0,STABILIZED_WILSON_LOWER,113800.0,HARD_STOP
1070,2026-06-22,C_CAP08,012330,0.0797754690395633,0.0,-0.0797754690395633,-0.0797754690395633,1.0,STABILIZED_WILSON_LOWER,569000.0,TRAILING_STOP
1071,2026-06-22,C_CAP08,021240,0.07971539109386971,0.0,-0.07971539109386971,-0.07971539109386971,1.0,STABILIZED_WILSON_LOWER,86000.0,TRAILING_STOP
1072,2026-06-22,C_CAP08,180640,0.07373412380813053,0.0,-0.07373412380813053,-0.07373412380813053,1.0,STABILIZED_WILSON_LOWER,113800.0,HARD_STOP
1073,2026-06-22,C_CAP08,329180,0.07434301982153567,0.0,-0.07434301982153567,-0.07434301982153567,1.0,STABILIZED_WILSON_LOWER,636000.0,TRAILING_STOP
1074,2026-06-22,D_BAND20,021240,0.08426731326983977,0.0,-0.08426731326983977,-0.08426731326983977,1.0,STABILIZED_WILSON_LOWER,86000.0,TRAILING_STOP
1075,2026-06-22,D_BAND20,278470,0.13823439784832292,0.0,-0.13823439784832292,-0.13823439784832292,1.0,STABILIZED_WILSON_LOWER,373000.0,TRAILING_STOP
1076,2026-06-22,E_VOL_RISK,021240,0.09677473995610385,0.0,-0.09677473995610385,-0.09677473995610385,1.0,STABILIZED_WILSON_LOWER,86000.0,TRAILING_STOP
1077,2026-06-22,E_VOL_RISK,329180,0.0924783595222129,0.0,-0.0924783595222129,-0.0924783595222129,1.0,STABILIZED_WILSON_LOWER,636000.0,HARD_STOP
1078,2026-06-23,A0_LEGACY,329180,0.13345216157493378,0.17996810325643497,0.046515941681501194,0.046515941681501194,1.0,STABILIZED_WILSON_LOWER,588000.0,REBALANCE
1079,2026-06-23,X_COOLDOWN5,021240,0.15329794150470813,0.0,-0.15329794150470813,-0.15329794150470813,1.0,STABILIZED_WILSON_LOWER,86000.0,TRAILING_STOP
1080,2026-06-23,B_EQUAL,021240,0.0,0.15,0.15,0.15,1.0,STABILIZED_WILSON_LOWER,86000.0,ENTRY
1081,2026-06-23,C_CAP10,021240,0.0,0.1,0.1,0.1,1.0,STABILIZED_WILSON_LOWER,86000.0,ENTRY
1082,2026-06-23,D_BAND20,012330,0.1277919251516822,0.0,-0.1277919251516822,-0.1277919251516822,1.0,STABILIZED_WILSON_LOWER,510000.0,HARD_STOP
1083,2026-06-23,E_VOL_RISK,161390,0.09795038715867109,0.0,-0.09795038715867109,-0.09795038715867109,1.0,STABILIZED_WILSON_LOWER,61600.0,TRAILING_STOP
1084,2026-06-23,E_VOL_RISK,180640,0.08989113334631309,0.0,-0.08989113334631309,-0.08989113334631309,1.0,STABILIZED_WILSON_LOWER,109600.0,HARD_STOP
1085,2026-06-24,A0_LEGACY,034730,0.19451512790271927,0.25227140856729513,0.05775628066457586,0.05775628066457586,1.0,STABILIZED_WILSON_LOWER,712000.0,REBALANCE
1086,2026-06-24,A0_LEGACY,161390,0.11867292388557633,0.18665663512792147,0.06798371124234513,0.06798371124234513,1.0,STABILIZED_WILSON_LOWER,60300.0,REBALANCE
1087,2026-06-24,X_CAP15_ONLY,161390,0.12798692267258377,0.15,0.022013077327416225,0.022013077327416225,1.0,STABILIZED_WILSON_LOWER,60300.0,REBALANCE
1088,2026-06-24,X_CAP15_ONLY,278470,0.1466786269933188,0.0,-0.1466786269933188,-0.1466786269933188,1.0,STABILIZED_WILSON_LOWER,371000.0,REBALANCE
1089,2026-06-24,X_COOLDOWN5,329180,0.13474277956101666,0.0,-0.13474277956101666,-0.13474277956101666,1.0,STABILIZED_WILSON_LOWER,587000.0,HARD_STOP
1090,2026-06-24,B_EQUAL,012330,0.13810428912284756,0.0,-0.13810428912284756,-0.13810428912284756,1.0,STABILIZED_WILSON_LOWER,509000.0,HARD_STOP
1091,2026-06-24,C_CAP10,329180,0.0897307595441143,0.0,-0.0897307595441143,-0.0897307595441143,1.0,STABILIZED_WILSON_LOWER,587000.0,HARD_STOP
1092,2026-06-24,C_CAP08,021240,0.0,0.08,0.08,0.08,1.0,STABILIZED_WILSON_LOWER,86300.0,ENTRY
1093,2026-06-24,D_BAND20,021240,0.0,0.15,0.15,0.15,1.0,STABILIZED_WILSON_LOWER,86300.0,ENTRY
1094,2026-06-25,X_CAP15_ONLY,034730,0.19032656875262077,0.15,-0.04032656875262078,-0.04032656875262078,1.0,STABILIZED_WILSON_LOWER,858000.0,REBALANCE
1095,2026-06-25,X_CAP15_ONLY,329180,0.13332675792888965,0.15,0.016673242071110345,0.016673242071110345,1.0,STABILIZED_WILSON_LOWER,582000.0,REBALANCE
1096,2026-06-25,A_CURRENT,021240,0.1422229622504164,0.0,-0.1422229622504164,-0.1422229622504164,1.0,STABILIZED_WILSON_LOWER,87000.0,TRAILING_STOP
1097,2026-06-25,A_CURRENT,329180,0.12749454269323526,0.0,-0.12749454269323526,-0.12749454269323526,1.0,STABILIZED_WILSON_LOWER,582000.0,HARD_STOP
1098,2026-06-25,X_COOLDOWN5,012330,0.12497511011832499,0.0,-0.12497511011832499,-0.12497511011832499,1.0,STABILIZED_WILSON_LOWER,513000.0,HARD_STOP
1099,2026-06-25,X_COOLDOWN5,034730,0.18957277803097877,0.15,-0.03957277803097878,-0.03957277803097878,1.0,STABILIZED_WILSON_LOWER,858000.0,REBALANCE
1100,2026-06-25,X_COOLDOWN5,180640,0.0,0.15,0.15,0.15,1.0,STABILIZED_WILSON_LOWER,120900.0,ENTRY
1101,2026-06-25,R_EXIT_RECOVERY,180640,0.0,0.15,0.15,0.15,1.0,STABILIZED_WILSON_LOWER,120900.0,ENTRY
1102,2026-06-25,R_TREND_REARM,329180,0.13661961774242165,0.0,-0.13661961774242165,-0.13661961774242165,1.0,STABILIZED_WILSON_LOWER,582000.0,HARD_STOP
1103,2026-06-25,B_EQUAL,034730,0.17597910269546607,0.15,-0.025979102695466078,-0.025979102695466078,1.0,STABILIZED_WILSON_LOWER,858000.0,REBALANCE
1104,2026-06-25,B_EQUAL,180640,0.0,0.15,0.15,0.15,1.0,STABILIZED_WILSON_LOWER,120900.0,ENTRY
1105,2026-06-25,B_EQUAL,329180,0.11129149616537991,0.0,-0.11129149616537991,-0.11129149616537991,1.0,STABILIZED_WILSON_LOWER,582000.0,HARD_STOP
1106,2026-06-25,C_CAP10,012330,0.08537143031405654,0.0,-0.08537143031405654,-0.08537143031405654,1.0,STABILIZED_WILSON_LOWER,513000.0,HARD_STOP
1107,2026-06-25,C_CAP10,034730,0.12579397285751187,0.1,-0.025793972857511865,-0.025793972857511865,1.0,STABILIZED_WILSON_LOWER,858000.0,REBALANCE
1108,2026-06-25,D_BAND20,180640,0.0,0.15,0.15,0.15,1.0,STABILIZED_WILSON_LOWER,120900.0,ENTRY
1109,2026-06-25,E_VOL_RISK,012330,0.08663108348097977,0.0,-0.08663108348097977,-0.08663108348097977,1.0,STABILIZED_WILSON_LOWER,513000.0,HARD_STOP
1110,2026-06-25,E_VOL_RISK,034730,0.13055499094203282,0.1,-0.030554990942032817,-0.030554990942032817,1.0,STABILIZED_WILSON_LOWER,858000.0,REBALANCE
1111,2026-06-26,A0_LEGACY,012330,0.0779571693856307,0.08817720741568838,0.01022003803005768,0.01022003803005768,1.0,STABILIZED_WILSON_LOWER,486500.0,REBALANCE
1112,2026-06-26,A0_LEGACY,021240,0.07817072215019137,0.09537191840896277,0.017201196258771395,0.017201196258771395,1.0,STABILIZED_WILSON_LOWER,85700.0,REBALANCE
1113,2026-06-26,A0_LEGACY,161390,0.186815322464695,0.14527337172171698,-0.041541950742978034,-0.041541950742978034,1.0,STABILIZED_WILSON_LOWER,62000.0,REBALANCE
1114,2026-06-26,X_CAP15_ONLY,021240,0.09162234761687284,0.15,0.05837765238312716,0.05837765238312716,1.0,STABILIZED_WILSON_LOWER,85700.0,REBALANCE
1115,2026-06-29,A0_LEGACY,180640,0.0,0.19953717177028785,0.19953717177028785,0.19953717177028785,1.0,STABILIZED_WILSON_LOWER,117100.0,ENTRY
1116,2026-06-29,A0_LEGACY,278470,0.14548574642407422,0.0,-0.14548574642407422,-0.14548574642407422,1.0,STABILIZED_WILSON_LOWER,386000.0,REBALANCE
1117,2026-06-29,A_CURRENT,034730,0.1732293644059853,0.0,-0.1732293644059853,-0.1732293644059853,1.0,STABILIZED_WILSON_LOWER,785000.0,TRAILING_STOP
1118,2026-06-29,B_EQUAL,034730,0.13865401922009457,0.0,-0.13865401922009457,-0.13865401922009457,1.0,STABILIZED_WILSON_LOWER,785000.0,TRAILING_STOP
1119,2026-06-29,B_EQUAL,161390,0.0,0.15,0.15,0.15,1.0,STABILIZED_WILSON_LOWER,65100.0,ENTRY
1120,2026-06-29,C_CAP10,034730,0.09182495873051284,0.0,-0.09182495873051284,-0.09182495873051284,1.0,STABILIZED_WILSON_LOWER,785000.0,TRAILING_STOP
1121,2026-06-29,C_CAP08,161390,0.0,0.08,0.08,0.08,1.0,STABILIZED_WILSON_LOWER,65100.0,ENTRY
1122,2026-06-29,D_BAND20,034730,0.16499011010607464,0.0,-0.16499011010607464,-0.16499011010607464,1.0,STABILIZED_WILSON_LOWER,785000.0,TRAILING_STOP
1123,2026-06-29,D_BAND20,161390,0.0,0.15,0.15,0.15,1.0,STABILIZED_WILSON_LOWER,65100.0,ENTRY
1124,2026-06-29,E_VOL_RISK,034730,0.09227694839543904,0.0,-0.09227694839543904,-0.09227694839543904,1.0,STABILIZED_WILSON_LOWER,785000.0,TRAILING_STOP
1125,2026-06-30,A0_LEGACY,012330,0.0877612210774922,0.10950659903538178,0.021745377957889583,0.021745377957889583,1.0,STABILIZED_WILSON_LOWER,500000.0,REBALANCE
1126,2026-06-30,A0_LEGACY,021240,0.09731652752227637,0.11844165555403237,0.021125128031755994,0.021125128031755994,1.0,STABILIZED_WILSON_LOWER,90300.0,REBALANCE
1127,2026-06-30,R_EXIT_RECOVERY,021240,0.0,0.15,0.15,0.15,1.0,STABILIZED_WILSON_LOWER,90300.0,CONFIRMED_REENTRY
1128,2026-06-30,R_TREND_REARM,034730,0.1800521069732972,0.15,-0.030052106973297216,-0.030052106973297216,1.0,STABILIZED_WILSON_LOWER,834000.0,REBALANCE
1129,2026-06-30,B_EQUAL,034730,0.0,0.15,0.15,0.15,1.0,STABILIZED_WILSON_LOWER,834000.0,ENTRY
1130,2026-06-30,C_CAP08,034730,0.09620844244785956,0.08,-0.01620844244785956,-0.01620844244785956,1.0,STABILIZED_WILSON_LOWER,834000.0,REBALANCE
1131,2026-07-01,A0_LEGACY,161390,0.14222412774110915,0.18041388850808207,0.03818976076697292,0.03818976076697292,1.0,STABILIZED_WILSON_LOWER,62800.0,REBALANCE
1132,2026-07-01,A0_LEGACY,329180,0.17615567708117458,0.0,-0.17615567708117458,-0.17615567708117458,1.0,STABILIZED_WILSON_LOWER,615000.0,REBALANCE
1133,2026-07-01,X_CAP15_ONLY,034730,0.13123153272421276,0.15,0.018768467275787237,0.018768467275787237,1.0,STABILIZED_WILSON_LOWER,763000.0,REBALANCE
1134,2026-07-01,A_CURRENT,021240,0.0,0.15,0.15,0.15,1.0,STABILIZED_WILSON_LOWER,95000.0,ENTRY
1135,2026-07-01,X_COOLDOWN5,034730,0.13491253187011254,0.0,-0.13491253187011254,-0.13491253187011254,1.0,STABILIZED_WILSON_LOWER,763000.0,TRAILING_STOP
1136,2026-07-01,R_TREND_REARM,034730,0.13775741433076139,0.0,-0.13775741433076139,-0.13775741433076139,1.0,STABILIZED_WILSON_LOWER,763000.0,TRAILING_STOP
1137,2026-07-01,C_CAP10,034730,0.0,0.1,0.1,0.1,1.0,STABILIZED_WILSON_LOWER,763000.0,ENTRY
1138,2026-07-01,C_CAP08,034730,0.07329269524962871,0.0,-0.07329269524962871,-0.07329269524962871,1.0,STABILIZED_WILSON_LOWER,763000.0,TRAILING_STOP
1139,2026-07-01,D_BAND20,034730,0.0,0.15,0.15,0.15,1.0,STABILIZED_WILSON_LOWER,763000.0,ENTRY
1140,2026-07-02,X_CAP15_ONLY,034730,0.13459679459393484,0.15,0.015403205406065157,0.015403205406065157,1.0,STABILIZED_WILSON_LOWER,683000.0,REBALANCE
1141,2026-07-02,A_CURRENT,161390,0.0,0.15,0.15,0.15,1.0,STABILIZED_WILSON_LOWER,67300.0,ENTRY
1142,2026-07-02,X_COOLDOWN5,161390,0.0,0.15,0.15,0.15,1.0,STABILIZED_WILSON_LOWER,67300.0,ENTRY
1143,2026-07-02,R_EXIT_RECOVERY,034730,0.15367367073210733,0.0,-0.15367367073210733,-0.15367367073210733,1.0,STABILIZED_WILSON_LOWER,683000.0,TRAILING_STOP
1144,2026-07-02,R_EXIT_RECOVERY,180640,0.16549341476361368,0.15,-0.015493414763613683,-0.015493414763613683,1.0,STABILIZED_WILSON_LOWER,131200.0,REBALANCE
1145,2026-07-02,R_TREND_REARM,021240,0.0,0.15,0.15,0.15,1.0,STABILIZED_WILSON_LOWER,96100.0,CONFIRMED_REENTRY
1146,2026-07-02,B_EQUAL,034730,0.12138041844834427,0.0,-0.12138041844834427,-0.12138041844834427,1.0,STABILIZED_WILSON_LOWER,683000.0,HARD_STOP
1147,2026-07-02,C_CAP10,034730,0.09034964645427485,0.0,-0.09034964645427485,-0.09034964645427485,1.0,STABILIZED_WILSON_LOWER,683000.0,HARD_STOP
1148,2026-07-02,C_CAP08,034730,0.0,0.08,0.08,0.08,1.0,STABILIZED_WILSON_LOWER,683000.0,ENTRY
1149,2026-07-02,D_BAND20,034730,0.13375934786621907,0.0,-0.13375934786621907,-0.13375934786621907,1.0,STABILIZED_WILSON_LOWER,683000.0,HARD_STOP
1150,2026-07-02,E_VOL_RISK,161390,0.0,0.1,0.1,0.1,1.0,STABILIZED_WILSON_LOWER,67300.0,ENTRY
1151,2026-07-02,E_VOL_RISK,180640,0.0,0.1,0.1,0.1,1.0,STABILIZED_WILSON_LOWER,131200.0,ENTRY
1152,2026-07-03,X_CAP15_ONLY,012330,0.061820305278268546,0.15,0.08817969472173146,0.08817969472173146,1.0,STABILIZED_WILSON_LOWER,494000.0,REBALANCE
1153,2026-07-03,X_CAP15_ONLY,180640,0.16733289503145382,0.15,-0.017332895031453827,-0.017332895031453827,1.0,STABILIZED_WILSON_LOWER,134000.0,REBALANCE
1154,2026-07-03,X_CAP15_ONLY,329180,0.14653952333126058,0.0,-0.14653952333126058,-0.14653952333126058,1.0,STABILIZED_WILSON_LOWER,577000.0,REBALANCE
1155,2026-07-03,X_COOLDOWN5,180640,0.16631219077384812,0.15,-0.01631219077384813,-0.01631219077384813,1.0,STABILIZED_WILSON_LOWER,134000.0,REBALANCE
1156,2026-07-03,R_TREND_REARM,180640,0.16544131082634983,0.15,-0.015441310826349836,-0.015441310826349836,1.0,STABILIZED_WILSON_LOWER,134000.0,REBALANCE
1157,2026-07-03,C_CAP10,034730,0.0,0.1,0.1,0.1,1.0,STABILIZED_WILSON_LOWER,690000.0,ENTRY
1158,2026-07-03,C_CAP10,161390,0.0,0.1,0.1,0.1,1.0,STABILIZED_WILSON_LOWER,67300.0,ENTRY
1159,2026-07-06,X_CAP15_ONLY,161390,0.16503803798441463,0.15,-0.015038037984414637,-0.015038037984414637,1.0,STABILIZED_WILSON_LOWER,70500.0,REBALANCE
1160,2026-07-06,A_CURRENT,034730,0.0,0.15,0.15,0.15,1.0,STABILIZED_WILSON_LOWER,667000.0,ENTRY
1161,2026-07-06,R_EXIT_RECOVERY,161390,0.0,0.15,0.15,0.15,1.0,STABILIZED_WILSON_LOWER,70500.0,CONFIRMED_REENTRY
1162,2026-07-06,B_EQUAL,034730,0.0,0.15,0.15,0.15,1.0,STABILIZED_WILSON_LOWER,667000.0,ENTRY
1163,2026-07-06,D_BAND20,034730,0.0,0.15,0.15,0.15,1.0,STABILIZED_WILSON_LOWER,667000.0,ENTRY
1164,2026-07-07,A0_LEGACY,161390,0.2120582692557263,0.18041388850808207,-0.031644380747644224,-0.031644380747644224,1.0,STABILIZED_WILSON_LOWER,74100.0,REBALANCE
1165,2026-07-07,X_COOLDOWN5,021240,0.0,0.15,0.15,0.15,1.0,STABILIZED_WILSON_LOWER,96800.0,ENTRY
1166,2026-07-07,B_EQUAL,161390,0.16824612586657806,0.15,-0.01824612586657806,-0.01824612586657806,1.0,STABILIZED_WILSON_LOWER,74100.0,REBALANCE
1167,2026-07-07,B_EQUAL,180640,0.16527094146905896,0.15,-0.015270941469058968,-0.015270941469058968,1.0,STABILIZED_WILSON_LOWER,133800.0,REBALANCE
1168,2026-07-07,C_CAP10,180640,0.0,0.1,0.1,0.1,1.0,STABILIZED_WILSON_LOWER,133800.0,ENTRY
1169,2026-07-07,C_CAP08,034730,0.07315770083692959,0.0,-0.07315770083692959,-0.07315770083692959,1.0,STABILIZED_WILSON_LOWER,626000.0,TRAILING_STOP
1170,2026-07-07,C_CAP08,161390,0.0903177585346957,0.08,-0.0103177585346957,-0.0103177585346957,1.0,STABILIZED_WILSON_LOWER,74100.0,REBALANCE
1171,2026-07-07,C_CAP08,180640,0.0,0.08,0.08,0.08,1.0,STABILIZED_WILSON_LOWER,133800.0,ENTRY
1172,2026-07-07,E_VOL_RISK,034730,0.0,0.1,0.1,0.1,1.0,STABILIZED_WILSON_LOWER,626000.0,ENTRY
1173,2026-07-08,A_CURRENT,034730,0.13615681649102154,0.0,-0.13615681649102154,-0.13615681649102154,1.0,STABILIZED_WILSON_LOWER,596000.0,HARD_STOP
1174,2026-07-08,B_EQUAL,034730,0.1353350689029501,0.0,-0.1353350689029501,-0.1353350689029501,1.0,STABILIZED_WILSON_LOWER,596000.0,HARD_STOP
1175,2026-07-08,C_CAP10,034730,0.08704444600356755,0.0,-0.08704444600356755,-0.08704444600356755,1.0,STABILIZED_WILSON_LOWER,596000.0,HARD_STOP
1176,2026-07-08,E_VOL_RISK,021240,0.0,0.1,0.1,0.1,1.0,STABILIZED_WILSON_LOWER,91700.0,ENTRY
1177,2026-07-09,A0_LEGACY,012330,0.1064263292963009,0.0,-0.1064263292963009,-0.1064263292963009,1.0,STABILIZED_WILSON_LOWER,465000.0,REBALANCE
1178,2026-07-09,A0_LEGACY,180640,0.22230605804986195,0.2821317895453771,0.05982573149551515,0.05982573149551515,1.0,STABILIZED_WILSON_LOWER,126000.0,REBALANCE
1179,2026-07-09,A_CURRENT,021240,0.13755016141615295,0.0,-0.13755016141615295,-0.13755016141615295,1.0,STABILIZED_WILSON_LOWER,85000.0,HARD_STOP
1180,2026-07-09,A_CURRENT,180640,0.0,0.15,0.15,0.15,1.0,STABILIZED_WILSON_LOWER,126000.0,ENTRY
1181,2026-07-09,X_COOLDOWN5,021240,0.1363973155061349,0.0,-0.1363973155061349,-0.1363973155061349,1.0,STABILIZED_WILSON_LOWER,85000.0,HARD_STOP
1182,2026-07-09,R_EXIT_RECOVERY,021240,0.14578476060667336,0.0,-0.14578476060667336,-0.14578476060667336,1.0,STABILIZED_WILSON_LOWER,85000.0,TRAILING_STOP
1183,2026-07-09,B_EQUAL,021240,0.14922136258999993,0.0,-0.14922136258999993,-0.14922136258999993,1.0,STABILIZED_WILSON_LOWER,85000.0,TRAILING_STOP
1184,2026-07-09,C_CAP10,021240,0.10002914631298267,0.0,-0.10002914631298267,-0.10002914631298267,1.0,STABILIZED_WILSON_LOWER,85000.0,TRAILING_STOP
1185,2026-07-09,C_CAP08,021240,0.07863392635742124,0.0,-0.07863392635742124,-0.07863392635742124,1.0,STABILIZED_WILSON_LOWER,85000.0,TRAILING_STOP
1186,2026-07-09,E_VOL_RISK,180640,0.09689491688639465,0.0,-0.09689491688639465,-0.09689491688639465,1.0,STABILIZED_WILSON_LOWER,126000.0,TRAILING_STOP
